id_medico,id_delegado,region,segmento,categoria_2025,cuota_2025,visitas_2025,visitas_plan,delta_visitas,delta_unidades,delta_eur
MED1876,DEL001,Noreste,A,16069,0.206,13,11,-2,-62,-1116
MED1984,DEL001,Noreste,A,13649,0.22,15,10,-5,-125,-2250
MED1893,DEL001,Noreste,A,12804,0.237,11,9,-2,-66,-1188
MED1347,DEL001,Noreste,A,12233,0.198,6,9,3,150,2700
MED0374,DEL001,Noreste,A,11926,0.218,13,9,-4,-107,-1926
MED1975,DEL001,Noreste,A,11481,0.178,2,9,7,619,11142
MED0076,DEL001,Noreste,A,11415,0.26,13,8,-5,-141,-2538
MED1424,DEL001,Noreste,A,8674,0.212,22,7,-15,-224,-4032
MED0266,DEL001,Noreste,B,6293,0.228,4,6,2,91,1638
MED0854,DEL001,Noreste,B,5811,0.231,7,5,-2,-65,-1170
MED0442,DEL001,Noreste,B,5742,0.206,7,5,-2,-64,-1152
MED1392,DEL001,Noreste,B,5728,0.213,4,5,1,47,846
MED1736,DEL001,Noreste,B,5538,0.207,6,5,-1,-35,-630
MED1970,DEL001,Noreste,B,5124,0.141,1,5,4,310,5580
MED1959,DEL001,Noreste,B,4954,0.231,6,5,-1,-31,-558
MED1863,DEL001,Noreste,B,4834,0.171,2,5,3,171,3078
MED0585,DEL001,Noreste,B,4756,0.232,4,5,1,39,702
MED0954,DEL001,Noreste,B,4646,0.12,0,5,5,490,8820
MED1273,DEL001,Noreste,B,4587,0.164,1,4,3,240,4320
MED1562,DEL001,Noreste,B,4394,0.207,4,4,0,0,0
MED1234,DEL001,Noreste,B,4388,0.118,0,4,4,427,7686
MED1081,DEL001,Noreste,B,4105,0.171,2,4,2,112,2016
MED0699,DEL001,Noreste,B,3767,0.211,3,4,1,42,756
MED0867,DEL001,Noreste,B,3663,0.206,4,4,0,0,0
MED1445,DEL001,Noreste,B,3601,0.199,9,4,-5,-96,-1728
MED1169,DEL001,Noreste,C,2430,0.244,4,3,-1,-27,-486
MED1845,DEL001,Noreste,C,2265,0.161,1,2,1,57,1026
MED0577,DEL001,Noreste,C,2151,0.164,1,2,1,54,972
MED1366,DEL001,Noreste,C,2077,0.221,13,2,-11,-131,-2358
MED0100,DEL001,Noreste,C,2073,0.228,2,2,0,0,0
MED1828,DEL001,Noreste,C,2060,0.131,0,2,2,144,2592
MED0216,DEL001,Noreste,C,2059,0.231,2,2,0,0,0
MED0507,DEL001,Noreste,C,2054,0.12,0,2,2,144,2592
MED0367,DEL001,Noreste,C,1878,0.125,0,2,2,132,2376
MED0965,DEL001,Noreste,C,1868,0.171,1,2,1,47,846
MED1535,DEL001,Noreste,C,1847,0.179,1,2,1,46,828
MED0476,DEL001,Noreste,C,1829,0.116,0,2,2,128,2304
MED0348,DEL001,Noreste,C,1824,0.112,0,2,2,128,2304
MED0641,DEL001,Noreste,C,1824,0.165,1,2,1,46,828
MED0643,DEL001,Noreste,C,1790,0.186,2,2,0,0,0
MED0521,DEL001,Noreste,C,1773,0.125,0,2,2,124,2232
MED0693,DEL001,Noreste,C,1754,0.133,0,2,2,123,2214
MED0362,DEL001,Noreste,C,1659,0.137,0,2,2,116,2088
MED1245,DEL001,Noreste,C,1561,0.131,0,2,2,109,1962
MED1744,DEL001,Noreste,C,1532,0.181,2,2,0,0,0
MED1909,DEL001,Noreste,C,1523,0.122,0,2,2,107,1926
MED0967,DEL001,Noreste,C,1508,0.135,0,1,1,68,1224
MED0799,DEL001,Noreste,C,1444,0.132,0,1,1,65,1170
MED1915,DEL001,Noreste,C,1436,0.238,4,1,-3,-75,-1350
MED0101,DEL001,Noreste,C,1411,0.189,3,1,-2,-58,-1044
MED1259,DEL001,Noreste,C,1386,0.185,1,1,0,0,0
MED0740,DEL001,Noreste,C,1339,0.11,0,1,1,60,1080
MED0940,DEL001,Noreste,C,1294,0.224,3,1,-2,-53,-954
MED1386,DEL001,Noreste,C,1284,0.123,0,1,1,58,1044
MED0107,DEL001,Noreste,C,1250,0.204,3,1,-2,-52,-936
MED1521,DEL002,Noroeste,A,13790,0.254,19,11,-8,-153,-2754
MED0058,DEL002,Noroeste,A,12920,0.236,23,10,-13,-212,-3816
MED0363,DEL002,Noroeste,A,11562,0.197,3,10,7,470,8460
MED0386,DEL002,Noroeste,A,11336,0.23,21,10,-11,-170,-3060
MED1674,DEL002,Noroeste,A,8637,0.224,13,8,-5,-106,-1908
MED1944,DEL002,Noroeste,A,7593,0.253,9,7,-2,-56,-1008
MED0897,DEL002,Noroeste,B,6288,0.228,6,6,0,0,0
MED0416,DEL002,Noroeste,B,6198,0.24,3,6,3,159,2862
MED0950,DEL002,Noroeste,B,6038,0.123,0,6,6,675,12150
MED0704,DEL002,Noroeste,B,5579,0.117,0,6,6,624,11232
MED0444,DEL002,Noroeste,B,5062,0.245,4,6,2,73,1314
MED1422,DEL002,Noroeste,B,4984,0.193,4,5,1,41,738
MED0817,DEL002,Noroeste,B,4785,0.249,4,5,1,39,702
MED0770,DEL002,Noroeste,B,4440,0.122,0,5,5,468,8424
MED1800,DEL002,Noroeste,B,4273,0.204,3,5,2,83,1494
MED0390,DEL002,Noroeste,B,4241,0.205,4,5,1,35,630
MED0247,DEL002,Noroeste,B,4095,0.146,1,5,4,248,4464
MED0046,DEL002,Noroeste,B,3915,0.19,2,5,3,139,2502
MED1299,DEL002,Noroeste,B,3536,0.196,6,4,-2,-51,-918
MED1118,DEL002,Noroeste,B,3146,0.18,4,4,0,0,0
MED0409,DEL002,Noroeste,C,2128,0.133,0,3,3,183,3294
MED1571,DEL002,Noroeste,C,1830,0.185,2,2,0,0,0
MED0051,DEL002,Noroeste,C,1756,0.288,7,2,-5,-82,-1476
MED1741,DEL002,Noroeste,C,1747,0.222,2,2,0,0,0
MED0493,DEL002,Noroeste,C,1703,0.128,0,2,2,119,2142
MED1125,DEL002,Noroeste,C,1561,0.14,0,2,2,109,1962
MED0105,DEL002,Noroeste,C,1549,0.131,0,2,2,109,1962
MED0419,DEL002,Noroeste,C,1483,0.185,1,2,1,37,666
MED0634,DEL002,Noroeste,C,1466,0.19,1,2,1,37,666
MED1325,DEL002,Noroeste,C,1447,0.195,5,2,-3,-51,-918
MED0630,DEL002,Noroeste,C,1386,0.232,4,2,-2,-38,-684
MED1180,DEL002,Noroeste,C,1371,0.281,5,2,-3,-49,-882
MED0777,DEL002,Noroeste,C,1343,0.246,2,2,0,0,0
MED0400,DEL002,Noroeste,C,1283,0.218,2,2,0,0,0
MED0009,DEL002,Noroeste,C,1278,0.209,2,2,0,0,0
MED0198,DEL002,Noroeste,C,1247,0.152,1,2,1,31,558
MED1485,DEL002,Noroeste,C,1026,0.122,0,1,1,46,828
MED0789,DEL003,Centro,A,16511,0.22,11,11,0,0,0
MED0885,DEL003,Centro,A,14585,0.206,13,10,-3,-91,-1638
MED1632,DEL003,Centro,A,13335,0.229,17,9,-8,-191,-3438
MED1492,DEL003,Centro,A,13060,0.243,16,9,-7,-172,-3096
MED1815,DEL003,Centro,A,12993,0.2,4,9,5,347,6246
MED0467,DEL003,Centro,A,9187,0.281,18,7,-11,-208,-3744
MED0558,DEL003,Centro,B,6182,0.137,1,5,4,374,6732
MED1560,DEL003,Centro,B,5539,0.182,4,5,1,45,810
MED1593,DEL003,Centro,B,5150,0.238,5,5,0,0,0
MED0523,DEL003,Centro,B,5124,0.168,4,5,1,42,756
MED1283,DEL003,Centro,B,5047,0.114,0,5,5,533,9594
MED1561,DEL003,Centro,B,5047,0.156,5,5,0,0,0
MED0432,DEL003,Centro,B,4650,0.231,4,4,0,0,0
MED0583,DEL003,Centro,B,4573,0.219,5,4,-1,-37,-666
MED0460,DEL003,Centro,B,4489,0.212,5,4,-1,-37,-666
MED0736,DEL003,Centro,B,4355,0.187,2,4,2,118,2124
MED1307,DEL003,Centro,B,3496,0.167,6,3,-3,-90,-1620
MED1625,DEL003,Centro,B,3252,0.152,1,3,2,134,2412
MED1530,DEL003,Centro,B,3036,0.221,4,3,-1,-34,-612
MED1362,DEL003,Centro,C,2359,0.131,0,2,2,165,2970
MED0401,DEL003,Centro,C,1956,0.135,1,2,1,49,882
MED0927,DEL003,Centro,C,1892,0.13,0,2,2,133,2394
MED0621,DEL003,Centro,C,1886,0.19,1,2,1,47,846
MED1531,DEL003,Centro,C,1804,0.186,1,2,1,45,810
MED1751,DEL003,Centro,C,1797,0.123,0,2,2,126,2268
MED0152,DEL003,Centro,C,1791,0.13,0,2,2,126,2268
MED0775,DEL003,Centro,C,1787,0.125,0,2,2,125,2250
MED1190,DEL003,Centro,C,1786,0.12,0,2,2,125,2250
MED1759,DEL003,Centro,C,1745,0.107,0,2,2,122,2196
MED1287,DEL003,Centro,C,1688,0.228,2,2,0,0,0
MED0813,DEL003,Centro,C,1678,0.115,0,2,2,118,2124
MED1344,DEL003,Centro,C,1659,0.141,0,2,2,116,2088
MED0886,DEL003,Centro,C,1653,0.238,6,2,-4,-69,-1242
MED1834,DEL003,Centro,C,1606,0.147,0,2,2,113,2034
MED0430,DEL003,Centro,C,1558,0.191,1,2,1,39,702
MED0253,DEL003,Centro,C,1523,0.17,1,1,0,0,0
MED0018,DEL003,Centro,C,1472,0.139,0,1,1,66,1188
MED0744,DEL003,Centro,C,1421,0.133,0,1,1,64,1152
MED1310,DEL003,Centro,C,1418,0.214,2,1,-1,-36,-648
MED1739,DEL003,Centro,C,1397,0.178,1,1,0,0,0
MED1415,DEL003,Centro,C,889,0.222,7,1,-6,-64,-1152
MED1308,DEL004,Levante,A,15147,0.22,10,11,1,36,648
MED0619,DEL004,Levante,A,13129,0.237,14,10,-4,-102,-1836
MED1649,DEL004,Levante,A,12058,0.274,20,9,-11,-206,-3708
MED0661,DEL004,Levante,A,12025,0.217,24,9,-15,-238,-4284
MED0246,DEL004,Levante,A,8232,0.214,19,7,-12,-194,-3492
MED0551,DEL004,Levante,B,6792,0.103,0,6,6,759,13662
MED1780,DEL004,Levante,B,6094,0.119,0,6,6,681,12258
MED0853,DEL004,Levante,B,5751,0.119,0,6,6,643,11574
MED1514,DEL004,Levante,B,5182,0.172,2,5,3,183,3294
MED0282,DEL004,Levante,B,5121,0.246,4,5,1,42,756
MED0787,DEL004,Levante,B,4464,0.1,0,5,5,471,8478
MED0681,DEL004,Levante,B,4165,0.192,2,4,2,113,2034
MED1500,DEL004,Levante,B,4129,0.143,1,4,3,216,3888
MED1851,DEL004,Levante,B,3975,0.219,4,4,0,0,0
MED0219,DEL004,Levante,B,3905,0.109,0,4,4,380,6840
MED1705,DEL004,Levante,B,3676,0.258,15,4,-11,-142,-2556
MED1588,DEL004,Levante,B,3599,0.288,8,4,-4,-84,-1512
MED0841,DEL004,Levante,B,2530,0.132,0,3,3,218,3924
MED1055,DEL004,Levante,C,2477,0.222,2,3,1,40,720
MED1302,DEL004,Levante,C,2033,0.178,1,2,1,51,918
MED1321,DEL004,Levante,C,1977,0.129,0,2,2,139,2502
MED0346,DEL004,Levante,C,1922,0.194,1,2,1,48,864
MED1846,DEL004,Levante,C,1866,0.137,0,2,2,131,2358
MED1105,DEL004,Levante,C,1862,0.185,1,2,1,47,846
MED1026,DEL004,Levante,C,1816,0.197,3,2,-1,-29,-522
MED1960,DEL004,Levante,C,1750,0.187,2,2,0,0,0
MED1967,DEL004,Levante,C,1685,0.139,0,2,2,118,2124
MED1992,DEL004,Levante,C,1663,0.203,2,2,0,0,0
MED0479,DEL004,Levante,C,1559,0.158,1,2,1,39,702
MED1904,DEL004,Levante,C,1462,0.105,0,2,2,103,1854
MED0389,DEL004,Levante,C,1425,0.161,1,2,1,36,648
MED0519,DEL004,Levante,C,1395,0.123,0,1,1,63,1134
MED0380,DEL004,Levante,C,1379,0.111,0,1,1,62,1116
MED0239,DEL004,Levante,C,1215,0.146,0,1,1,55,990
MED1084,DEL004,Levante,C,1206,0.118,0,1,1,54,972
MED1973,DEL005,Sur,A,11861,0.249,14,10,-4,-92,-1656
MED0530,DEL005,Sur,B,7937,0.25,11,7,-4,-99,-1782
MED0905,DEL005,Sur,B,5929,0.237,10,6,-4,-89,-1602
MED1758,DEL005,Sur,B,5911,0.22,4,6,2,85,1530
MED0694,DEL005,Sur,B,5241,0.202,2,5,3,186,3348
MED1067,DEL005,Sur,B,4879,0.21,7,5,-2,-55,-990
MED1208,DEL005,Sur,B,4691,0.272,8,5,-3,-71,-1278
MED1117,DEL005,Sur,B,4487,0.187,3,5,2,87,1566
MED0686,DEL005,Sur,B,4382,0.218,11,5,-6,-104,-1872
MED1578,DEL005,Sur,B,4231,0.16,1,5,4,256,4608
MED1300,DEL005,Sur,C,2450,0.157,1,3,2,101,1818
MED1938,DEL005,Sur,C,1964,0.117,0,2,2,138,2484
MED0151,DEL005,Sur,C,1854,0.191,2,2,0,0,0
MED1689,DEL005,Sur,C,1782,0.127,0,2,2,125,2250
MED1776,DEL005,Sur,C,1700,0.118,0,2,2,119,2142
MED1728,DEL005,Sur,C,1688,0.116,0,2,2,118,2124
MED1555,DEL005,Sur,C,1672,0.135,0,2,2,117,2106
MED0912,DEL005,Sur,C,1137,0.107,0,1,1,51,918
MED1008,DEL005,Sur,C,830,0.219,2,1,-1,-21,-378
MED0946,DEL006,Noreste,A,16265,0.175,4,12,8,552,9936
MED0161,DEL006,Noreste,A,15571,0.158,16,12,-4,-93,-1674
MED0622,DEL006,Noreste,A,14268,0.225,17,11,-6,-131,-2358
MED0637,DEL006,Noreste,A,13274,0.187,3,11,8,572,10296
MED0496,DEL006,Noreste,A,12868,0.212,16,11,-5,-103,-1854
MED1540,DEL006,Noreste,A,12495,0.241,15,10,-5,-115,-2070
MED1087,DEL006,Noreste,A,11747,0.265,21,10,-11,-177,-3186
MED0859,DEL006,Noreste,A,11177,0.21,7,10,3,113,2034
MED0952,DEL006,Noreste,A,6582,0.259,13,7,-6,-108,-1944
MED1884,DEL006,Noreste,B,6697,0.21,4,7,3,130,2340
MED1729,DEL006,Noreste,B,6465,0.225,13,7,-6,-106,-1908
MED1451,DEL006,Noreste,B,5950,0.178,3,6,3,152,2736
MED0830,DEL006,Noreste,B,5693,0.258,7,6,-1,-28,-504
MED0855,DEL006,Noreste,B,5678,0.156,1,6,5,379,6822
MED0786,DEL006,Noreste,B,5499,0.237,9,6,-3,-68,-1224
MED1375,DEL006,Noreste,B,5347,0.131,0,6,6,598,10764
MED1096,DEL006,Noreste,B,5265,0.247,15,6,-9,-128,-2304
MED0628,DEL006,Noreste,B,4982,0.254,5,6,1,31,558
MED0192,DEL006,Noreste,B,4950,0.182,1,6,5,331,5958
MED1238,DEL006,Noreste,B,4947,0.172,3,6,3,127,2286
MED0053,DEL006,Noreste,B,4758,0.107,0,5,5,502,9036
MED1855,DEL006,Noreste,B,4551,0.246,14,5,-9,-133,-2394
MED0226,DEL006,Noreste,B,4497,0.161,2,5,3,159,2862
MED0588,DEL006,Noreste,B,4456,0.178,4,5,1,36,648
MED0957,DEL006,Noreste,B,4058,0.205,7,5,-2,-46,-828
MED0845,DEL006,Noreste,B,3891,0.215,6,5,-1,-24,-432
MED0167,DEL006,Noreste,B,3674,0.222,7,4,-3,-71,-1278
MED0241,DEL006,Noreste,C,2387,0.222,3,3,0,0,0
MED1393,DEL006,Noreste,C,2318,0.192,2,3,1,37,666
MED1434,DEL006,Noreste,C,2051,0.117,0,3,3,177,3186
MED0870,DEL006,Noreste,C,2049,0.17,2,3,1,33,594
MED1453,DEL006,Noreste,C,1974,0.213,2,3,1,32,576
MED0832,DEL006,Noreste,C,1911,0.214,8,3,-5,-66,-1188
MED1486,DEL006,Noreste,C,1870,0.161,1,2,1,47,846
MED1832,DEL006,Noreste,C,1837,0.147,0,2,2,129,2322
MED0495,DEL006,Noreste,C,1716,0.201,2,2,0,0,0
MED1682,DEL006,Noreste,C,1668,0.176,2,2,0,0,0
MED0969,DEL006,Noreste,C,1647,0.241,4,2,-2,-45,-810
MED0077,DEL006,Noreste,C,1642,0.135,0,2,2,115,2070
MED0411,DEL006,Noreste,C,1591,0.117,0,2,2,112,2016
MED1173,DEL006,Noreste,C,1562,0.146,1,2,1,39,702
MED0014,DEL006,Noreste,C,1534,0.18,1,2,1,39,702
MED0802,DEL006,Noreste,C,1474,0.172,1,2,1,37,666
MED1063,DEL006,Noreste,C,1400,0.134,0,2,2,98,1764
MED1711,DEL006,Noreste,C,1375,0.196,1,2,1,35,630
MED0961,DEL006,Noreste,C,1358,0.184,1,2,1,34,612
MED1895,DEL006,Noreste,C,1325,0.123,0,2,2,93,1674
MED0265,DEL006,Noreste,C,1157,0.122,0,1,1,52,936
MED1333,DEL006,Noreste,C,1084,0.149,1,1,0,0,0
MED0677,DEL006,Noreste,C,862,0.107,0,1,1,39,702
MED0475,DEL007,Noroeste,A,13388,0.229,19,10,-9,-180,-3240
MED0287,DEL007,Noroeste,A,12681,0.264,20,10,-10,-181,-3258
MED1119,DEL007,Noroeste,A,11392,0.206,14,9,-5,-120,-2160
MED0584,DEL007,Noroeste,B,5959,0.154,3,6,3,153,2754
MED0675,DEL007,Noroeste,B,5595,0.164,2,6,4,233,4194
MED1622,DEL007,Noroeste,B,5569,0.206,5,6,1,35,630
MED0613,DEL007,Noroeste,B,5460,0.114,0,5,5,576,10368
MED0863,DEL007,Noroeste,B,5142,0.179,3,5,2,99,1782
MED1707,DEL007,Noroeste,B,4912,0.121,0,5,5,518,9324
MED0132,DEL007,Noroeste,B,4529,0.183,3,5,2,88,1584
MED0059,DEL007,Noroeste,B,4481,0.181,2,5,3,159,2862
MED1912,DEL007,Noroeste,B,4304,0.224,9,5,-4,-80,-1440
MED1610,DEL007,Noroeste,B,3401,0.171,3,4,1,38,684
MED1320,DEL007,Noroeste,C,2325,0.163,1,3,2,96,1728
MED0999,DEL007,Noroeste,C,2163,0.213,3,3,0,0,0
MED1611,DEL007,Noroeste,C,2048,0.163,1,2,1,51,918
MED1516,DEL007,Noroeste,C,2044,0.184,1,2,1,51,918
MED0378,DEL007,Noroeste,C,1963,0.201,1,2,1,49,882
MED1116,DEL007,Noroeste,C,1912,0.123,0,2,2,134,2412
MED1504,DEL007,Noroeste,C,1856,0.15,0,2,2,130,2340
MED1218,DEL007,Noroeste,C,1836,0.159,1,2,1,46,828
MED0542,DEL007,Noroeste,C,1802,0.197,3,2,-1,-29,-522
MED1554,DEL007,Noroeste,C,1793,0.161,1,2,1,45,810
MED0016,DEL007,Noroeste,C,1719,0.232,6,2,-4,-72,-1296
MED1292,DEL007,Noroeste,C,1705,0.122,0,2,2,120,2160
MED0839,DEL007,Noroeste,C,1666,0.221,2,2,0,0,0
MED1618,DEL007,Noroeste,C,1588,0.126,0,2,2,111,1998
MED0381,DEL007,Noroeste,C,1495,0.199,4,2,-2,-41,-738
MED0225,DEL007,Noroeste,C,1494,0.102,0,2,2,105,1890
MED1498,DEL007,Noroeste,C,1299,0.261,8,1,-7,-98,-1764
MED1826,DEL007,Noroeste,C,1286,0.118,0,1,1,58,1044
MED0020,DEL007,Noroeste,C,1178,0.204,3,1,-2,-49,-882
MED0224,DEL008,Centro,A,15230,0.225,14,12,-2,-51,-918
MED0341,DEL008,Centro,A,11521,0.249,24,10,-14,-196,-3528
MED0345,DEL008,Centro,A,10468,0.222,18,9,-9,-160,-2880
MED1685,DEL008,Centro,A,10310,0.209,10,9,-1,-29,-522
MED0269,DEL008,Centro,A,9589,0.263,11,9,-2,-50,-900
MED0125,DEL008,Centro,A,7843,0.223,23,8,-15,-176,-3168
MED0688,DEL008,Centro,B,6731,0.171,3,7,4,206,3708
MED0002,DEL008,Centro,B,6073,0.129,0,6,6,679,12222
MED0587,DEL008,Centro,B,5864,0.144,1,6,5,392,7056
MED0375,DEL008,Centro,B,5508,0.222,9,6,-3,-68,-1224
MED0698,DEL008,Centro,B,5348,0.223,7,6,-1,-26,-468
MED1634,DEL008,Centro,B,5347,0.121,0,6,6,598,10764
MED0323,DEL008,Centro,B,5232,0.204,6,6,0,0,0
MED1072,DEL008,Centro,B,4797,0.225,4,5,1,39,702
MED1782,DEL008,Centro,B,4647,0.133,0,5,5,490,8820
MED0181,DEL008,Centro,B,4624,0.228,5,5,0,0,0
MED0315,DEL008,Centro,B,3846,0.23,5,5,0,0,0
MED0618,DEL008,Centro,B,3579,0.152,1,4,3,187,3366
MED0649,DEL008,Centro,B,3532,0.233,4,4,0,0,0
MED1390,DEL008,Centro,B,3070,0.147,0,4,4,299,5382
MED0763,DEL008,Centro,C,2482,0.136,0,3,3,214,3852
MED0598,DEL008,Centro,C,2211,0.119,0,3,3,191,3438
MED0453,DEL008,Centro,C,2162,0.243,3,3,0,0,0
MED0064,DEL008,Centro,C,2130,0.113,0,3,3,184,3312
MED0576,DEL008,Centro,C,1902,0.188,6,2,-4,-79,-1422
MED1106,DEL008,Centro,C,1830,0.128,0,2,2,128,2304
MED1441,DEL008,Centro,C,1818,0.127,0,2,2,127,2286
MED1355,DEL008,Centro,C,1752,0.182,1,2,1,44,792
MED1743,DEL008,Centro,C,1694,0.188,2,2,0,0,0
MED1597,DEL008,Centro,C,1690,0.192,2,2,0,0,0
MED1813,DEL008,Centro,C,1653,0.122,0,2,2,116,2088
MED0114,DEL008,Centro,C,1652,0.236,8,2,-6,-84,-1512
MED1981,DEL008,Centro,C,1628,0.169,1,2,1,41,738
MED1322,DEL008,Centro,C,1626,0.159,1,2,1,41,738
MED1007,DEL008,Centro,C,1611,0.192,2,2,0,0,0
MED1182,DEL008,Centro,C,1594,0.159,1,2,1,40,720
MED0773,DEL008,Centro,C,1464,0.161,1,2,1,37,666
MED1887,DEL008,Centro,C,1461,0.136,1,2,1,37,666
MED1022,DEL008,Centro,C,1436,0.216,3,2,-1,-23,-414
MED0182,DEL008,Centro,C,1433,0.116,0,2,2,100,1800
MED0160,DEL008,Centro,C,1416,0.181,1,2,1,36,648
MED0990,DEL008,Centro,C,1325,0.215,3,2,-1,-21,-378
MED1080,DEL008,Centro,C,1318,0.124,0,2,2,92,1656
MED0208,DEL008,Centro,C,1218,0.181,1,1,0,0,0
MED0866,DEL008,Centro,C,441,0.17,1,0,-1,-20,-360
MED1818,DEL009,Levante,A,14229,0.224,6,9,3,175,3150
MED1553,DEL009,Levante,A,12334,0.149,1,8,7,935,16830
MED1837,DEL009,Levante,A,11715,0.199,4,8,4,274,4932
MED1491,DEL009,Levante,A,9960,0.253,23,7,-16,-264,-4752
MED0685,DEL009,Levante,B,6416,0.164,2,5,3,227,4086
MED0130,DEL009,Levante,B,5644,0.199,3,5,2,109,1962
MED1318,DEL009,Levante,B,5552,0.219,5,5,0,0,0
MED0303,DEL009,Levante,B,5445,0.126,1,5,4,330,5940
MED0482,DEL009,Levante,B,5211,0.225,4,5,1,43,774
MED0823,DEL009,Levante,B,5138,0.2,4,4,0,0,0
MED0933,DEL009,Levante,B,5036,0.196,2,4,2,137,2466
MED0144,DEL009,Levante,B,4703,0.209,6,4,-2,-68,-1224
MED0858,DEL009,Levante,B,4588,0.208,3,4,1,51,918
MED1702,DEL009,Levante,B,4228,0.151,2,4,2,115,2070
MED1879,DEL009,Levante,B,4015,0.223,4,4,0,0,0
MED0981,DEL009,Levante,B,3951,0.192,3,4,1,44,792
MED0110,DEL009,Levante,B,3792,0.171,2,3,1,61,1098
MED1171,DEL009,Levante,B,3788,0.238,5,3,-2,-73,-1314
MED1971,DEL009,Levante,B,3720,0.188,5,3,-2,-72,-1296
MED0464,DEL009,Levante,C,2570,0.119,0,2,2,180,3240
MED1210,DEL009,Levante,C,2426,0.176,2,2,0,0,0
MED0925,DEL009,Levante,C,1996,0.106,0,2,2,140,2520
MED1079,DEL009,Levante,C,1979,0.237,10,2,-8,-112,-2016
MED1281,DEL009,Levante,C,1926,0.127,0,2,2,135,2430
MED1483,DEL009,Levante,C,1908,0.237,4,2,-2,-52,-936
MED0824,DEL009,Levante,C,1880,0.112,0,2,2,132,2376
MED1961,DEL009,Levante,C,1841,0.223,4,2,-2,-50,-900
MED0578,DEL009,Levante,C,1835,0.22,2,2,0,0,0
MED1211,DEL009,Levante,C,1827,0.124,0,2,2,128,2304
MED1120,DEL009,Levante,C,1822,0.119,0,2,2,128,2304
MED1122,DEL009,Levante,C,1809,0.203,2,2,0,0,0
MED1295,DEL009,Levante,C,1773,0.211,4,2,-2,-48,-864
MED1929,DEL009,Levante,C,1553,0.126,0,1,1,70,1260
MED1908,DEL009,Levante,C,1538,0.18,1,1,0,0,0
MED1188,DEL009,Levante,C,1508,0.203,2,1,-1,-38,-684
MED1406,DEL009,Levante,C,1487,0.201,2,1,-1,-37,-666
MED1882,DEL009,Levante,C,1328,0.15,1,1,0,0,0
MED0109,DEL009,Levante,C,1200,0.259,7,1,-6,-86,-1548
MED1326,DEL010,Sur,A,14316,0.239,23,14,-9,-123,-2214
MED0308,DEL010,Sur,A,13710,0.219,8,13,5,169,3042
MED1616,DEL010,Sur,A,12666,0.259,21,13,-8,-112,-2016
MED1615,DEL010,Sur,A,12623,0.224,20,13,-7,-102,-1836
MED0368,DEL010,Sur,A,12409,0.213,10,13,3,77,1386
MED0553,DEL010,Sur,B,6568,0.184,3,8,5,227,4086
MED0563,DEL010,Sur,B,5718,0.177,1,8,7,433,7794
MED0720,DEL010,Sur,B,5087,0.194,3,7,4,155,2790
MED1703,DEL010,Sur,B,4811,0.247,12,7,-5,-70,-1260
MED1352,DEL010,Sur,B,4673,0.184,5,7,2,52,936
MED0921,DEL010,Sur,B,4356,0.236,4,6,2,63,1134
MED1143,DEL010,Sur,B,4013,0.217,7,6,-1,-20,-360
MED0960,DEL010,Sur,B,3948,0.224,4,6,2,57,1026
MED1646,DEL010,Sur,B,3904,0.134,0,6,6,436,7848
MED1558,DEL010,Sur,B,3719,0.215,4,6,2,54,972
MED1740,DEL010,Sur,B,3713,0.125,1,6,5,248,4464
MED0010,DEL010,Sur,B,3137,0.173,2,5,3,111,1998
MED1974,DEL010,Sur,C,2205,0.273,19,4,-15,-95,-1710
MED1280,DEL010,Sur,C,2067,0.258,12,4,-8,-70,-1260
MED0607,DEL010,Sur,C,1975,0.171,2,4,2,54,972
MED0212,DEL010,Sur,C,1882,0.19,2,3,1,30,540
MED1112,DEL010,Sur,C,1839,0.219,3,3,0,0,0
MED0035,DEL010,Sur,C,1833,0.207,4,3,-1,-20,-360
MED0007,DEL010,Sur,C,1794,0.134,0,3,3,155,2790
MED1726,DEL010,Sur,C,1770,0.134,0,3,3,153,2754
MED1807,DEL010,Sur,C,1724,0.264,16,3,-13,-88,-1584
MED0647,DEL010,Sur,C,1657,0.24,4,3,-1,-18,-324
MED1699,DEL010,Sur,C,1649,0.186,1,3,2,68,1224
MED1038,DEL010,Sur,C,1630,0.207,2,3,1,26,468
MED0443,DEL010,Sur,C,1508,0.167,1,3,2,62,1116
MED0683,DEL010,Sur,C,1403,0.218,2,3,1,23,414
MED0015,DEL010,Sur,C,1397,0.112,0,3,3,120,2160
MED0370,DEL010,Sur,C,1295,0.183,1,2,1,33,594
MED1648,DEL010,Sur,C,1260,0.177,1,2,1,32,576
MED1315,DEL010,Sur,C,1179,0.183,2,2,0,0,0
MED1819,DEL010,Sur,C,1007,0.141,0,2,2,71,1278
MED1988,DEL011,Noreste,A,15401,0.179,3,11,8,663,11934
MED0404,DEL011,Noreste,A,12407,0.209,19,9,-10,-201,-3618
MED1658,DEL011,Noreste,A,11917,0.201,6,9,3,146,2628
MED1977,DEL011,Noreste,A,11533,0.258,17,9,-8,-165,-2970
MED1572,DEL011,Noreste,A,10930,0.232,20,9,-11,-187,-3366
MED0597,DEL011,Noreste,B,6226,0.239,6,6,0,0,0
MED0119,DEL011,Noreste,B,5826,0.117,0,6,6,651,11718
MED1687,DEL011,Noreste,B,5691,0.206,4,6,2,82,1476
MED1513,DEL011,Noreste,B,5506,0.206,4,5,1,45,810
MED0256,DEL011,Noreste,B,5296,0.136,0,5,5,559,10062
MED1883,DEL011,Noreste,B,5210,0.219,4,5,1,43,774
MED1913,DEL011,Noreste,B,5168,0.163,1,5,4,313,5634
MED1874,DEL011,Noreste,B,5069,0.24,8,5,-3,-77,-1386
MED1327,DEL011,Noreste,B,4844,0.16,2,5,3,171,3078
MED0188,DEL011,Noreste,B,4764,0.11,0,5,5,503,9054
MED0433,DEL011,Noreste,B,4705,0.18,3,5,2,91,1638
MED1158,DEL011,Noreste,B,4577,0.193,4,5,1,37,666
MED0079,DEL011,Noreste,B,4484,0.12,1,5,4,271,4878
MED1501,DEL011,Noreste,B,4461,0.251,13,5,-8,-123,-2214
MED0766,DEL011,Noreste,B,4435,0.227,6,5,-1,-28,-504
MED0137,DEL011,Noreste,B,4268,0.25,11,5,-6,-101,-1818
MED0049,DEL011,Noreste,B,4003,0.136,2,4,2,109,1962
MED1150,DEL011,Noreste,B,3850,0.221,4,4,0,0,0
MED0304,DEL011,Noreste,B,3563,0.242,5,4,-1,-29,-522
MED0580,DEL011,Noreste,B,3521,0.207,3,4,1,39,702
MED1829,DEL011,Noreste,B,3394,0.201,3,4,1,38,684
MED0700,DEL011,Noreste,B,3296,0.221,5,4,-1,-27,-486
MED1820,DEL011,Noreste,B,2977,0.18,3,3,0,0,0
MED1331,DEL011,Noreste,C,1882,0.176,2,2,0,0,0
MED0671,DEL011,Noreste,C,1852,0.208,2,2,0,0,0
MED1164,DEL011,Noreste,C,1791,0.182,1,2,1,45,810
MED0692,DEL011,Noreste,C,1767,0.108,0,2,2,124,2232
MED0264,DEL011,Noreste,C,1702,0.227,2,2,0,0,0
MED1822,DEL011,Noreste,C,1663,0.118,0,2,2,117,2106
MED1853,DEL011,Noreste,C,1663,0.272,6,2,-4,-69,-1242
MED1654,DEL011,Noreste,C,1630,0.194,2,2,0,0,0
MED1889,DEL011,Noreste,C,1621,0.188,1,2,1,41,738
MED1948,DEL011,Noreste,C,1548,0.182,2,2,0,0,0
MED1643,DEL011,Noreste,C,1495,0.172,1,2,1,38,684
MED0838,DEL011,Noreste,C,1481,0.122,0,2,2,104,1872
MED1168,DEL011,Noreste,C,1397,0.178,2,2,0,0,0
MED0330,DEL011,Noreste,C,1384,0.121,0,2,2,97,1746
MED0083,DEL011,Noreste,C,1382,0.242,8,1,-7,-105,-1890
MED0437,DEL011,Noreste,C,1304,0.252,2,1,-1,-33,-594
MED1791,DEL011,Noreste,C,1166,0.125,0,1,1,52,936
MED1023,DEL011,Noreste,C,1130,0.196,2,1,-1,-28,-504
MED0615,DEL011,Noreste,C,1088,0.131,0,1,1,49,882
MED0508,DEL011,Noreste,C,1039,0.183,1,1,0,0,0
MED1749,DEL012,Noroeste,A,12952,0.216,19,12,-7,-117,-2106
MED1955,DEL012,Noroeste,A,11617,0.243,21,11,-10,-147,-2646
MED0011,DEL012,Noroeste,A,11596,0.237,23,11,-12,-162,-2916
MED1844,DEL012,Noroeste,A,10315,0.178,5,10,5,220,3960
MED0991,DEL012,Noroeste,A,7684,0.222,17,8,-9,-135,-2430
MED0654,DEL012,Noroeste,B,5255,0.18,6,6,0,0,0
MED1605,DEL012,Noroeste,B,4875,0.255,12,6,-6,-95,-1710
MED1994,DEL012,Noroeste,B,4870,0.127,0,6,6,544,9792
MED1570,DEL012,Noroeste,B,4856,0.181,3,6,3,124,2232
MED0236,DEL012,Noroeste,B,4793,0.217,4,6,2,69,1242
MED0395,DEL012,Noroeste,B,4381,0.103,0,6,6,490,8820
MED0284,DEL012,Noroeste,B,3597,0.165,2,5,3,127,2286
MED1495,DEL012,Noroeste,B,3512,0.13,0,5,5,371,6678
MED0148,DEL012,Noroeste,B,2575,0.178,1,4,3,135,2430
MED1652,DEL012,Noroeste,C,2277,0.249,3,3,0,0,0
MED0568,DEL012,Noroeste,C,1881,0.257,5,3,-2,-36,-648
MED1256,DEL012,Noroeste,C,1881,0.141,0,3,3,162,2916
MED0949,DEL012,Noroeste,C,1810,0.127,0,3,3,156,2808
MED0731,DEL012,Noroeste,C,1751,0.196,2,3,1,28,504
MED1583,DEL012,Noroeste,C,1689,0.118,0,3,3,146,2628
MED0270,DEL012,Noroeste,C,1638,0.128,0,2,2,115,2070
MED1247,DEL012,Noroeste,C,1536,0.197,1,2,1,39,702
MED1696,DEL012,Noroeste,C,1328,0.225,3,2,-1,-21,-378
MED1677,DEL012,Noroeste,C,1153,0.212,2,2,0,0,0
MED1916,DEL012,Noroeste,C,1034,0.133,0,1,1,47,846
MED0522,DEL013,Centro,A,16167,0.257,15,12,-3,-77,-1386
MED0272,DEL013,Centro,A,13803,0.227,13,11,-2,-53,-954
MED0748,DEL013,Centro,A,13654,0.233,17,11,-6,-125,-2250
MED1194,DEL013,Centro,A,13418,0.194,15,10,-5,-123,-2214
MED0080,DEL013,Centro,A,12605,0.198,6,10,4,190,3420
MED0383,DEL013,Centro,A,12576,0.222,18,10,-8,-158,-2844
MED0758,DEL013,Centro,A,10729,0.227,10,9,-1,-30,-540
MED1575,DEL013,Centro,A,10631,0.219,14,9,-5,-112,-2016
MED0194,DEL013,Centro,B,6255,0.195,3,6,3,160,2880
MED0096,DEL013,Centro,B,6061,0.111,0,6,6,678,12204
MED1551,DEL013,Centro,B,5821,0.178,3,6,3,149,2682
MED1890,DEL013,Centro,B,5408,0.203,7,6,-1,-27,-486
MED1134,DEL013,Centro,B,5192,0.162,1,6,5,347,6246
MED0275,DEL013,Centro,B,5039,0.205,3,5,2,97,1746
MED1242,DEL013,Centro,B,4962,0.175,3,5,2,96,1728
MED0117,DEL013,Centro,B,4478,0.132,1,5,4,271,4878
MED1642,DEL013,Centro,B,4121,0.214,4,5,1,34,612
MED0129,DEL013,Centro,B,4117,0.206,4,5,1,34,612
MED1631,DEL013,Centro,B,3951,0.275,9,4,-5,-106,-1908
MED1385,DEL013,Centro,B,2926,0.235,22,4,-18,-132,-2376
MED1215,DEL013,Centro,B,2058,0.19,5,3,-2,-40,-720
MED1607,DEL013,Centro,C,2437,0.136,0,3,3,210,3780
MED0349,DEL013,Centro,C,2036,0.117,0,3,3,175,3150
MED1816,DEL013,Centro,C,2019,0.143,0,2,2,142,2556
MED1484,DEL013,Centro,C,1999,0.127,0,2,2,140,2520
MED0234,DEL013,Centro,C,1995,0.132,1,2,1,50,900
MED1092,DEL013,Centro,C,1917,0.156,1,2,1,48,864
MED0571,DEL013,Centro,C,1892,0.202,2,2,0,0,0
MED1833,DEL013,Centro,C,1814,0.138,0,2,2,127,2286
MED1304,DEL013,Centro,C,1770,0.185,1,2,1,45,810
MED1723,DEL013,Centro,C,1744,0.113,0,2,2,122,2196
MED0031,DEL013,Centro,C,1735,0.217,2,2,0,0,0
MED0524,DEL013,Centro,C,1726,0.117,0,2,2,121,2178
MED1262,DEL013,Centro,C,1650,0.22,3,2,-1,-27,-486
MED1713,DEL013,Centro,C,1642,0.114,0,2,2,115,2070
MED0501,DEL013,Centro,C,1493,0.109,0,2,2,105,1890
MED0115,DEL013,Centro,C,1467,0.104,0,2,2,103,1854
MED1261,DEL013,Centro,C,1447,0.255,4,2,-2,-39,-702
MED1920,DEL013,Centro,C,1426,0.114,0,2,2,100,1800
MED1361,DEL013,Centro,C,1382,0.16,1,2,1,35,630
MED1129,DEL013,Centro,C,1363,0.178,1,2,1,34,612
MED1357,DEL013,Centro,C,1319,0.217,2,2,0,0,0
MED0450,DEL013,Centro,C,1235,0.22,5,1,-4,-75,-1350
MED1523,DEL013,Centro,C,1158,0.139,0,1,1,52,936
MED0937,DEL013,Centro,C,1108,0.113,0,1,1,50,900
MED0512,DEL013,Centro,C,1057,0.114,0,1,1,48,864
MED0714,DEL014,Levante,A,13959,0.226,12,10,-2,-62,-1116
MED0312,DEL014,Levante,A,12924,0.156,2,9,7,697,12546
MED0457,DEL014,Levante,A,12823,0.222,12,9,-3,-93,-1674
MED0718,DEL014,Levante,A,11820,0.094,0,9,9,1467,26406
MED0616,DEL014,Levante,A,11341,0.172,2,9,7,612,11016
MED0197,DEL014,Levante,A,7638,0.248,23,7,-16,-202,-3636
MED0893,DEL014,Levante,A,6667,0.244,19,6,-13,-190,-3420
MED1712,DEL014,Levante,B,6538,0.171,4,6,2,95,1710
MED1766,DEL014,Levante,B,6506,0.16,1,6,5,435,7830
MED0918,DEL014,Levante,B,5981,0.23,6,6,0,0,0
MED0300,DEL014,Levante,B,5617,0.237,6,5,-1,-35,-630
MED0574,DEL014,Levante,B,5209,0.201,8,5,-3,-79,-1422
MED0431,DEL014,Levante,B,5185,0.232,15,5,-10,-158,-2844
MED1289,DEL014,Levante,B,4986,0.169,2,5,3,176,3168
MED0317,DEL014,Levante,B,4929,0.206,5,5,0,0,0
MED1132,DEL014,Levante,B,4684,0.226,5,5,0,0,0
MED0329,DEL014,Levante,B,4504,0.182,2,5,3,159,2862
MED1617,DEL014,Levante,B,4438,0.167,3,5,2,86,1548
MED1576,DEL014,Levante,B,4359,0.212,3,4,1,49,882
MED0511,DEL014,Levante,B,4157,0.114,0,4,4,405,7290
MED0231,DEL014,Levante,B,4070,0.197,2,4,2,111,1998
MED0391,DEL014,Levante,B,3919,0.12,0,4,4,381,6858
MED1181,DEL014,Levante,B,3893,0.209,3,4,1,43,774
MED0995,DEL014,Levante,B,3711,0.241,7,4,-3,-72,-1296
MED0098,DEL014,Levante,B,3434,0.134,0,4,4,334,6012
MED0295,DEL014,Levante,B,3431,0.234,6,4,-2,-50,-900
MED1574,DEL014,Levante,B,2902,0.124,0,3,3,250,4500
MED0545,DEL014,Levante,C,2011,0.148,0,2,2,141,2538
MED1121,DEL014,Levante,C,1979,0.116,0,2,2,139,2502
MED0861,DEL014,Levante,C,1934,0.253,5,2,-3,-68,-1224
MED0384,DEL014,Levante,C,1918,0.181,1,2,1,48,864
MED1512,DEL014,Levante,C,1908,0.219,3,2,-1,-31,-558
MED0237,DEL014,Levante,C,1851,0.232,2,2,0,0,0
MED0708,DEL014,Levante,C,1739,0.17,1,2,1,44,792
MED1701,DEL014,Levante,C,1664,0.153,1,2,1,42,756
MED1524,DEL014,Levante,C,1636,0.236,3,2,-1,-26,-468
MED1439,DEL014,Levante,C,1586,0.256,10,2,-8,-90,-1620
MED0281,DEL014,Levante,C,1585,0.191,1,2,1,40,720
MED1447,DEL014,Levante,C,1546,0.202,3,2,-1,-25,-450
MED0678,DEL014,Levante,C,1545,0.218,2,2,0,0,0
MED1724,DEL014,Levante,C,1539,0.099,0,2,2,108,1944
MED0153,DEL014,Levante,C,1478,0.117,0,2,2,104,1872
MED0798,DEL014,Levante,C,1473,0.165,1,2,1,37,666
MED0785,DEL014,Levante,C,1440,0.204,2,2,0,0,0
MED1738,DEL014,Levante,C,1413,0.155,1,1,0,0,0
MED0526,DEL014,Levante,C,1400,0.126,0,1,1,63,1134
MED1309,DEL014,Levante,C,1388,0.18,1,1,0,0,0
MED1035,DEL014,Levante,C,1352,0.207,4,1,-3,-71,-1278
MED0657,DEL014,Levante,C,1204,0.189,1,1,0,0,0
MED0928,DEL014,Levante,C,1201,0.123,0,1,1,54,972
MED0664,DEL014,Levante,C,1090,0.224,3,1,-2,-45,-810
MED0970,DEL015,Sur,A,13065,0.24,13,10,-3,-81,-1458
MED1675,DEL015,Sur,A,12866,0.231,10,10,0,0,0
MED1365,DEL015,Sur,A,12523,0.243,17,10,-7,-144,-2592
MED0486,DEL015,Sur,A,11519,0.261,15,10,-5,-106,-1908
MED0449,DEL015,Sur,B,7104,0.145,1,7,6,510,9180
MED1752,DEL015,Sur,B,5914,0.213,4,6,2,85,1530
MED1933,DEL015,Sur,B,5503,0.246,4,6,2,80,1440
MED1587,DEL015,Sur,B,5439,0.239,6,6,0,0,0
MED1639,DEL015,Sur,B,5274,0.143,1,6,5,352,6336
MED1024,DEL015,Sur,B,5066,0.222,6,6,0,0,0
MED0052,DEL015,Sur,B,4741,0.209,3,5,2,92,1656
MED1789,DEL015,Sur,B,4727,0.247,9,5,-4,-88,-1584
MED0878,DEL015,Sur,B,4621,0.187,4,5,1,38,684
MED1407,DEL015,Sur,B,3881,0.158,1,5,4,235,4230
MED0764,DEL015,Sur,B,3092,0.228,6,4,-2,-45,-810
MED1373,DEL015,Sur,B,2783,0.206,5,3,-2,-54,-972
MED1790,DEL015,Sur,C,1986,0.121,0,3,3,171,3078
MED1480,DEL015,Sur,C,1954,0.166,2,3,1,31,558
MED1467,DEL015,Sur,C,1775,0.241,2,2,0,0,0
MED0140,DEL015,Sur,C,1739,0.181,2,2,0,0,0
MED1130,DEL015,Sur,C,1647,0.108,0,2,2,115,2070
MED1045,DEL015,Sur,C,1629,0.253,12,2,-10,-100,-1800
MED1018,DEL015,Sur,C,1555,0.116,0,2,2,109,1962
MED0768,DEL015,Sur,C,1534,0.169,1,2,1,39,702
MED0627,DEL015,Sur,C,1469,0.128,0,2,2,103,1854
MED1802,DEL015,Sur,C,1431,0.14,0,2,2,100,1800
MED1978,DEL015,Sur,C,1341,0.206,2,2,0,0,0
MED1968,DEL015,Sur,C,1320,0.244,4,2,-2,-36,-648
MED1442,DEL015,Sur,C,1124,0.179,1,1,0,0,0
MED0540,DEL016,Noreste,A,13882,0.243,15,12,-3,-66,-1188
MED1517,DEL016,Noreste,A,13344,0.203,11,11,0,0,0
MED1456,DEL016,Noreste,A,12501,0.199,5,11,6,297,5346
MED1720,DEL016,Noreste,A,11668,0.203,16,10,-6,-121,-2178
MED0214,DEL016,Noreste,A,8984,0.201,3,9,6,340,6120
MED1623,DEL016,Noreste,A,8797,0.24,18,9,-9,-135,-2430
MED1107,DEL016,Noreste,B,6242,0.21,6,7,1,31,558
MED0048,DEL016,Noreste,B,5658,0.276,14,6,-8,-129,-2322
MED1795,DEL016,Noreste,B,5535,0.215,4,6,2,80,1440
MED1923,DEL016,Noreste,B,5340,0.219,6,6,0,0,0
MED1466,DEL016,Noreste,B,5072,0.192,3,6,3,130,2340
MED0676,DEL016,Noreste,B,4833,0.154,3,6,3,124,2232
MED0424,DEL016,Noreste,B,4677,0.226,10,6,-4,-71,-1278
MED1693,DEL016,Noreste,B,4635,0.286,18,6,-12,-128,-2304
MED0609,DEL016,Noreste,B,4381,0.123,0,5,5,462,8316
MED1656,DEL016,Noreste,B,4295,0.214,3,5,2,83,1494
MED0655,DEL016,Noreste,B,4206,0.131,0,5,5,444,7992
MED1817,DEL016,Noreste,B,4161,0.209,6,5,-1,-26,-468
MED1078,DEL016,Noreste,B,4042,0.207,3,5,2,78,1404
MED1455,DEL016,Noreste,B,3842,0.27,8,5,-3,-59,-1062
MED1159,DEL016,Noreste,B,3786,0.184,3,5,2,73,1314
MED1716,DEL016,Noreste,B,3639,0.214,3,5,2,70,1260
MED1543,DEL016,Noreste,B,2918,0.222,5,4,-1,-24,-432
MED1064,DEL016,Noreste,B,2533,0.238,5,3,-2,-49,-882
MED0285,DEL016,Noreste,C,2285,0.231,3,3,0,0,0
MED0821,DEL016,Noreste,C,2254,0.265,7,3,-4,-69,-1242
MED1319,DEL016,Noreste,C,2162,0.127,0,3,3,186,3348
MED0154,DEL016,Noreste,C,2110,0.123,0,3,3,182,3276
MED1477,DEL016,Noreste,C,2028,0.201,2,3,1,33,594
MED1387,DEL016,Noreste,C,1913,0.263,3,3,0,0,0
MED0904,DEL016,Noreste,C,1840,0.113,0,3,3,159,2862
MED0483,DEL016,Noreste,C,1756,0.22,2,2,0,0,0
MED1465,DEL016,Noreste,C,1680,0.187,1,2,1,42,756
MED0536,DEL016,Noreste,C,1609,0.181,1,2,1,40,720
MED0155,DEL016,Noreste,C,1581,0.139,0,2,2,111,1998
MED0043,DEL016,Noreste,C,1531,0.238,8,2,-6,-78,-1404
MED0552,DEL016,Noreste,C,1503,0.197,1,2,1,38,684
MED1039,DEL016,Noreste,C,1486,0.127,0,2,2,104,1872
MED1003,DEL016,Noreste,C,1464,0.137,0,2,2,103,1854
MED0087,DEL016,Noreste,C,1450,0.152,1,2,1,36,648
MED0831,DEL016,Noreste,C,1434,0.192,2,2,0,0,0
MED1097,DEL016,Noreste,C,1352,0.214,3,2,-1,-22,-396
MED0755,DEL016,Noreste,C,1337,0.114,0,2,2,94,1692
MED1332,DEL016,Noreste,C,1200,0.181,1,2,1,30,540
MED1269,DEL016,Noreste,C,1189,0.201,2,2,0,0,0
MED0880,DEL016,Noreste,C,1176,0.124,0,2,2,82,1476
MED0170,DEL016,Noreste,C,1150,0.223,3,2,-1,-18,-324
MED0415,DEL016,Noreste,C,1114,0.241,5,1,-4,-67,-1206
MED1771,DEL016,Noreste,C,1002,0.131,0,1,1,45,810
MED1541,DEL017,Noroeste,A,13974,0.232,16,11,-5,-112,-2016
MED0279,DEL017,Noroeste,A,13719,0.212,5,11,6,325,5850
MED0517,DEL017,Noroeste,A,13166,0.199,5,11,6,312,5616
MED1221,DEL017,Noroeste,A,12700,0.253,22,10,-12,-200,-3600
MED0784,DEL017,Noroeste,A,12681,0.205,4,10,6,374,6732
MED1875,DEL017,Noroeste,A,12591,0.234,23,10,-13,-206,-3708
MED1584,DEL017,Noroeste,A,11735,0.24,22,10,-12,-185,-3330
MED1432,DEL017,Noroeste,A,10177,0.227,15,9,-6,-122,-2196
MED0458,DEL017,Noroeste,B,5588,0.142,1,6,5,373,6714
MED1266,DEL017,Noroeste,B,5280,0.17,2,6,4,220,3960
MED0889,DEL017,Noroeste,B,5276,0.144,0,6,6,590,10620
MED1136,DEL017,Noroeste,B,5042,0.194,3,6,3,129,2322
MED1888,DEL017,Noroeste,B,4855,0.207,4,5,1,40,720
MED1499,DEL017,Noroeste,B,4069,0.109,0,5,5,429,7722
MED1124,DEL017,Noroeste,C,2225,0.111,0,3,3,192,3456
MED0149,DEL017,Noroeste,C,2130,0.235,5,3,-2,-41,-738
MED1730,DEL017,Noroeste,C,2109,0.125,0,3,3,182,3276
MED0163,DEL017,Noroeste,C,1995,0.257,3,3,0,0,0
MED0500,DEL017,Noroeste,C,1970,0.212,3,3,0,0,0
MED0975,DEL017,Noroeste,C,1895,0.13,0,2,2,133,2394
MED0057,DEL017,Noroeste,C,1823,0.208,2,2,0,0,0
MED0800,DEL017,Noroeste,C,1733,0.182,2,2,0,0,0
MED0774,DEL017,Noroeste,C,1711,0.16,1,2,1,43,774
MED1896,DEL017,Noroeste,C,1620,0.206,1,2,1,41,738
MED1804,DEL017,Noroeste,C,1601,0.161,1,2,1,40,720
MED0554,DEL017,Noroeste,C,1583,0.204,2,2,0,0,0
MED0468,DEL017,Noroeste,C,1572,0.112,0,2,2,110,1980
MED1881,DEL017,Noroeste,C,1539,0.168,1,2,1,39,702
MED0737,DEL017,Noroeste,C,1464,0.129,0,2,2,103,1854
MED0842,DEL017,Noroeste,C,1433,0.193,3,2,-1,-23,-414
MED1640,DEL017,Noroeste,C,1423,0.113,0,2,2,100,1800
MED1672,DEL017,Noroeste,C,1370,0.187,3,2,-1,-22,-396
MED0172,DEL017,Noroeste,C,1366,0.109,0,2,2,96,1728
MED1715,DEL017,Noroeste,C,1229,0.274,12,1,-11,-106,-1908
MED1939,DEL017,Noroeste,C,1098,0.104,0,1,1,49,882
MED0353,DEL018,Centro,A,15291,0.242,21,12,-9,-162,-2916
MED0388,DEL018,Centro,A,14564,0.247,17,12,-5,-103,-1854
MED1779,DEL018,Centro,A,14191,0.234,16,12,-4,-85,-1530
MED1633,DEL018,Centro,A,12980,0.229,15,11,-4,-88,-1584
MED0573,DEL018,Centro,A,12825,0.24,17,11,-6,-117,-2106
MED1545,DEL018,Centro,A,12443,0.226,8,11,3,106,1908
MED1592,DEL018,Centro,A,12392,0.263,16,11,-5,-100,-1800
MED0446,DEL018,Centro,A,10569,0.249,11,10,-1,-25,-450
MED0040,DEL018,Centro,A,9982,0.253,13,10,-3,-62,-1116
MED1698,DEL018,Centro,A,9438,0.204,21,9,-12,-168,-3024
MED0730,DEL018,Centro,A,8995,0.241,16,9,-7,-119,-2142
MED0543,DEL018,Centro,A,8147,0.231,21,8,-13,-172,-3096
MED1187,DEL018,Centro,A,6730,0.263,21,7,-14,-169,-3042
MED1411,DEL018,Centro,B,7860,0.19,2,8,6,398,7164
MED1963,DEL018,Centro,B,6305,0.131,1,7,6,452,8136
MED0567,DEL018,Centro,B,6257,0.139,0,7,7,730,13140
MED1225,DEL018,Centro,B,6220,0.238,7,7,0,0,0
MED1139,DEL018,Centro,B,5550,0.166,3,6,3,142,2556
MED0050,DEL018,Centro,B,5482,0.255,7,6,-1,-27,-486
MED0703,DEL018,Centro,B,5434,0.198,7,6,-1,-27,-486
MED1946,DEL018,Centro,B,4972,0.133,0,6,6,556,10008
MED0757,DEL018,Centro,B,4902,0.211,6,6,0,0,0
MED1057,DEL018,Centro,B,4798,0.144,1,6,5,321,5778
MED1443,DEL018,Centro,B,4681,0.131,1,6,5,313,5634
MED1037,DEL018,Centro,B,4593,0.192,5,6,1,29,522
MED1412,DEL018,Centro,B,3795,0.163,2,5,3,134,2412
MED1932,DEL018,Centro,B,3779,0.182,2,5,3,134,2412
MED0518,DEL018,Centro,B,3496,0.191,3,5,2,68,1224
MED1364,DEL018,Centro,B,1525,0.188,3,2,-1,-24,-432
MED0888,DEL018,Centro,C,2221,0.13,0,3,3,191,3438
MED0541,DEL018,Centro,C,2161,0.18,1,3,2,89,1602
MED1680,DEL018,Centro,C,2113,0.123,0,3,3,182,3276
MED0228,DEL018,Centro,C,2013,0.161,1,3,2,83,1494
MED0221,DEL018,Centro,C,1931,0.116,0,3,3,166,2988
MED1878,DEL018,Centro,C,1860,0.128,0,3,3,160,2880
MED1767,DEL018,Centro,C,1758,0.17,1,3,2,72,1296
MED1252,DEL018,Centro,C,1703,0.114,0,2,2,119,2142
MED1340,DEL018,Centro,C,1673,0.166,1,2,1,42,756
MED1754,DEL018,Centro,C,1659,0.207,5,2,-3,-59,-1062
MED0204,DEL018,Centro,C,1639,0.239,2,2,0,0,0
MED1160,DEL018,Centro,C,1563,0.106,0,2,2,110,1980
MED0735,DEL018,Centro,C,1555,0.138,0,2,2,109,1962
MED0133,DEL018,Centro,C,1475,0.119,0,2,2,103,1854
MED0945,DEL018,Centro,C,1467,0.114,0,2,2,103,1854
MED0790,DEL018,Centro,C,1443,0.157,1,2,1,36,648
MED0873,DEL018,Centro,C,1430,0.109,0,2,2,100,1800
MED1599,DEL018,Centro,C,1366,0.141,0,2,2,96,1728
MED1176,DEL018,Centro,C,1314,0.112,0,2,2,92,1656
MED0008,DEL018,Centro,C,1243,0.117,0,2,2,87,1566
MED1627,DEL018,Centro,C,949,0.105,0,1,1,43,774
MED0365,DEL019,Levante,A,18586,0.189,10,11,1,44,792
MED1437,DEL019,Levante,A,16444,0.276,11,10,-1,-39,-702
MED0396,DEL019,Levante,A,13774,0.21,7,9,2,101,1818
MED1123,DEL019,Levante,B,6369,0.123,0,5,5,672,12096
MED0753,DEL019,Levante,B,5399,0.187,3,5,2,104,1872
MED0200,DEL019,Levante,B,5359,0.203,8,5,-3,-82,-1476
MED1989,DEL019,Levante,B,5330,0.112,0,5,5,562,10116
MED1394,DEL019,Levante,B,5115,0.179,3,4,1,57,1026
MED0340,DEL019,Levante,B,5112,0.203,3,4,1,57,1026
MED1559,DEL019,Levante,B,4953,0.161,3,4,1,55,990
MED1556,DEL019,Levante,B,4778,0.238,9,4,-5,-128,-2304
MED1205,DEL019,Levante,B,4614,0.196,3,4,1,51,918
MED1199,DEL019,Levante,B,4561,0.257,18,4,-14,-192,-3456
MED1073,DEL019,Levante,B,4549,0.144,2,4,2,124,2232
MED0864,DEL019,Levante,B,4346,0.237,6,4,-2,-63,-1134
MED1001,DEL019,Levante,B,4179,0.196,3,4,1,47,846
MED1774,DEL019,Levante,B,3406,0.114,0,3,3,294,5292
MED0359,DEL019,Levante,B,2543,0.195,5,2,-3,-90,-1620
MED0102,DEL019,Levante,C,2522,0.23,4,2,-2,-69,-1242
MED1613,DEL019,Levante,C,2511,0.201,2,2,0,0,0
MED0262,DEL019,Levante,C,2479,0.115,0,2,2,174,3132
MED0250,DEL019,Levante,C,2069,0.164,2,2,0,0,0
MED0820,DEL019,Levante,C,2052,0.121,0,2,2,144,2592
MED0642,DEL019,Levante,C,2005,0.217,11,2,-9,-119,-2142
MED0997,DEL019,Levante,C,2001,0.213,3,2,-1,-32,-576
MED1957,DEL019,Levante,C,1921,0.168,1,2,1,48,864
MED1748,DEL019,Levante,C,1898,0.125,0,2,2,133,2394
MED1525,DEL019,Levante,C,1819,0.162,1,2,1,46,828
MED0350,DEL019,Levante,C,1743,0.181,1,2,1,44,792
MED1426,DEL019,Levante,C,1723,0.143,0,2,2,121,2178
MED0810,DEL019,Levante,C,1708,0.127,0,1,1,77,1386
MED0608,DEL019,Levante,C,1698,0.143,1,1,0,0,0
MED0850,DEL019,Levante,C,1678,0.1,0,1,1,75,1350
MED0797,DEL019,Levante,C,1621,0.184,1,1,0,0,0
MED1956,DEL019,Levante,C,1581,0.157,1,1,0,0,0
MED1070,DEL019,Levante,C,1565,0.122,0,1,1,70,1260
MED1351,DEL019,Levante,C,1546,0.109,0,1,1,70,1260
MED1755,DEL019,Levante,C,1537,0.202,1,1,0,0,0
MED1859,DEL019,Levante,C,1471,0.114,0,1,1,66,1188
MED1027,DEL019,Levante,C,1389,0.222,2,1,-1,-35,-630
MED1548,DEL019,Levante,C,1371,0.169,1,1,0,0,0
MED0656,DEL019,Levante,C,1246,0.123,0,1,1,56,1008
MED0488,DEL019,Levante,C,1219,0.18,1,1,0,0,0
MED0617,DEL019,Levante,C,1108,0.19,2,1,-1,-28,-504
MED1797,DEL020,Sur,A,16718,0.24,13,13,0,0,0
MED1700,DEL020,Sur,A,14190,0.223,17,12,-5,-101,-1818
MED1032,DEL020,Sur,A,11520,0.242,20,10,-10,-164,-2952
MED1503,DEL020,Sur,A,10269,0.237,20,9,-11,-175,-3150
MED0022,DEL020,Sur,A,6720,0.273,21,7,-14,-169,-3042
MED0338,DEL020,Sur,B,6105,0.134,0,7,7,713,12834
MED0112,DEL020,Sur,B,5949,0.133,0,7,7,694,12492
MED1433,DEL020,Sur,B,5872,0.14,0,7,7,686,12348
MED0549,DEL020,Sur,B,5858,0.246,6,7,1,29,522
MED1049,DEL020,Sur,B,5519,0.213,6,6,0,0,0
MED1379,DEL020,Sur,B,5426,0.177,2,6,4,226,4068
MED0173,DEL020,Sur,B,5368,0.205,8,6,-2,-48,-864
MED1850,DEL020,Sur,B,5288,0.184,2,6,4,220,3960
MED0982,DEL020,Sur,B,5002,0.198,4,6,2,72,1296
MED1384,DEL020,Sur,B,4930,0.192,3,6,3,126,2268
MED0710,DEL020,Sur,B,4898,0.222,3,6,3,125,2250
MED0217,DEL020,Sur,B,4570,0.175,2,6,4,190,3420
MED0795,DEL020,Sur,B,4208,0.231,7,5,-2,-47,-846
MED1976,DEL020,Sur,B,3427,0.135,1,4,3,179,3222
MED1268,DEL020,Sur,B,3335,0.2,4,4,0,0,0
MED1998,DEL020,Sur,B,2648,0.191,5,4,-1,-22,-396
MED0138,DEL020,Sur,C,2567,0.121,0,3,3,221,3978
MED0255,DEL020,Sur,C,2159,0.189,2,3,1,35,630
MED0185,DEL020,Sur,C,2105,0.137,0,3,3,181,3258
MED0004,DEL020,Sur,C,1929,0.135,0,3,3,166,2988
MED0417,DEL020,Sur,C,1919,0.159,1,3,2,79,1422
MED0174,DEL020,Sur,C,1862,0.169,1,3,2,77,1386
MED1982,DEL020,Sur,C,1831,0.171,1,3,2,75,1350
MED0876,DEL020,Sur,C,1783,0.187,2,2,0,0,0
MED0074,DEL020,Sur,C,1779,0.109,0,2,2,125,2250
MED0187,DEL020,Sur,C,1749,0.198,1,2,1,44,792
MED1098,DEL020,Sur,C,1727,0.247,12,2,-10,-106,-1908
MED0658,DEL020,Sur,C,1649,0.14,0,2,2,116,2088
MED1243,DEL020,Sur,C,1632,0.243,10,2,-8,-93,-1674
MED1706,DEL020,Sur,C,1545,0.139,0,2,2,108,1944
MED1518,DEL020,Sur,C,1462,0.256,2,2,0,0,0
MED0695,DEL020,Sur,C,1437,0.122,0,2,2,101,1818
MED1421,DEL020,Sur,C,1413,0.18,2,2,0,0,0
MED1606,DEL020,Sur,C,1391,0.214,3,2,-1,-22,-396
MED1156,DEL020,Sur,C,1373,0.09,0,2,2,96,1728
MED0422,DEL020,Sur,C,1316,0.227,4,2,-2,-36,-648
MED1468,DEL020,Sur,C,1183,0.216,4,2,-2,-32,-576
MED0081,DEL020,Sur,C,1182,0.246,4,2,-2,-32,-576
MED0104,DEL020,Sur,C,1041,0.225,3,1,-2,-43,-774
MED1945,DEL021,Noreste,A,15500,0.236,21,12,-9,-164,-2952
MED0309,DEL021,Noreste,A,14036,0.162,7,12,5,204,3672
MED0769,DEL021,Noreste,A,13038,0.19,18,11,-7,-132,-2376
MED0070,DEL021,Noreste,A,12199,0.274,14,11,-3,-66,-1188
MED1958,DEL021,Noreste,A,10592,0.214,13,10,-3,-66,-1188
MED1446,DEL021,Noreste,A,9738,0.254,12,9,-3,-70,-1260
MED1090,DEL021,Noreste,A,9512,0.219,17,9,-8,-136,-2448
MED0711,DEL021,Noreste,B,5457,0.155,1,6,5,365,6570
MED0113,DEL021,Noreste,B,4867,0.237,15,6,-9,-118,-2124
MED0067,DEL021,Noreste,B,4863,0.238,8,6,-2,-44,-792
MED0908,DEL021,Noreste,B,4844,0.235,4,6,2,70,1260
MED1849,DEL021,Noreste,B,4606,0.192,4,6,2,67,1206
MED1316,DEL021,Noreste,B,4538,0.162,1,6,5,303,5454
MED1339,DEL021,Noreste,B,4538,0.198,2,6,4,189,3402
MED1230,DEL021,Noreste,B,4459,0.174,2,6,4,186,3348
MED1095,DEL021,Noreste,B,4372,0.14,0,5,5,461,8298
MED0743,DEL021,Noreste,B,4283,0.166,3,5,2,83,1494
MED0901,DEL021,Noreste,B,4252,0.248,5,5,0,0,0
MED0948,DEL021,Noreste,B,4015,0.166,1,5,4,243,4374
MED0963,DEL021,Noreste,B,3491,0.189,7,5,-2,-39,-702
MED0229,DEL021,Noreste,B,2732,0.254,10,4,-6,-81,-1458
MED1481,DEL021,Noreste,C,2079,0.114,0,3,3,179,3222
MED1311,DEL021,Noreste,C,1998,0.11,0,3,3,172,3096
MED1697,DEL021,Noreste,C,1956,0.242,9,3,-6,-74,-1332
MED0550,DEL021,Noreste,C,1907,0.115,0,3,3,164,2952
MED0179,DEL021,Noreste,C,1875,0.133,0,3,3,162,2916
MED0782,DEL021,Noreste,C,1866,0.177,1,3,2,77,1386
MED1423,DEL021,Noreste,C,1807,0.221,7,3,-4,-55,-990
MED0840,DEL021,Noreste,C,1566,0.128,0,2,2,110,1980
MED0788,DEL021,Noreste,C,1537,0.224,2,2,0,0,0
MED0024,DEL021,Noreste,C,1410,0.182,1,2,1,35,630
MED0033,DEL021,Noreste,C,1384,0.179,1,2,1,35,630
MED0143,DEL021,Noreste,C,1302,0.167,1,2,1,33,594
MED0461,DEL021,Noreste,C,1292,0.125,0,2,2,91,1638
MED0943,DEL021,Noreste,C,1285,0.178,1,2,1,32,576
MED1761,DEL021,Noreste,C,1280,0.194,1,2,1,32,576
MED1474,DEL021,Noreste,C,1099,0.108,0,1,1,49,882
MED1170,DEL022,Noroeste,A,13262,0.227,16,8,-8,-219,-3942
MED0491,DEL022,Noroeste,A,12453,0.2,3,8,5,431,7758
MED1405,DEL022,Noroeste,A,11668,0.188,13,8,-5,-144,-2592
MED1002,DEL022,Noroeste,A,6540,0.26,16,5,-11,-208,-3744
MED1534,DEL022,Noroeste,B,6845,0.14,0,5,5,722,12996
MED1452,DEL022,Noroeste,B,6736,0.248,5,5,0,0,0
MED0851,DEL022,Noroeste,B,6057,0.214,6,5,-1,-38,-684
MED0069,DEL022,Noroeste,B,5859,0.214,8,5,-3,-89,-1602
MED1201,DEL022,Noroeste,B,5828,0.185,2,5,3,206,3708
MED0026,DEL022,Noroeste,B,5534,0.115,0,5,5,584,10512
MED1836,DEL022,Noroeste,B,5478,0.226,4,5,1,45,810
MED0663,DEL022,Noroeste,B,5223,0.182,1,4,3,273,4914
MED0635,DEL022,Noroeste,B,5186,0.178,5,4,-1,-42,-756
MED0561,DEL022,Noroeste,B,4801,0.199,2,4,2,131,2358
MED1496,DEL022,Noroeste,B,4727,0.127,0,4,4,460,8280
MED1428,DEL022,Noroeste,B,4556,0.221,5,4,-1,-37,-666
MED1843,DEL022,Noroeste,B,4542,0.189,2,4,2,124,2232
MED1734,DEL022,Noroeste,B,4505,0.246,8,4,-4,-106,-1908
MED0427,DEL022,Noroeste,B,4210,0.156,1,4,3,220,3960
MED1155,DEL022,Noroeste,B,3963,0.204,5,3,-2,-77,-1386
MED1043,DEL022,Noroeste,B,3636,0.177,2,3,1,58,1044
MED1681,DEL022,Noroeste,B,3102,0.171,2,3,1,50,900
MED1511,DEL022,Noroeste,C,2153,0.192,3,2,-1,-35,-630
MED1792,DEL022,Noroeste,C,2102,0.152,1,2,1,53,954
MED1493,DEL022,Noroeste,C,2018,0.212,2,2,0,0,0
MED0032,DEL022,Noroeste,C,1751,0.157,1,1,0,0,0
MED1798,DEL022,Noroeste,C,1626,0.231,2,1,-1,-41,-738
MED1099,DEL022,Noroeste,C,1617,0.152,1,1,0,0,0
MED0903,DEL022,Noroeste,C,1423,0.142,0,1,1,64,1152
MED0980,DEL022,Noroeste,C,1200,0.118,0,1,1,54,972
MED0983,DEL023,Centro,A,13365,0.246,14,10,-4,-104,-1872
MED0846,DEL023,Centro,A,12988,0.221,14,10,-4,-101,-1818
MED1497,DEL023,Centro,A,12367,0.203,13,10,-3,-77,-1386
MED1183,DEL023,Centro,A,11931,0.215,9,9,0,0,0
MED0408,DEL023,Centro,A,11212,0.26,17,9,-8,-161,-2898
MED1768,DEL023,Centro,A,11206,0.223,19,9,-10,-182,-3276
MED0701,DEL023,Centro,A,9459,0.227,14,8,-6,-131,-2358
MED1569,DEL023,Centro,A,8203,0.211,15,7,-8,-158,-2844
MED1275,DEL023,Centro,B,6758,0.22,10,6,-4,-102,-1836
MED0019,DEL023,Centro,B,6479,0.176,3,6,3,166,2988
MED0623,DEL023,Centro,B,5824,0.24,10,6,-4,-88,-1584
MED0012,DEL023,Centro,B,5637,0.113,0,6,6,630,11340
MED0398,DEL023,Centro,B,5490,0.238,7,6,-1,-27,-486
MED1494,DEL023,Centro,B,5437,0.224,5,6,1,34,612
MED0534,DEL023,Centro,B,5291,0.194,2,5,3,187,3366
MED0976,DEL023,Centro,B,5290,0.127,0,5,5,558,10044
MED1076,DEL023,Centro,B,5123,0.237,12,5,-7,-132,-2376
MED1995,DEL023,Centro,B,5054,0.127,0,5,5,533,9594
MED0691,DEL023,Centro,B,5004,0.21,5,5,0,0,0
MED0327,DEL023,Centro,B,4806,0.152,2,5,3,170,3060
MED0171,DEL023,Centro,B,4794,0.117,0,5,5,506,9108
MED1296,DEL023,Centro,B,4706,0.2,3,5,2,91,1638
MED1161,DEL023,Centro,B,4671,0.224,6,5,-1,-29,-522
MED1127,DEL023,Centro,B,4615,0.214,7,5,-2,-52,-936
MED1885,DEL023,Centro,B,4576,0.116,0,5,5,483,8694
MED0579,DEL023,Centro,B,4543,0.21,5,5,0,0,0
MED0979,DEL023,Centro,B,4208,0.155,1,5,4,255,4590
MED1253,DEL023,Centro,B,4138,0.184,2,5,3,146,2628
MED1350,DEL023,Centro,B,3760,0.205,3,4,1,42,756
MED1381,DEL023,Centro,B,3521,0.239,5,4,-1,-29,-522
MED0292,DEL023,Centro,B,3344,0.208,3,4,1,37,666
MED1763,DEL023,Centro,B,2715,0.187,4,3,-1,-30,-540
MED1935,DEL023,Centro,B,2482,0.11,0,3,3,214,3852
MED0150,DEL023,Centro,C,2331,0.124,0,3,3,201,3618
MED0612,DEL023,Centro,C,2247,0.215,2,3,1,36,648
MED1028,DEL023,Centro,C,2045,0.21,2,2,0,0,0
MED0373,DEL023,Centro,C,1927,0.132,0,2,2,135,2430
MED1323,DEL023,Centro,C,1883,0.135,0,2,2,132,2376
MED1709,DEL023,Centro,C,1860,0.19,1,2,1,47,846
MED0366,DEL023,Centro,C,1841,0.22,4,2,-2,-50,-900
MED0175,DEL023,Centro,C,1818,0.12,0,2,2,127,2286
MED0314,DEL023,Centro,C,1729,0.186,1,2,1,43,774
MED1236,DEL023,Centro,C,1702,0.209,2,2,0,0,0
MED0045,DEL023,Centro,C,1697,0.124,0,2,2,119,2142
MED1811,DEL023,Centro,C,1621,0.139,0,2,2,114,2052
MED0169,DEL023,Centro,C,1576,0.126,0,2,2,111,1998
MED1004,DEL023,Centro,C,1503,0.118,0,2,2,105,1890
MED1012,DEL023,Centro,C,1428,0.197,2,2,0,0,0
MED1695,DEL023,Centro,C,1415,0.148,1,2,1,36,648
MED1051,DEL023,Centro,C,1339,0.187,1,2,1,34,612
MED0984,DEL023,Centro,C,1269,0.21,3,1,-2,-52,-936
MED1928,DEL023,Centro,C,1224,0.172,1,1,0,0,0
MED1231,DEL023,Centro,C,1187,0.224,3,1,-2,-49,-882
MED1410,DEL023,Centro,C,1171,0.153,1,1,0,0,0
MED1278,DEL023,Centro,C,1130,0.123,0,1,1,51,918
MED2000,DEL023,Centro,C,944,0.177,4,1,-3,-49,-882
MED0235,DEL023,Centro,C,627,0.124,0,0,0,0,0
MED1775,DEL024,Levante,A,14505,0.246,18,10,-8,-182,-3276
MED0157,DEL024,Levante,A,14319,0.268,14,10,-4,-111,-1998
MED1111,DEL024,Levante,A,12532,0.251,11,9,-2,-65,-1170
MED1563,DEL024,Levante,A,12369,0.258,23,9,-14,-237,-4266
MED0090,DEL024,Levante,A,11971,0.239,9,9,0,0,0
MED1404,DEL024,Levante,A,11416,0.218,7,9,2,84,1512
MED0610,DEL024,Levante,A,9075,0.15,1,8,7,688,12384
MED1624,DEL024,Levante,A,5844,0.226,14,6,-8,-134,-2412
MED0639,DEL024,Levante,B,6047,0.205,3,6,3,155,2790
MED0504,DEL024,Levante,B,5913,0.217,10,6,-4,-89,-1602
MED0038,DEL024,Levante,B,5596,0.197,4,5,1,46,828
MED0248,DEL024,Levante,B,5500,0.184,2,5,3,195,3510
MED0283,DEL024,Levante,B,5398,0.139,1,5,4,327,5886
MED0146,DEL024,Levante,B,5141,0.226,7,5,-2,-58,-1044
MED0985,DEL024,Levante,B,5005,0.128,0,5,5,528,9504
MED0414,DEL024,Levante,B,4996,0.235,5,5,0,0,0
MED1901,DEL024,Levante,B,4871,0.189,4,5,1,40,720
MED1868,DEL024,Levante,B,4729,0.125,0,5,5,499,8982
MED0118,DEL024,Levante,B,4579,0.136,0,5,5,483,8694
MED0211,DEL024,Levante,B,4138,0.213,4,4,0,0,0
MED0533,DEL024,Levante,B,3401,0.216,4,4,0,0,0
MED0199,DEL024,Levante,B,2516,0.114,0,3,3,217,3906
MED1342,DEL024,Levante,C,2291,0.22,2,3,1,37,666
MED0405,DEL024,Levante,C,2220,0.146,0,2,2,156,2808
MED1174,DEL024,Levante,C,1932,0.145,1,2,1,49,882
MED0968,DEL024,Levante,C,1927,0.232,13,2,-11,-121,-2178
MED0728,DEL024,Levante,C,1799,0.269,3,2,-1,-29,-522
MED0333,DEL024,Levante,C,1789,0.132,0,2,2,125,2250
MED1626,DEL024,Levante,C,1747,0.132,0,2,2,123,2214
MED0633,DEL024,Levante,C,1672,0.106,0,2,2,117,2106
MED1731,DEL024,Levante,C,1626,0.187,1,2,1,41,738
MED0276,DEL024,Levante,C,1541,0.246,4,2,-2,-42,-756
MED1629,DEL024,Levante,C,1473,0.105,0,2,2,103,1854
MED0942,DEL024,Levante,C,1459,0.231,1,2,1,37,666
MED1345,DEL024,Levante,C,1439,0.181,1,2,1,36,648
MED0869,DEL024,Levante,C,1357,0.181,1,1,0,0,0
MED0326,DEL024,Levante,C,1338,0.203,1,1,0,0,0
MED1460,DEL024,Levante,C,1256,0.132,0,1,1,56,1008
MED1034,DEL024,Levante,C,1069,0.122,0,1,1,48,864
MED1931,DEL025,Sur,A,13800,0.257,17,9,-8,-198,-3564
MED0865,DEL025,Sur,A,12120,0.21,16,8,-8,-200,-3600
MED1301,DEL025,Sur,A,11821,0.204,3,8,5,409,7362
MED0882,DEL025,Sur,A,9277,0.231,12,7,-5,-135,-2430
MED1842,DEL025,Sur,A,9072,0.233,11,7,-4,-113,-2034
MED1910,DEL025,Sur,B,6561,0.207,3,6,3,168,3024
MED1147,DEL025,Sur,B,6552,0.174,4,6,2,95,1710
MED0429,DEL025,Sur,B,4979,0.213,3,4,1,55,990
MED0807,DEL025,Sur,B,4769,0.137,1,4,3,250,4500
MED1101,DEL025,Sur,B,4500,0.203,4,4,0,0,0
MED1413,DEL025,Sur,B,4486,0.179,3,4,1,50,900
MED0075,DEL025,Sur,B,4306,0.126,1,4,3,225,4050
MED1891,DEL025,Sur,B,4258,0.207,4,4,0,0,0
MED1522,DEL025,Sur,B,4171,0.18,1,4,3,218,3924
MED0324,DEL025,Sur,B,3119,0.174,2,3,1,50,900
MED1378,DEL025,Sur,C,2087,0.126,0,2,2,146,2628
MED1348,DEL025,Sur,C,1992,0.114,0,2,2,140,2520
MED0455,DEL025,Sur,C,1986,0.186,1,2,1,50,900
MED1249,DEL025,Sur,C,1967,0.223,3,2,-1,-32,-576
MED0875,DEL025,Sur,C,1689,0.237,4,2,-2,-46,-828
MED1690,DEL025,Sur,C,1685,0.226,2,2,0,0,0
MED0320,DEL025,Sur,C,1659,0.139,0,2,2,116,2088
MED0343,DEL025,Sur,C,1640,0.124,0,2,2,115,2070
MED0898,DEL025,Sur,C,1544,0.193,2,1,-1,-39,-702
MED0311,DEL025,Sur,C,1541,0.205,2,1,-1,-39,-702
MED0469,DEL025,Sur,C,1523,0.171,2,1,-1,-38,-684
MED1462,DEL025,Sur,C,1509,0.194,1,1,0,0,0
MED1354,DEL025,Sur,C,1446,0.162,1,1,0,0,0
MED1760,DEL025,Sur,C,1441,0.159,1,1,0,0,0
MED0849,DEL025,Sur,C,1109,0.176,1,1,0,0,0
MED0581,DEL026,Noreste,A,17033,0.233,19,11,-8,-189,-3402
MED1470,DEL026,Noreste,A,12336,0.243,15,9,-6,-148,-2664
MED1113,DEL026,Noreste,A,12080,0.207,6,9,3,148,2664
MED0673,DEL026,Noreste,A,10968,0.215,6,9,3,135,2430
MED0487,DEL026,Noreste,B,6646,0.185,1,6,5,444,7992
MED1854,DEL026,Noreste,B,6483,0.238,21,6,-15,-195,-3510
MED1645,DEL026,Noreste,B,5971,0.237,8,6,-2,-54,-972
MED0860,DEL026,Noreste,B,5871,0.132,0,6,6,656,11808
MED0492,DEL026,Noreste,B,5778,0.178,2,6,4,241,4338
MED0930,DEL026,Noreste,B,5560,0.254,6,5,-1,-35,-630
MED0448,DEL026,Noreste,B,5316,0.227,7,5,-2,-60,-1080
MED1547,DEL026,Noreste,B,5063,0.172,3,5,2,98,1764
MED0760,DEL026,Noreste,B,5016,0.185,3,5,2,97,1746
MED1371,DEL026,Noreste,B,4850,0.238,6,5,-1,-30,-540
MED1141,DEL026,Noreste,B,4771,0.115,0,5,5,503,9054
MED0451,DEL026,Noreste,B,4737,0.17,3,5,2,92,1656
MED0123,DEL026,Noreste,B,4501,0.16,1,5,4,272,4896
MED1673,DEL026,Noreste,B,4460,0.241,6,5,-1,-28,-504
MED0513,DEL026,Noreste,B,4406,0.222,3,5,2,85,1530
MED0560,DEL026,Noreste,B,4343,0.201,6,4,-2,-63,-1134
MED1999,DEL026,Noreste,B,4332,0.203,2,4,2,118,2124
MED0887,DEL026,Noreste,B,4081,0.203,3,4,1,45,810
MED0344,DEL026,Noreste,B,4000,0.227,5,4,-1,-33,-594
MED0037,DEL026,Noreste,B,3989,0.205,7,4,-3,-77,-1386
MED1222,DEL026,Noreste,B,3919,0.253,8,4,-4,-92,-1656
MED1148,DEL026,Noreste,B,3804,0.13,0,4,4,370,6660
MED0974,DEL026,Noreste,B,3519,0.153,1,4,3,184,3312
MED0322,DEL026,Noreste,B,3035,0.205,4,3,-1,-34,-612
MED0481,DEL026,Noreste,C,2375,0.167,1,3,2,98,1764
MED0947,DEL026,Noreste,C,2183,0.244,4,2,-2,-59,-1062
MED0620,DEL026,Noreste,C,2134,0.25,3,2,-1,-34,-612
MED1921,DEL026,Noreste,C,2005,0.204,2,2,0,0,0
MED1892,DEL026,Noreste,C,1977,0.159,1,2,1,50,900
MED0816,DEL026,Noreste,C,1970,0.237,4,2,-2,-54,-972
MED1047,DEL026,Noreste,C,1933,0.138,0,2,2,136,2448
MED0890,DEL026,Noreste,C,1880,0.227,5,2,-3,-67,-1206
MED0871,DEL026,Noreste,C,1842,0.18,1,2,1,46,828
MED1532,DEL026,Noreste,C,1821,0.141,0,2,2,128,2304
MED0745,DEL026,Noreste,C,1673,0.25,3,2,-1,-27,-486
MED0749,DEL026,Noreste,C,1657,0.121,0,2,2,116,2088
MED0829,DEL026,Noreste,C,1654,0.117,0,2,2,116,2088
MED0916,DEL026,Noreste,C,1653,0.165,1,2,1,42,756
MED0706,DEL026,Noreste,C,1616,0.142,0,2,2,113,2034
MED0987,DEL026,Noreste,C,1565,0.174,2,2,0,0,0
MED0747,DEL026,Noreste,C,1543,0.117,0,2,2,108,1944
MED1338,DEL026,Noreste,C,1536,0.163,1,2,1,39,702
MED0316,DEL026,Noreste,C,1487,0.197,2,2,0,0,0
MED1059,DEL026,Noreste,C,1481,0.103,0,2,2,104,1872
MED1964,DEL026,Noreste,C,1386,0.122,0,1,1,62,1116
MED1897,DEL026,Noreste,C,1375,0.134,0,1,1,62,1116
MED1936,DEL026,Noreste,C,1275,0.192,3,1,-2,-53,-954
MED0397,DEL026,Noreste,C,1271,0.111,0,1,1,57,1026
MED1596,DEL026,Noreste,C,1255,0.193,4,1,-3,-66,-1188
MED1153,DEL026,Noreste,C,1111,0.174,1,1,0,0,0
MED0600,DEL026,Noreste,C,1010,0.245,11,1,-10,-85,-1530
MED0752,DEL027,Noroeste,A,15884,0.182,13,13,0,0,0
MED0719,DEL027,Noroeste,A,11765,0.22,12,11,-1,-24,-432
MED0532,DEL027,Noroeste,A,11728,0.267,22,11,-11,-157,-2826
MED1793,DEL027,Noroeste,A,10718,0.272,13,10,-3,-67,-1206
MED0030,DEL027,Noroeste,B,6515,0.118,0,7,7,761,13698
MED1195,DEL027,Noroeste,B,5750,0.201,4,7,3,112,2016
MED1431,DEL027,Noroeste,B,5563,0.166,1,6,5,372,6696
MED0962,DEL027,Noroeste,B,5197,0.236,6,6,0,0,0
MED1942,DEL027,Noroeste,B,4689,0.232,8,6,-2,-42,-756
MED0672,DEL027,Noroeste,B,4497,0.204,12,6,-6,-88,-1584
MED1589,DEL027,Noroeste,B,3793,0.218,13,5,-8,-105,-1890
MED0844,DEL027,Noroeste,B,3666,0.183,3,5,2,71,1278
MED1691,DEL027,Noroeste,B,1581,0.133,0,2,2,111,1998
MED1708,DEL027,Noroeste,C,2258,0.108,0,3,3,195,3510
MED0091,DEL027,Noroeste,C,2089,0.17,0,3,3,180,3240
MED1382,DEL027,Noroeste,C,1943,0.202,2,3,1,31,558
MED0669,DEL027,Noroeste,C,1919,0.239,3,3,0,0,0
MED0394,DEL027,Noroeste,C,1763,0.217,3,3,0,0,0
MED0131,DEL027,Noroeste,C,1753,0.157,0,3,3,151,2718
MED0712,DEL027,Noroeste,C,1712,0.19,1,2,1,43,774
MED1025,DEL027,Noroeste,C,1613,0.229,2,2,0,0,0
MED1192,DEL027,Noroeste,C,1610,0.122,0,2,2,113,2034
MED1750,DEL027,Noroeste,C,1587,0.156,1,2,1,40,720
MED0679,DEL027,Noroeste,C,1549,0.235,3,2,-1,-25,-450
MED1602,DEL027,Noroeste,C,1369,0.194,2,2,0,0,0
MED0682,DEL027,Noroeste,C,1345,0.18,5,2,-3,-48,-864
MED1353,DEL027,Noroeste,C,1202,0.213,2,2,0,0,0
MED0717,DEL027,Noroeste,C,1193,0.12,0,2,2,84,1512
MED0606,DEL027,Noroeste,C,1120,0.196,2,2,0,0,0
MED0494,DEL028,Centro,A,14328,0.166,2,9,7,773,13914
MED0803,DEL028,Centro,A,14160,0.222,22,8,-14,-309,-5562
MED1408,DEL028,Centro,A,10190,0.232,14,7,-7,-182,-3276
MED0998,DEL028,Centro,B,6133,0.246,6,5,-1,-38,-684
MED1303,DEL028,Centro,B,6126,0.205,5,5,0,0,0
MED0651,DEL028,Centro,B,5421,0.203,4,4,0,0,0
MED1335,DEL028,Centro,B,5165,0.225,4,4,0,0,0
MED1488,DEL028,Centro,B,5119,0.162,1,4,3,268,4824
MED0223,DEL028,Centro,B,5068,0.184,2,4,2,138,2484
MED0162,DEL028,Centro,B,4631,0.16,2,4,2,126,2268
MED0648,DEL028,Centro,B,4462,0.111,0,4,4,434,7812
MED0857,DEL028,Centro,B,4373,0.147,1,4,3,229,4122
MED0068,DEL028,Centro,B,4265,0.127,0,3,3,368,6624
MED1508,DEL028,Centro,B,3561,0.127,0,3,3,307,5526
MED0039,DEL028,Centro,B,3451,0.248,7,3,-4,-105,-1890
MED1293,DEL028,Centro,B,2733,0.16,1,2,1,69,1242
MED0929,DEL028,Centro,C,2462,0.164,1,2,1,62,1116
MED0596,DEL028,Centro,C,2163,0.152,1,2,1,54,972
MED1425,DEL028,Centro,C,2054,0.116,0,2,2,144,2592
MED1899,DEL028,Centro,C,1917,0.118,0,2,2,134,2412
MED1383,DEL028,Centro,C,1892,0.251,4,2,-2,-51,-918
MED0195,DEL028,Centro,C,1884,0.141,0,1,1,85,1530
MED1662,DEL028,Centro,C,1830,0.15,0,1,1,82,1476
MED0166,DEL028,Centro,C,1766,0.23,5,1,-4,-107,-1926
MED1204,DEL028,Centro,C,1624,0.245,3,1,-2,-67,-1206
MED0084,DEL028,Centro,C,1608,0.252,6,1,-5,-107,-1926
MED0128,DEL028,Centro,C,1605,0.172,1,1,0,0,0
MED1972,DEL028,Centro,C,1590,0.109,0,1,1,72,1296
MED0780,DEL028,Centro,C,1579,0.165,1,1,0,0,0
MED0915,DEL028,Centro,C,1554,0.221,2,1,-1,-39,-702
MED0244,DEL028,Centro,C,1500,0.119,0,1,1,67,1206
MED1066,DEL028,Centro,C,1492,0.108,0,1,1,67,1206
MED1917,DEL028,Centro,C,1473,0.134,0,1,1,66,1188
MED0640,DEL028,Centro,C,1425,0.1,0,1,1,64,1152
MED0570,DEL028,Centro,C,1408,0.173,2,1,-1,-35,-630
MED1490,DEL028,Centro,C,1383,0.222,2,1,-1,-35,-630
MED1862,DEL028,Centro,C,1220,0.169,1,1,0,0,0
MED1062,DEL028,Centro,C,1177,0.136,0,1,1,53,954
MED0814,DEL028,Centro,C,620,0.135,0,0,0,0,0
MED0402,DEL029,Levante,A,14596,0.223,12,11,-1,-30,-540
MED0680,DEL029,Levante,A,13084,0.212,16,10,-6,-136,-2448
MED1864,DEL029,Levante,A,11690,0.202,6,10,4,176,3168
MED0868,DEL029,Levante,A,6535,0.254,18,7,-11,-148,-2664
MED1536,DEL029,Levante,B,6896,0.117,0,7,7,805,14490
MED0776,DEL029,Levante,B,6362,0.115,0,6,6,711,12798
MED1906,DEL029,Levante,B,6072,0.232,5,6,1,38,684
MED1655,DEL029,Levante,B,5941,0.226,11,6,-5,-104,-1872
MED1469,DEL029,Levante,B,5611,0.212,7,6,-1,-28,-504
MED1539,DEL029,Levante,B,5211,0.137,1,6,5,348,6264
MED0547,DEL029,Levante,B,5146,0.221,10,6,-4,-78,-1404
MED0662,DEL029,Levante,B,5040,0.219,3,5,2,97,1746
MED0506,DEL029,Levante,B,4784,0.141,0,5,5,505,9090
MED0436,DEL029,Levante,B,4781,0.229,6,5,-1,-30,-540
MED0529,DEL029,Levante,B,4446,0.169,3,5,2,86,1548
MED1458,DEL029,Levante,B,4277,0.189,3,5,2,83,1494
MED1291,DEL029,Levante,B,4188,0.121,0,5,5,442,7956
MED1979,DEL029,Levante,B,3936,0.219,7,4,-3,-76,-1368
MED1823,DEL029,Levante,B,3644,0.211,5,4,-1,-30,-540
MED0227,DEL029,Levante,B,3172,0.199,3,4,1,35,630
MED1100,DEL029,Levante,C,1831,0.1,0,2,2,128,2304
MED0883,DEL029,Levante,C,1820,0.107,0,2,2,128,2304
MED1661,DEL029,Levante,C,1806,0.241,4,2,-2,-49,-882
MED1636,DEL029,Levante,C,1755,0.16,1,2,1,44,792
MED0645,DEL029,Levante,C,1663,0.117,0,2,2,117,2106
MED1785,DEL029,Levante,C,1646,0.12,0,2,2,115,2070
MED1544,DEL029,Levante,C,1625,0.143,0,2,2,114,2052
MED1796,DEL029,Levante,C,1617,0.14,0,2,2,113,2034
MED1343,DEL029,Levante,C,1585,0.124,0,2,2,111,1998
MED0742,DEL029,Levante,C,1504,0.116,0,2,2,105,1890
MED0575,DEL029,Levante,C,1492,0.259,3,2,-1,-24,-432
MED0121,DEL029,Levante,C,1412,0.204,1,2,1,36,648
MED0792,DEL029,Levante,C,1388,0.233,2,2,0,0,0
MED0955,DEL029,Levante,C,1321,0.169,1,2,1,33,594
MED1786,DEL029,Levante,C,1248,0.212,4,1,-3,-65,-1170
MED0729,DEL029,Levante,C,1236,0.239,19,1,-18,-118,-2124
MED1953,DEL029,Levante,C,1205,0.221,3,1,-2,-50,-900
MED0653,DEL029,Levante,C,1191,0.175,1,1,0,0,0
MED0539,DEL029,Levante,C,1151,0.137,0,1,1,52,936
MED0078,DEL029,Levante,C,1028,0.216,2,1,-1,-26,-468
MED0739,DEL030,Sur,A,17265,0.249,8,9,1,57,1026
MED1647,DEL030,Sur,A,14695,0.218,7,9,2,108,1944
MED0690,DEL030,Sur,A,13329,0.176,3,8,5,461,8298
MED0027,DEL030,Sur,A,13181,0.193,5,8,3,201,3618
MED0922,DEL030,Sur,A,11384,0.227,7,7,0,0,0
MED0603,DEL030,Sur,A,10828,0.174,3,7,4,331,5958
MED0342,DEL030,Sur,A,9921,0.241,8,7,-1,-40,-720
MED0926,DEL030,Sur,A,9038,0.207,20,6,-14,-265,-4770
MED0909,DEL030,Sur,A,8878,0.206,6,6,0,0,0
MED1198,DEL030,Sur,B,6787,0.21,3,5,2,131,2358
MED1104,DEL030,Sur,B,6717,0.232,5,5,0,0,0
MED0086,DEL030,Sur,B,5590,0.149,1,4,3,293,5274
MED0193,DEL030,Sur,B,5375,0.212,6,4,-2,-78,-1404
MED1029,DEL030,Sur,B,5308,0.242,5,4,-1,-43,-774
MED1206,DEL030,Sur,B,5216,0.231,8,4,-4,-122,-2196
MED0856,DEL030,Sur,B,5168,0.162,2,4,2,141,2538
MED1567,DEL030,Sur,B,4548,0.154,1,4,3,238,4284
MED1053,DEL030,Sur,B,4334,0.233,4,4,0,0,0
MED0428,DEL030,Sur,B,4150,0.127,0,3,3,358,6444
MED1448,DEL030,Sur,B,3453,0.215,8,3,-5,-119,-2142
MED1619,DEL030,Sur,C,2257,0.128,0,2,2,158,2844
MED1115,DEL030,Sur,C,1958,0.106,0,2,2,137,2466
MED1581,DEL030,Sur,C,1917,0.23,3,2,-1,-31,-558
MED0249,DEL030,Sur,C,1907,0.264,3,1,-2,-79,-1422
MED1368,DEL030,Sur,C,1829,0.161,1,1,0,0,0
MED0805,DEL030,Sur,C,1731,0.117,0,1,1,78,1404
MED1388,DEL030,Sur,C,1717,0.125,0,1,1,77,1386
MED0765,DEL030,Sur,C,1707,0.206,2,1,-1,-43,-774
MED0559,DEL030,Sur,C,1683,0.175,1,1,0,0,0
MED0733,DEL030,Sur,C,1668,0.12,0,1,1,75,1350
MED1657,DEL030,Sur,C,1579,0.235,4,1,-3,-83,-1494
MED1987,DEL030,Sur,C,1576,0.125,0,1,1,71,1278
MED1871,DEL030,Sur,C,1536,0.121,0,1,1,69,1242
MED1145,DEL030,Sur,C,1533,0.12,0,1,1,69,1242
MED0562,DEL030,Sur,C,1530,0.225,3,1,-2,-63,-1134
MED0097,DEL030,Sur,C,1517,0.182,1,1,0,0,0
MED1166,DEL030,Sur,C,1479,0.178,1,1,0,0,0
MED1990,DEL030,Sur,C,1477,0.169,2,1,-1,-37,-666
MED0205,DEL030,Sur,C,1393,0.196,2,1,-1,-35,-630
MED0425,DEL030,Sur,C,1389,0.2,2,1,-1,-35,-630
MED1966,DEL030,Sur,C,1263,0.131,0,1,1,57,1026
MED1676,DEL031,Noreste,A,14091,0.211,22,13,-9,-134,-2412
MED1940,DEL031,Noreste,A,13678,0.196,4,12,8,464,8352
MED1449,DEL031,Noreste,A,12262,0.234,18,12,-6,-99,-1782
MED0837,DEL031,Noreste,A,10518,0.252,18,10,-8,-132,-2376
MED1777,DEL031,Noreste,A,6046,0.23,8,7,-1,-24,-432
MED0716,DEL031,Noreste,B,5119,0.125,0,7,7,598,10764
MED1341,DEL031,Noreste,B,4823,0.202,6,6,0,0,0
MED0977,DEL031,Noreste,B,4723,0.191,3,6,3,121,2178
MED1359,DEL031,Noreste,B,4583,0.235,15,6,-9,-111,-1998
MED0420,DEL031,Noreste,B,4503,0.126,0,6,6,503,9054
MED1089,DEL031,Noreste,B,3407,0.208,10,5,-5,-73,-1314
MED1255,DEL031,Noreste,B,3152,0.164,1,5,4,191,3438
MED0190,DEL031,Noreste,B,3063,0.269,14,4,-10,-114,-2052
MED1042,DEL031,Noreste,C,1951,0.215,3,3,0,0,0
MED1487,DEL031,Noreste,C,1902,0.211,3,3,0,0,0
MED1603,DEL031,Noreste,C,1902,0.223,4,3,-1,-21,-378
MED0379,DEL031,Noreste,C,1878,0.144,0,3,3,162,2916
MED0772,DEL031,Noreste,C,1850,0.115,0,3,3,159,2862
MED0291,DEL031,Noreste,C,1832,0.171,1,3,2,75,1350
MED1857,DEL031,Noreste,C,1827,0.109,0,3,3,157,2826
MED0426,DEL031,Noreste,C,1782,0.25,3,3,0,0,0
MED1630,DEL031,Noreste,C,1748,0.193,2,3,1,28,504
MED1330,DEL031,Noreste,C,1693,0.137,0,3,3,146,2628
MED1688,DEL031,Noreste,C,1657,0.159,1,3,2,68,1224
MED0696,DEL031,Noreste,C,1621,0.128,0,3,3,140,2520
MED1965,DEL031,Noreste,C,1617,0.176,1,3,2,67,1206
MED1557,DEL031,Noreste,C,1536,0.243,3,2,-1,-25,-450
MED0667,DEL031,Noreste,C,1479,0.178,1,2,1,37,666
MED0725,DEL031,Noreste,C,1427,0.244,8,2,-6,-72,-1296
MED0289,DEL031,Noreste,C,1397,0.173,1,2,1,35,630
MED0848,DEL031,Noreste,C,1344,0.246,4,2,-2,-37,-666
MED0372,DEL031,Noreste,C,1283,0.18,1,2,1,32,576
MED0917,DEL031,Noreste,C,1225,0.14,0,2,2,86,1548
MED1314,DEL031,Noreste,C,1173,0.128,0,2,2,82,1476
MED1074,DEL031,Noreste,C,1163,0.179,1,2,1,29,522
MED1157,DEL031,Noreste,C,965,0.172,1,1,0,0,0
MED1609,DEL032,Noroeste,A,11831,0.193,5,8,3,180,3240
MED1244,DEL032,Noroeste,A,11793,0.219,20,8,-12,-240,-4320
MED1294,DEL032,Noroeste,A,9996,0.109,0,7,7,1167,21006
MED0934,DEL032,Noroeste,A,9117,0.194,4,7,3,177,3186
MED1620,DEL032,Noroeste,A,7364,0.25,22,6,-16,-227,-4086
MED1669,DEL032,Noroeste,B,6399,0.18,2,5,3,226,4068
MED0894,DEL032,Noroeste,B,6229,0.109,0,5,5,657,11826
MED1250,DEL032,Noroeste,B,5259,0.18,3,5,2,102,1836
MED0060,DEL032,Noroeste,B,4712,0.174,3,4,1,53,954
MED0126,DEL032,Noroeste,B,4446,0.152,1,4,3,233,4194
MED1565,DEL032,Noroeste,B,3816,0.192,3,4,1,43,774
MED1925,DEL032,Noroeste,B,3564,0.21,4,3,-1,-40,-720
MED0286,DEL032,Noroeste,B,3494,0.126,0,3,3,301,5418
MED1370,DEL032,Noroeste,C,2470,0.174,1,2,1,62,1116
MED0722,DEL032,Noroeste,C,2242,0.187,1,2,1,56,1008
MED1131,DEL032,Noroeste,C,2169,0.158,1,2,1,55,990
MED1140,DEL032,Noroeste,C,2105,0.231,6,2,-4,-88,-1584
MED0913,DEL032,Noroeste,C,2013,0.234,3,2,-1,-32,-576
MED1349,DEL032,Noroeste,C,1962,0.194,2,2,0,0,0
MED1360,DEL032,Noroeste,C,1889,0.2,2,2,0,0,0
MED0767,DEL032,Noroeste,C,1796,0.122,0,2,2,126,2268
MED0992,DEL032,Noroeste,C,1724,0.186,2,2,0,0,0
MED1608,DEL032,Noroeste,C,1705,0.205,2,2,0,0,0
MED0222,DEL032,Noroeste,C,1641,0.097,0,2,2,115,2070
MED0413,DEL032,Noroeste,C,1629,0.128,0,1,1,73,1314
MED0537,DEL032,Noroeste,C,1612,0.272,5,1,-4,-98,-1764
MED0103,DEL032,Noroeste,C,1367,0.24,4,1,-3,-72,-1296
MED1142,DEL032,Noroeste,C,1309,0.121,0,1,1,59,1062
MED0218,DEL032,Noroeste,C,1175,0.118,0,1,1,53,954
MED0245,DEL033,Centro,A,15898,0.247,13,13,0,0,0
MED1436,DEL033,Centro,A,14412,0.227,16,12,-4,-86,-1548
MED0134,DEL033,Centro,A,12858,0.232,20,12,-8,-127,-2286
MED1200,DEL033,Centro,A,12225,0.224,17,11,-6,-112,-2016
MED1177,DEL033,Centro,A,11575,0.21,16,11,-5,-93,-1674
MED1041,DEL033,Centro,A,11496,0.227,19,11,-8,-127,-2286
MED1165,DEL033,Centro,A,11316,0.227,20,11,-9,-135,-2430
MED0734,DEL033,Centro,A,11286,0.231,13,11,-2,-43,-774
MED0818,DEL033,Centro,A,10492,0.251,20,10,-10,-150,-2700
MED0147,DEL033,Centro,A,10270,0.216,19,10,-9,-138,-2484
MED1227,DEL033,Centro,A,8943,0.178,2,9,7,482,8676
MED1824,DEL033,Centro,B,6862,0.145,1,8,7,520,9360
MED1162,DEL033,Centro,B,6395,0.179,7,7,0,0,0
MED1475,DEL033,Centro,B,5881,0.23,5,7,2,66,1188
MED1013,DEL033,Centro,B,5702,0.222,6,7,1,28,504
MED0025,DEL033,Centro,B,5510,0.216,6,7,1,27,486
MED0439,DEL033,Centro,B,5332,0.276,13,7,-6,-87,-1566
MED1996,DEL033,Centro,B,5267,0.212,5,7,2,59,1062
MED1277,DEL033,Centro,B,5252,0.213,6,6,0,0,0
MED1872,DEL033,Centro,B,5218,0.214,5,6,1,33,594
MED1586,DEL033,Centro,B,5004,0.267,5,6,1,31,558
MED1509,DEL033,Centro,B,4880,0.134,0,6,6,546,9828
MED1239,DEL033,Centro,B,4863,0.198,3,6,3,125,2250
MED0689,DEL033,Centro,B,4782,0.192,7,6,-1,-24,-432
MED0023,DEL033,Centro,B,4461,0.227,5,6,1,28,504
MED0874,DEL033,Centro,B,4369,0.178,3,6,3,112,2016
MED0351,DEL033,Centro,B,4263,0.187,5,6,1,27,486
MED0702,DEL033,Centro,B,4252,0.21,3,6,3,109,1962
MED0387,DEL033,Centro,B,4140,0.248,7,5,-2,-46,-828
MED0435,DEL033,Centro,B,3995,0.132,0,5,5,422,7596
MED1213,DEL033,Centro,B,3781,0.217,8,5,-3,-58,-1044
MED1285,DEL033,Centro,B,3717,0.151,1,5,4,225,4050
MED1046,DEL033,Centro,B,3678,0.256,17,5,-12,-121,-2178
MED1440,DEL033,Centro,B,3620,0.216,3,5,2,70,1260
MED0516,DEL033,Centro,B,3470,0.151,1,5,4,210,3780
MED1568,DEL033,Centro,B,3277,0.135,1,5,4,198,3564
MED1579,DEL033,Centro,B,3116,0.197,4,4,0,0,0
MED1184,DEL033,Centro,C,2336,0.159,1,3,2,96,1728
MED1274,DEL033,Centro,C,2328,0.121,0,3,3,201,3618
MED1537,DEL033,Centro,C,1966,0.187,2,3,1,32,576
MED1254,DEL033,Centro,C,1921,0.133,0,3,3,166,2988
MED0881,DEL033,Centro,C,1849,0.281,13,3,-10,-87,-1566
MED1937,DEL033,Centro,C,1728,0.196,2,3,1,28,504
MED0454,DEL033,Centro,C,1717,0.119,0,3,3,148,2664
MED1085,DEL033,Centro,C,1713,0.131,0,3,3,148,2664
MED0738,DEL033,Centro,C,1683,0.19,1,3,2,69,1242
MED1858,DEL033,Centro,C,1675,0.189,2,3,1,27,486
MED1914,DEL033,Centro,C,1672,0.159,1,3,2,69,1242
MED1086,DEL033,Centro,C,1670,0.198,2,3,1,27,486
MED1463,DEL033,Centro,C,1663,0.109,0,3,3,143,2574
MED0907,DEL033,Centro,C,1618,0.228,3,2,-1,-26,-468
MED1409,DEL033,Centro,C,1590,0.131,0,2,2,111,1998
MED1918,DEL033,Centro,C,1547,0.131,1,2,1,39,702
MED1566,DEL033,Centro,C,1541,0.236,3,2,-1,-25,-450
MED0189,DEL033,Centro,C,1473,0.123,0,2,2,103,1854
MED1082,DEL033,Centro,C,1468,0.233,2,2,0,0,0
MED1329,DEL033,Centro,C,1393,0.114,0,2,2,98,1764
MED1683,DEL033,Centro,C,1299,0.125,0,2,2,91,1638
MED0440,DEL033,Centro,C,1289,0.109,0,2,2,90,1620
MED0318,DEL033,Centro,C,1236,0.122,0,2,2,87,1566
MED1770,DEL033,Centro,C,1056,0.17,1,2,1,27,486
MED0116,DEL034,Levante,A,14661,0.133,0,10,10,1860,33480
MED1367,DEL034,Levante,A,14325,0.223,11,10,-1,-34,-612
MED1220,DEL034,Levante,A,13268,0.238,7,9,2,97,1746
MED1746,DEL034,Levante,A,11623,0.266,19,9,-10,-189,-3402
MED0456,DEL034,Levante,A,9458,0.222,8,8,0,0,0
MED0920,DEL034,Levante,B,7160,0.204,3,6,3,183,3294
MED1866,DEL034,Levante,B,6574,0.182,2,6,4,274,4932
MED0034,DEL034,Levante,B,6515,0.195,5,6,1,41,738
MED0497,DEL034,Levante,B,5809,0.19,4,5,1,48,864
MED1479,DEL034,Levante,B,5565,0.127,0,5,5,587,10566
MED0206,DEL034,Levante,B,5393,0.202,5,5,0,0,0
MED0557,DEL034,Levante,B,5375,0.233,6,5,-1,-34,-612
MED0301,DEL034,Levante,B,5187,0.18,4,5,1,42,756
MED1585,DEL034,Levante,B,5090,0.262,7,5,-2,-57,-1026
MED1054,DEL034,Levante,B,4956,0.153,1,5,4,300,5400
MED0021,DEL034,Levante,B,4818,0.228,9,5,-4,-89,-1602
MED0923,DEL034,Levante,B,4601,0.194,3,5,2,89,1602
MED1400,DEL034,Levante,B,4532,0.242,7,4,-3,-88,-1584
MED1653,DEL034,Levante,B,4532,0.119,0,4,4,441,7938
MED0951,DEL034,Levante,B,4386,0.134,1,4,3,230,4140
MED1806,DEL034,Levante,B,4261,0.198,4,4,0,0,0
MED1179,DEL034,Levante,B,4053,0.232,19,4,-15,-174,-3132
MED0319,DEL034,Levante,B,3688,0.186,3,4,1,41,738
MED0267,DEL034,Levante,B,3644,0.151,1,4,3,191,3438
MED0972,DEL034,Levante,B,3501,0.228,13,4,-9,-125,-2250
MED1564,DEL034,Levante,B,3049,0.26,9,3,-6,-116,-2088
MED1659,DEL034,Levante,C,2550,0.19,2,3,1,41,738
MED1549,DEL034,Levante,C,2338,0.234,3,3,0,0,0
MED0392,DEL034,Levante,C,1983,0.255,3,2,-1,-32,-576
MED0705,DEL034,Levante,C,1918,0.218,2,2,0,0,0
MED1328,DEL034,Levante,C,1799,0.136,1,2,1,45,810
MED0484,DEL034,Levante,C,1794,0.153,1,2,1,45,810
MED1203,DEL034,Levante,C,1662,0.177,1,2,1,42,756
MED0412,DEL034,Levante,C,1594,0.103,0,2,2,112,2016
MED0473,DEL034,Levante,C,1578,0.183,1,2,1,40,720
MED0186,DEL034,Levante,C,1545,0.22,2,2,0,0,0
MED0421,DEL034,Levante,C,1500,0.131,0,2,2,105,1890
MED1877,DEL034,Levante,C,1477,0.198,2,2,0,0,0
MED0514,DEL034,Levante,C,1431,0.18,2,1,-1,-36,-648
MED1471,DEL034,Levante,C,1414,0.106,0,1,1,64,1152
MED1903,DEL034,Levante,C,1388,0.207,2,1,-1,-35,-630
MED0592,DEL034,Levante,C,1324,0.191,1,1,0,0,0
MED0826,DEL034,Levante,C,1302,0.11,0,1,1,59,1062
MED1847,DEL034,Levante,C,1054,0.196,2,1,-1,-27,-486
MED0215,DEL035,Sur,A,14008,0.219,10,12,2,62,1116
MED1769,DEL035,Sur,A,12210,0.22,23,11,-12,-171,-3078
MED1091,DEL035,Sur,A,10009,0.183,22,10,-12,-157,-2826
MED0796,DEL035,Sur,A,9286,0.243,10,9,-1,-26,-468
MED1787,DEL035,Sur,B,6505,0.206,5,7,2,73,1314
MED1005,DEL035,Sur,B,5858,0.226,9,7,-2,-43,-774
MED1783,DEL035,Sur,B,5752,0.235,5,7,2,65,1170
MED0956,DEL035,Sur,B,5719,0.119,0,7,7,668,12024
MED0614,DEL035,Sur,B,5496,0.241,5,6,1,34,612
MED0899,DEL035,Sur,B,4837,0.202,5,6,1,30,540
MED0566,DEL035,Sur,B,4635,0.178,3,6,3,119,2142
MED0986,DEL035,Sur,B,4548,0.226,8,6,-2,-41,-738
MED1109,DEL035,Sur,B,4466,0.24,6,6,0,0,0
MED1270,DEL035,Sur,B,4377,0.213,6,5,-1,-27,-486
MED1704,DEL035,Sur,B,4340,0.129,0,5,5,458,8244
MED1810,DEL035,Sur,B,4329,0.17,4,5,1,35,630
MED1670,DEL035,Sur,B,4267,0.206,5,5,0,0,0
MED0259,DEL035,Sur,B,3016,0.205,3,4,1,34,612
MED1812,DEL035,Sur,C,2110,0.261,4,3,-1,-24,-432
MED0232,DEL035,Sur,C,1902,0.13,0,3,3,164,2952
MED0201,DEL035,Sur,C,1875,0.21,3,3,0,0,0
MED1665,DEL035,Sur,C,1791,0.121,0,3,3,154,2772
MED0288,DEL035,Sur,C,1749,0.227,3,3,0,0,0
MED1757,DEL035,Sur,C,1651,0.106,0,2,2,116,2088
MED1061,DEL035,Sur,C,1556,0.184,2,2,0,0,0
MED0410,DEL035,Sur,C,1553,0.118,0,2,2,109,1962
MED0233,DEL035,Sur,C,1550,0.242,9,2,-7,-84,-1512
MED0164,DEL035,Sur,C,1348,0.179,1,2,1,34,612
MED0502,DEL035,Sur,C,1234,0.199,1,2,1,31,558
MED1528,DEL035,Sur,C,1040,0.124,0,1,1,47,846
MED1438,DEL036,Noreste,A,15644,0.246,10,10,0,0,0
MED0158,DEL036,Noreste,A,13894,0.214,18,9,-9,-213,-3834
MED1102,DEL036,Noreste,A,11135,0.24,24,8,-16,-257,-4626
MED0298,DEL036,Noreste,A,8476,0.24,14,7,-7,-152,-2736
MED1006,DEL036,Noreste,B,6424,0.193,6,5,-1,-40,-720
MED0273,DEL036,Noreste,B,6262,0.214,9,5,-4,-116,-2088
MED0142,DEL036,Noreste,B,6036,0.193,2,5,3,214,3852
MED0145,DEL036,Noreste,B,6017,0.16,1,5,4,364,6552
MED1546,DEL036,Noreste,B,5833,0.184,3,5,2,113,2034
MED1461,DEL036,Noreste,B,5564,0.247,6,5,-1,-35,-630
MED1060,DEL036,Noreste,B,5400,0.219,4,5,1,44,792
MED0393,DEL036,Noreste,B,5193,0.097,0,5,5,548,9864
MED1686,DEL036,Noreste,B,5161,0.236,5,5,0,0,0
MED1040,DEL036,Noreste,B,4931,0.122,0,5,5,520,9360
MED0357,DEL036,Noreste,B,4608,0.127,0,4,4,448,8064
MED1418,DEL036,Noreste,B,4595,0.19,3,4,1,51,918
MED1510,DEL036,Noreste,B,4575,0.16,2,4,2,124,2232
MED0666,DEL036,Noreste,B,4547,0.17,3,4,1,51,918
MED0441,DEL036,Noreste,B,4297,0.205,3,4,1,48,864
MED0919,DEL036,Noreste,B,4067,0.124,0,4,4,396,7128
MED1520,DEL036,Noreste,B,3212,0.26,7,3,-4,-98,-1764
MED0833,DEL036,Noreste,B,2704,0.237,6,3,-3,-69,-1242
MED0971,DEL036,Noreste,B,2582,0.186,3,3,0,0,0
MED0756,DEL036,Noreste,C,2153,0.113,0,2,2,151,2718
MED0884,DEL036,Noreste,C,2152,0.138,0,2,2,151,2718
MED1133,DEL036,Noreste,C,2010,0.175,1,2,1,51,918
MED0268,DEL036,Noreste,C,1884,0.182,1,2,1,47,846
MED1219,DEL036,Noreste,C,1878,0.157,1,2,1,47,846
MED0914,DEL036,Noreste,C,1865,0.144,0,2,2,131,2358
MED0835,DEL036,Noreste,C,1846,0.104,0,2,2,129,2322
MED0072,DEL036,Noreste,C,1778,0.175,1,2,1,45,810
MED1870,DEL036,Noreste,C,1758,0.167,1,2,1,44,792
MED1401,DEL036,Noreste,C,1705,0.112,0,2,2,120,2160
MED1515,DEL036,Noreste,C,1693,0.108,0,2,2,119,2142
MED0602,DEL036,Noreste,C,1680,0.206,3,2,-1,-27,-486
MED0783,DEL036,Noreste,C,1623,0.2,3,2,-1,-26,-468
MED1506,DEL036,Noreste,C,1594,0.285,6,1,-5,-106,-1908
MED0136,DEL036,Noreste,C,1552,0.128,0,1,1,70,1260
MED0196,DEL036,Noreste,C,1516,0.19,1,1,0,0,0
MED0207,DEL036,Noreste,C,1406,0.171,1,1,0,0,0
MED1427,DEL036,Noreste,C,1320,0.192,1,1,0,0,0
MED0489,DEL036,Noreste,C,1226,0.139,0,1,1,55,990
MED1478,DEL036,Noreste,C,1005,0.17,1,1,0,0,0
MED1594,DEL036,Noreste,C,1003,0.161,1,1,0,0,0
MED1334,DEL037,Noroeste,A,14488,0.226,17,12,-5,-103,-1854
MED1240,DEL037,Noroeste,B,6613,0.238,7,7,0,0,0
MED0544,DEL037,Noroeste,B,6167,0.22,4,7,3,120,2160
MED1519,DEL037,Noroeste,B,5834,0.211,11,7,-4,-73,-1314
MED1276,DEL037,Noroeste,B,4945,0.172,1,6,5,330,5940
MED1803,DEL037,Noroeste,B,4733,0.194,3,6,3,121,2178
MED1894,DEL037,Noroeste,B,4284,0.205,15,5,-10,-131,-2358
MED1865,DEL037,Noroeste,B,3871,0.15,1,5,4,234,4212
MED0278,DEL037,Noroeste,B,3846,0.207,6,5,-1,-24,-432
MED1838,DEL037,Noroeste,B,3625,0.25,8,5,-3,-55,-990
MED0120,DEL037,Noroeste,B,3479,0.165,2,4,2,95,1710
MED1907,DEL037,Noroeste,C,2004,0.204,2,3,1,32,576
MED1664,DEL037,Noroeste,C,1892,0.138,0,3,3,163,2934
MED1191,DEL037,Noroeste,C,1805,0.202,2,3,1,29,522
MED0715,DEL037,Noroeste,C,1719,0.181,3,2,-1,-28,-504
MED0470,DEL037,Noroeste,C,1657,0.173,2,2,0,0,0
MED1732,DEL037,Noroeste,C,1570,0.115,0,2,2,110,1980
MED0099,DEL037,Noroeste,C,1482,0.165,1,2,1,37,666
MED1830,DEL037,Noroeste,C,1467,0.266,3,2,-1,-24,-432
MED1459,DEL038,Centro,A,13671,0.235,18,10,-8,-171,-3078
MED1808,DEL038,Centro,A,10593,0.209,11,8,-3,-90,-1620
MED1582,DEL038,Centro,A,10506,0.279,13,8,-5,-129,-2322
MED1621,DEL038,Centro,A,10340,0.285,12,8,-4,-109,-1962
MED0063,DEL038,Centro,A,7458,0.239,20,7,-13,-182,-3276
MED1258,DEL038,Centro,B,6002,0.233,4,6,2,87,1566
MED1138,DEL038,Centro,B,5854,0.201,5,6,1,37,666
MED1852,DEL038,Centro,B,5654,0.179,2,5,3,200,3600
MED0958,DEL038,Centro,B,5573,0.168,2,5,3,197,3546
MED0041,DEL038,Centro,B,5563,0.144,0,5,5,587,10566
MED1083,DEL038,Centro,B,5499,0.145,1,5,4,333,5994
MED1233,DEL038,Centro,B,5419,0.23,7,5,-2,-61,-1098
MED1175,DEL038,Centro,B,5219,0.198,5,5,0,0,0
MED1202,DEL038,Centro,B,5179,0.204,4,5,1,42,756
MED1290,DEL038,Centro,B,5052,0.179,3,5,2,98,1764
MED0466,DEL038,Centro,B,5036,0.2,4,5,1,41,738
MED0307,DEL038,Centro,B,4609,0.159,2,5,3,163,2934
MED1781,DEL038,Centro,B,4563,0.133,0,5,5,481,8658
MED1710,DEL038,Centro,B,4535,0.213,8,5,-3,-69,-1242
MED0434,DEL038,Centro,B,4478,0.213,4,5,1,37,666
MED1209,DEL038,Centro,B,4306,0.198,2,4,2,117,2106
MED0177,DEL038,Centro,B,4120,0.199,2,4,2,112,2016
MED1065,DEL038,Centro,B,4047,0.235,7,4,-3,-79,-1422
MED0462,DEL038,Centro,C,2407,0.209,2,3,1,39,702
MED0361,DEL038,Centro,C,2320,0.156,1,3,2,96,1728
MED1398,DEL038,Centro,C,2101,0.115,0,2,2,147,2646
MED1305,DEL038,Centro,C,2061,0.182,1,2,1,52,936
MED1417,DEL038,Centro,C,2022,0.121,0,2,2,142,2556
MED1831,DEL038,Centro,C,2019,0.11,0,2,2,142,2556
MED1358,DEL038,Centro,C,1883,0.189,1,2,1,47,846
MED1821,DEL038,Centro,C,1790,0.139,0,2,2,126,2268
MED0601,DEL038,Centro,C,1749,0.186,1,2,1,44,792
MED1088,DEL038,Centro,C,1717,0.219,2,2,0,0,0
MED1154,DEL038,Centro,C,1697,0.204,2,2,0,0,0
MED1286,DEL038,Centro,C,1645,0.183,3,2,-1,-26,-468
MED0902,DEL038,Centro,C,1617,0.205,2,2,0,0,0
MED0793,DEL038,Centro,C,1591,0.199,3,2,-1,-26,-468
MED1229,DEL038,Centro,C,1578,0.233,2,2,0,0,0
MED0604,DEL038,Centro,C,1576,0.237,3,2,-1,-25,-450
MED0834,DEL038,Centro,C,1516,0.266,6,2,-4,-63,-1134
MED1651,DEL038,Centro,C,1426,0.165,1,1,0,0,0
MED1021,DEL038,Centro,C,1387,0.181,1,1,0,0,0
MED0771,DEL038,Centro,C,1356,0.232,3,1,-2,-56,-1008
MED0762,DEL038,Centro,C,1354,0.175,1,1,0,0,0
MED1226,DEL038,Centro,C,1224,0.187,1,1,0,0,0
MED1010,DEL038,Centro,C,1099,0.13,0,1,1,49,882
MED0360,DEL038,Centro,C,1013,0.133,0,1,1,46,828
MED0463,DEL038,Centro,C,951,0.216,2,1,-1,-24,-432
MED1103,DEL039,Levante,A,14553,0.234,16,11,-5,-117,-2106
MED1861,DEL039,Levante,A,14543,0.235,8,11,3,123,2214
MED0650,DEL039,Levante,A,13607,0.17,10,10,0,0,0
MED0354,DEL039,Levante,A,13485,0.241,9,10,1,38,684
MED0044,DEL039,Levante,A,13102,0.191,4,10,6,387,6966
MED0490,DEL039,Levante,A,12783,0.105,0,10,10,1622,29196
MED0527,DEL039,Levante,A,8445,0.218,21,8,-13,-179,-3222
MED1454,DEL039,Levante,B,7177,0.238,6,7,1,36,648
MED1714,DEL039,Levante,B,6280,0.213,6,6,0,0,0
MED1144,DEL039,Levante,B,5698,0.23,9,6,-3,-70,-1260
MED1056,DEL039,Levante,B,5514,0.205,4,6,2,80,1440
MED0988,DEL039,Levante,B,5271,0.114,0,5,5,556,10008
MED1778,DEL039,Levante,B,5213,0.277,22,5,-17,-193,-3474
MED0697,DEL039,Levante,B,5046,0.242,4,5,1,41,738
MED1905,DEL039,Levante,B,4902,0.124,0,5,5,517,9306
MED1951,DEL039,Levante,B,4894,0.237,7,5,-2,-55,-990
MED0624,DEL039,Levante,B,4560,0.203,3,5,2,88,1584
MED0202,DEL039,Levante,B,4521,0.229,6,5,-1,-28,-504
MED0636,DEL039,Levante,B,4197,0.163,2,5,3,149,2682
MED0073,DEL039,Levante,B,4081,0.257,9,5,-4,-76,-1368
MED0877,DEL039,Levante,B,3773,0.235,5,4,-1,-31,-558
MED0089,DEL039,Levante,B,3644,0.126,0,4,4,355,6390
MED1172,DEL039,Levante,B,3633,0.221,5,4,-1,-30,-540
MED1014,DEL039,Levante,B,2561,0.249,9,3,-6,-97,-1746
MED0569,DEL039,Levante,C,2448,0.134,0,3,3,211,3798
MED0047,DEL039,Levante,C,2404,0.159,1,3,2,99,1782
MED1991,DEL039,Levante,C,1996,0.104,0,2,2,140,2520
MED0263,DEL039,Levante,C,1979,0.128,0,2,2,139,2502
MED1841,DEL039,Levante,C,1966,0.216,3,2,-1,-32,-576
MED1612,DEL039,Levante,C,1853,0.114,0,2,2,130,2340
MED1473,DEL039,Levante,C,1794,0.121,0,2,2,126,2268
MED0013,DEL039,Levante,C,1767,0.128,0,2,2,124,2232
MED0819,DEL039,Levante,C,1753,0.259,8,2,-6,-89,-1602
MED0498,DEL039,Levante,C,1750,0.117,0,2,2,123,2214
MED0364,DEL039,Levante,C,1730,0.129,0,2,2,121,2178
MED0003,DEL039,Levante,C,1707,0.188,2,2,0,0,0
MED0911,DEL039,Levante,C,1570,0.143,0,2,2,110,1980
MED0061,DEL039,Levante,C,1563,0.144,0,2,2,110,1980
MED0713,DEL039,Levante,C,1552,0.251,8,2,-6,-79,-1422
MED1272,DEL039,Levante,C,1508,0.159,1,2,1,38,684
MED1050,DEL039,Levante,C,1470,0.138,0,2,2,103,1854
MED0258,DEL039,Levante,C,1450,0.203,2,2,0,0,0
MED0369,DEL039,Levante,C,1290,0.178,1,1,0,0,0
MED1279,DEL039,Levante,C,1282,0.165,1,1,0,0,0
MED1224,DEL039,Levante,C,1275,0.126,0,1,1,57,1026
MED1684,DEL039,Levante,C,1187,0.188,1,1,0,0,0
MED0423,DEL039,Levante,C,955,0.264,5,1,-4,-58,-1044
MED1036,DEL040,Sur,A,11435,0.257,15,8,-7,-175,-3150
MED0210,DEL040,Sur,A,10834,0.215,14,8,-6,-150,-2700
MED1489,DEL040,Sur,B,5973,0.179,1,5,4,362,6516
MED0879,DEL040,Sur,B,5256,0.237,6,5,-1,-33,-594
MED1997,DEL040,Sur,B,4938,0.196,4,5,1,40,720
MED1900,DEL040,Sur,B,4861,0.229,6,4,-2,-70,-1260
MED0036,DEL040,Sur,B,4854,0.145,1,4,3,254,4572
MED0931,DEL040,Sur,B,4661,0.249,5,4,-1,-38,-684
MED1784,DEL040,Sur,B,4640,0.186,1,4,3,243,4374
MED1016,DEL040,Sur,B,4635,0.208,5,4,-1,-38,-684
MED0959,DEL040,Sur,B,4625,0.151,1,4,3,242,4356
MED1235,DEL040,Sur,B,4596,0.187,8,4,-4,-108,-1944
MED1380,DEL040,Sur,B,4435,0.163,1,4,3,232,4176
MED0358,DEL040,Sur,B,3513,0.147,0,3,3,303,5454
MED1668,DEL040,Sur,C,1971,0.125,0,2,2,138,2484
MED1232,DEL040,Sur,C,1768,0.162,1,2,1,44,792
MED1719,DEL040,Sur,C,1758,0.104,0,2,2,123,2214
MED0474,DEL040,Sur,C,1726,0.199,3,2,-1,-28,-504
MED0480,DEL040,Sur,C,1685,0.242,8,2,-6,-85,-1530
MED0872,DEL040,Sur,C,1488,0.117,0,1,1,67,1206
MED0306,DEL040,Sur,C,1483,0.149,1,1,0,0,0
MED0290,DEL040,Sur,C,1436,0.159,1,1,0,0,0
MED1679,DEL040,Sur,C,1418,0.133,0,1,1,64,1152
MED0178,DEL040,Sur,C,1256,0.115,0,1,1,56,1008
MED1015,DEL040,Sur,C,1247,0.12,0,1,1,56,1008
MED1193,DEL041,Noreste,A,17555,0.216,18,13,-5,-111,-1998
MED1464,DEL041,Noreste,A,16269,0.212,14,12,-2,-55,-990
MED1809,DEL041,Noreste,A,11647,0.229,13,10,-3,-72,-1296
MED0093,DEL041,Noreste,A,10163,0.241,14,9,-5,-107,-1926
MED1271,DEL041,Noreste,B,6186,0.188,6,7,1,31,558
MED0313,DEL041,Noreste,B,5927,0.192,3,6,3,152,2736
MED0165,DEL041,Noreste,B,5894,0.184,11,6,-5,-103,-1854
MED0891,DEL041,Noreste,B,5810,0.201,3,6,3,149,2682
MED0978,DEL041,Noreste,B,5628,0.268,15,6,-9,-136,-2448
MED0168,DEL041,Noreste,B,5172,0.24,5,6,1,32,576
MED1886,DEL041,Noreste,B,5171,0.188,3,6,3,132,2376
MED1044,DEL041,Noreste,B,4758,0.178,2,5,3,168,3024
MED1237,DEL041,Noreste,B,4387,0.224,3,5,2,85,1530
MED0611,DEL041,Noreste,B,4127,0.152,1,5,4,250,4500
MED1223,DEL041,Noreste,B,3971,0.2,3,5,2,77,1386
MED0251,DEL041,Noreste,B,3877,0.251,5,5,0,0,0
MED1263,DEL041,Noreste,B,3757,0.245,7,5,-2,-42,-756
MED0106,DEL041,Noreste,B,3673,0.23,6,4,-2,-53,-954
MED0892,DEL041,Noreste,B,3664,0.234,7,4,-3,-71,-1278
MED0001,DEL041,Noreste,C,2196,0.241,5,3,-2,-42,-756
MED1163,DEL041,Noreste,C,2074,0.219,3,3,0,0,0
MED0528,DEL041,Noreste,C,2025,0.152,1,3,2,83,1494
MED1663,DEL041,Noreste,C,1943,0.192,2,3,1,31,558
MED1472,DEL041,Noreste,C,1916,0.113,0,3,3,165,2970
MED0139,DEL041,Noreste,C,1895,0.193,1,2,1,48,864
MED0896,DEL041,Noreste,C,1888,0.263,7,2,-5,-88,-1584
MED1482,DEL041,Noreste,C,1859,0.168,1,2,1,47,846
MED0271,DEL041,Noreste,C,1853,0.222,4,2,-2,-50,-900
MED0822,DEL041,Noreste,C,1843,0.149,0,2,2,129,2322
MED0331,DEL041,Noreste,C,1799,0.12,0,2,2,126,2268
MED1444,DEL041,Noreste,C,1766,0.187,1,2,1,44,792
MED0141,DEL041,Noreste,C,1729,0.116,0,2,2,121,2178
MED0847,DEL041,Noreste,C,1685,0.136,0,2,2,118,2124
MED1346,DEL041,Noreste,C,1587,0.124,0,2,2,111,1998
MED0535,DEL041,Noreste,C,1578,0.125,0,2,2,111,1998
MED0445,DEL041,Noreste,C,1570,0.185,2,2,0,0,0
MED1954,DEL041,Noreste,C,1423,0.162,1,2,1,36,648
MED1033,DEL041,Noreste,C,1349,0.144,1,2,1,34,612
MED0355,DEL041,Noreste,C,1265,0.17,1,2,1,32,576
MED1660,DEL041,Noreste,C,1125,0.185,2,1,-1,-28,-504
MED1297,DEL041,Noreste,C,1108,0.167,1,1,0,0,0
MED0376,DEL041,Noreste,C,935,0.14,1,1,0,0,0
MED1075,DEL042,Noroeste,A,16246,0.234,23,10,-13,-266,-4788
MED1595,DEL042,Noroeste,A,14305,0.226,7,10,3,145,2610
MED1526,DEL042,Noroeste,A,13134,0.237,15,9,-6,-157,-2826
MED1747,DEL042,Noroeste,A,12607,0.151,1,9,8,997,17946
MED0924,DEL042,Noroeste,A,12111,0.147,1,9,8,958,17244
MED0305,DEL042,Noroeste,A,11657,0.187,7,8,1,47,846
MED0478,DEL042,Noroeste,A,10416,0.2,9,8,-1,-35,-630
MED1476,DEL042,Noroeste,A,9940,0.263,7,8,1,40,720
MED0297,DEL042,Noroeste,A,8404,0.253,15,7,-8,-162,-2916
MED1919,DEL042,Noroeste,B,6238,0.12,0,6,6,697,12546
MED0094,DEL042,Noroeste,B,5868,0.242,4,5,1,48,864
MED0017,DEL042,Noroeste,B,5426,0.217,3,5,2,105,1890
MED0006,DEL042,Noroeste,B,5286,0.184,3,5,2,102,1836
MED1840,DEL042,Noroeste,B,5181,0.175,3,5,2,100,1800
MED0794,DEL042,Noroeste,B,4541,0.24,8,4,-4,-106,-1908
MED0638,DEL042,Noroeste,B,4253,0.249,6,4,-2,-61,-1098
MED0668,DEL042,Noroeste,B,4100,0.18,2,4,2,112,2016
MED0809,DEL042,Noroeste,B,4073,0.181,1,4,3,213,3834
MED0629,DEL042,Noroeste,B,3903,0.229,8,4,-4,-91,-1638
MED1094,DEL042,Noroeste,B,3805,0.197,7,4,-3,-74,-1332
MED1650,DEL042,Noroeste,B,3685,0.167,1,4,3,193,3474
MED1552,DEL042,Noroeste,B,3660,0.172,2,4,2,100,1800
MED1671,DEL042,Noroeste,B,3328,0.226,5,3,-2,-64,-1152
MED0459,DEL042,Noroeste,B,2939,0.122,0,3,3,253,4554
MED0399,DEL042,Noroeste,C,2676,0.124,0,3,3,231,4158
MED1667,DEL042,Noroeste,C,2198,0.174,1,2,1,55,990
MED1502,DEL042,Noroeste,C,1881,0.131,0,2,2,132,2376
MED0781,DEL042,Noroeste,C,1873,0.133,0,2,2,131,2358
MED1374,DEL042,Noroeste,C,1786,0.261,9,2,-7,-96,-1728
MED1389,DEL042,Noroeste,C,1775,0.189,2,2,0,0,0
MED1324,DEL042,Noroeste,C,1753,0.194,2,2,0,0,0
MED1538,DEL042,Noroeste,C,1731,0.144,0,2,2,121,2178
MED0299,DEL042,Noroeste,C,1709,0.153,1,2,1,43,774
MED1580,DEL042,Noroeste,C,1452,0.192,2,1,-1,-37,-666
MED0761,DEL042,Noroeste,C,1352,0.178,4,1,-3,-71,-1278
MED1246,DEL042,Noroeste,C,1056,0.165,1,1,0,0,0
MED1009,DEL042,Noroeste,C,1027,0.227,3,1,-2,-42,-756
MED0938,DEL042,Noroeste,C,1024,0.202,3,1,-2,-42,-756
MED1356,DEL043,Centro,A,14472,0.222,17,10,-7,-167,-3006
MED0447,DEL043,Centro,A,14460,0.227,15,10,-5,-133,-2394
MED0085,DEL043,Centro,A,13599,0.258,9,10,1,38,684
MED1641,DEL043,Centro,A,12123,0.224,15,9,-6,-145,-2610
MED1678,DEL043,Centro,A,11955,0.269,12,9,-3,-86,-1548
MED0811,DEL043,Centro,A,11402,0.19,17,9,-8,-163,-2934
MED1635,DEL043,Centro,A,10683,0.16,3,8,5,369,6642
MED0895,DEL043,Centro,A,10595,0.246,19,8,-11,-207,-3726
MED0471,DEL043,Centro,A,8867,0.222,13,7,-6,-145,-2610
MED0806,DEL043,Centro,A,6618,0.134,0,6,6,740,13320
MED0184,DEL043,Centro,B,5774,0.17,1,6,5,386,6948
MED0599,DEL043,Centro,B,5771,0.209,8,5,-3,-88,-1584
MED1403,DEL043,Centro,B,5480,0.199,5,5,0,0,0
MED1260,DEL043,Centro,B,5042,0.193,3,5,2,97,1746
MED1030,DEL043,Centro,B,4957,0.204,4,5,1,41,738
MED0339,DEL043,Centro,B,4676,0.231,6,5,-1,-29,-522
MED0941,DEL043,Centro,B,4604,0.22,4,5,1,38,684
MED0310,DEL043,Centro,B,4546,0.178,4,5,1,37,666
MED0209,DEL043,Centro,B,4256,0.156,2,4,2,116,2088
MED0124,DEL043,Centro,B,4099,0.233,5,4,-1,-34,-612
MED1248,DEL043,Centro,B,3935,0.255,5,4,-1,-32,-576
MED0243,DEL043,Centro,B,3753,0.091,0,4,4,365,6570
MED0385,DEL043,Centro,C,2102,0.113,0,2,2,147,2646
MED0589,DEL043,Centro,C,2092,0.104,0,2,2,147,2646
MED1135,DEL043,Centro,C,2067,0.133,0,2,2,145,2610
MED1251,DEL043,Centro,C,2025,0.2,3,2,-1,-33,-594
MED1927,DEL043,Centro,C,2016,0.124,0,2,2,141,2538
MED0996,DEL043,Centro,C,2008,0.143,0,2,2,141,2538
MED0499,DEL043,Centro,C,1877,0.125,0,2,2,132,2376
MED0631,DEL043,Centro,C,1865,0.217,2,2,0,0,0
MED0505,DEL043,Centro,C,1831,0.118,0,2,2,128,2304
MED1745,DEL043,Centro,C,1755,0.138,0,2,2,123,2214
MED1722,DEL043,Centro,C,1742,0.168,1,2,1,44,792
MED0066,DEL043,Centro,C,1713,0.2,1,2,1,43,774
MED0652,DEL043,Centro,C,1682,0.103,0,2,2,118,2124
MED0595,DEL043,Centro,C,1644,0.125,0,2,2,115,2070
MED1742,DEL043,Centro,C,1628,0.25,2,2,0,0,0
MED1801,DEL043,Centro,C,1512,0.231,4,2,-2,-41,-738
MED0936,DEL043,Centro,C,1474,0.13,0,2,2,103,1854
MED1980,DEL043,Centro,C,1474,0.155,0,2,2,103,1854
MED0827,DEL043,Centro,C,1411,0.217,2,1,-1,-35,-630
MED0538,DEL043,Centro,C,1358,0.122,0,1,1,61,1098
MED1934,DEL043,Centro,C,1219,0.116,0,1,1,55,990
MED0593,DEL044,Levante,A,15395,0.224,16,10,-6,-160,-2880
MED1435,DEL044,Levante,A,12933,0.251,19,9,-10,-210,-3780
MED1825,DEL044,Levante,A,10116,0.235,10,8,-2,-62,-1116
MED0095,DEL044,Levante,B,5756,0.181,2,5,3,204,3672
MED1214,DEL044,Levante,B,5638,0.214,5,5,0,0,0
MED1867,DEL044,Levante,B,5265,0.221,4,5,1,43,774
MED1529,DEL044,Levante,B,5248,0.161,1,5,4,318,5724
MED0836,DEL044,Levante,B,5182,0.21,6,5,-1,-32,-576
MED0625,DEL044,Levante,B,5077,0.125,0,5,5,536,9648
MED0377,DEL044,Levante,B,4608,0.242,4,4,0,0,0
MED0910,DEL044,Levante,B,4088,0.237,5,4,-1,-33,-594
MED0989,DEL044,Levante,B,3994,0.194,4,4,0,0,0
MED0707,DEL044,Levante,B,3567,0.288,14,3,-11,-173,-3114
MED1396,DEL044,Levante,B,2987,0.117,0,3,3,257,4626
MED0779,DEL044,Levante,B,2824,0.187,3,3,0,0,0
MED0203,DEL044,Levante,B,2047,0.185,2,2,0,0,0
MED1941,DEL044,Levante,C,2145,0.117,0,2,2,150,2700
MED0582,DEL044,Levante,C,2115,0.122,0,2,2,148,2664
MED0548,DEL044,Levante,C,2096,0.115,0,2,2,147,2646
MED0082,DEL044,Levante,C,2055,0.187,1,2,1,52,936
MED0723,DEL044,Levante,C,2010,0.121,0,2,2,141,2538
MED0862,DEL044,Levante,C,2005,0.132,0,2,2,141,2538
MED0029,DEL044,Levante,C,1774,0.206,3,2,-1,-28,-504
MED1337,DEL044,Levante,C,1746,0.2,3,2,-1,-28,-504
MED1773,DEL044,Levante,C,1709,0.12,0,2,2,120,2160
MED0644,DEL044,Levante,C,1697,0.192,1,2,1,43,774
MED1638,DEL044,Levante,C,1696,0.228,3,2,-1,-27,-486
MED1772,DEL044,Levante,C,1675,0.186,1,2,1,42,756
MED1151,DEL044,Levante,C,1656,0.099,0,2,2,116,2088
MED0556,DEL044,Levante,C,1646,0.113,0,2,2,115,2070
MED0238,DEL044,Levante,C,1608,0.227,4,2,-2,-44,-792
MED1762,DEL044,Levante,C,1604,0.138,0,2,2,112,2016
MED0939,DEL044,Levante,C,1603,0.13,0,1,1,72,1296
MED0944,DEL044,Levante,C,1595,0.174,2,1,-1,-40,-720
MED1069,DEL044,Levante,C,1551,0.182,1,1,0,0,0
MED1614,DEL044,Levante,C,1531,0.119,0,1,1,69,1242
MED0746,DEL044,Levante,C,1514,0.177,1,1,0,0,0
MED0565,DEL044,Levante,C,1507,0.139,0,1,1,68,1224
MED0515,DEL044,Levante,C,1480,0.241,7,1,-6,-106,-1908
MED0335,DEL044,Levante,C,1472,0.125,0,1,1,66,1188
MED1873,DEL044,Levante,C,1313,0.147,0,1,1,59,1062
MED0254,DEL044,Levante,C,1149,0.136,0,1,1,52,936
MED1178,DEL044,Levante,C,1055,0.161,1,1,0,0,0
MED1601,DEL045,Sur,A,16134,0.266,23,12,-11,-193,-3474
MED0973,DEL045,Sur,A,13153,0.229,9,10,1,37,666
MED0670,DEL045,Sur,A,7673,0.214,7,7,0,0,0
MED0684,DEL045,Sur,B,6431,0.174,3,7,4,197,3546
MED0242,DEL045,Sur,B,5692,0.159,1,6,5,380,6840
MED1000,DEL045,Sur,B,5623,0.208,19,6,-13,-160,-2880
MED1017,DEL045,Sur,B,5509,0.231,5,6,1,35,630
MED0230,DEL045,Sur,B,5315,0.197,4,6,2,77,1386
MED0296,DEL045,Sur,B,5118,0.198,4,6,2,74,1332
MED0127,DEL045,Sur,B,4854,0.215,12,5,-7,-125,-2250
MED1196,DEL045,Sur,B,4612,0.196,5,5,0,0,0
MED1414,DEL045,Sur,B,4600,0.234,4,5,1,38,684
MED0261,DEL045,Sur,B,3841,0.187,2,4,2,105,1890
MED0054,DEL045,Sur,B,3645,0.229,4,4,0,0,0
MED0176,DEL045,Sur,B,2899,0.205,3,4,1,32,576
MED0065,DEL045,Sur,C,2314,0.178,1,3,2,95,1710
MED1450,DEL045,Sur,C,1964,0.231,5,3,-2,-38,-684
MED1898,DEL045,Sur,C,1886,0.125,0,2,2,132,2376
MED1949,DEL045,Sur,C,1884,0.192,1,2,1,47,846
MED0403,DEL045,Sur,C,1656,0.12,0,2,2,116,2088
MED1397,DEL045,Sur,C,1603,0.112,0,2,2,112,2016
MED1093,DEL045,Sur,C,1523,0.136,0,2,2,107,1926
MED0843,DEL045,Sur,C,1407,0.202,3,2,-1,-23,-414
MED0156,DEL045,Sur,C,1372,0.179,2,2,0,0,0
MED0465,DEL045,Sur,C,1345,0.195,2,2,0,0,0
MED1128,DEL045,Sur,C,1288,0.117,0,2,2,90,1620
MED0759,DEL045,Sur,C,1268,0.111,0,2,2,89,1602
MED1369,DEL046,Noreste,A,13213,0.209,23,10,-13,-216,-3888
MED1419,DEL046,Noreste,A,12670,0.2,23,10,-13,-207,-3726
MED0791,DEL046,Noreste,B,6658,0.162,1,6,5,445,8010
MED0056,DEL046,Noreste,B,6164,0.191,2,6,4,257,4626
MED1922,DEL046,Noreste,B,5562,0.127,0,6,6,622,11196
MED1983,DEL046,Noreste,B,5339,0.193,4,5,1,44,792
MED1911,DEL046,Noreste,B,5303,0.133,0,5,5,560,10080
MED1985,DEL046,Noreste,B,5292,0.152,1,5,4,320,5760
MED0646,DEL046,Noreste,B,5133,0.125,0,5,5,542,9756
MED1377,DEL046,Noreste,B,5002,0.166,3,5,2,97,1746
MED1048,DEL046,Noreste,B,4659,0.229,6,5,-1,-29,-522
MED0727,DEL046,Noreste,B,4583,0.171,1,5,4,277,4986
MED0750,DEL046,Noreste,B,4573,0.297,20,5,-15,-163,-2934
MED1952,DEL046,Noreste,B,4509,0.237,4,5,1,37,666
MED1126,DEL046,Noreste,B,4452,0.232,8,5,-3,-68,-1224
MED0520,DEL046,Noreste,B,4349,0.154,1,5,4,263,4734
MED1764,DEL046,Noreste,B,3938,0.229,5,4,-1,-32,-576
MED1950,DEL046,Noreste,B,3701,0.238,9,4,-5,-99,-1782
MED1416,DEL046,Noreste,B,3626,0.202,2,4,2,99,1782
MED1402,DEL046,Noreste,C,2004,0.229,2,2,0,0,0
MED1814,DEL046,Noreste,C,1971,0.193,2,2,0,0,0
MED0274,DEL046,Noreste,C,1936,0.129,0,2,2,136,2448
MED0477,DEL046,Noreste,C,1896,0.187,1,2,1,48,864
MED0632,DEL046,Noreste,C,1843,0.138,0,2,2,129,2322
MED1336,DEL046,Noreste,C,1841,0.11,0,2,2,129,2322
MED1264,DEL046,Noreste,C,1828,0.131,0,2,2,128,2304
MED0183,DEL046,Noreste,C,1827,0.251,4,2,-2,-50,-900
MED0135,DEL046,Noreste,C,1799,0.136,0,2,2,126,2268
MED1429,DEL046,Noreste,C,1754,0.112,0,2,2,123,2214
MED1637,DEL046,Noreste,C,1658,0.174,1,2,1,42,756
MED1943,DEL046,Noreste,C,1652,0.132,0,2,2,116,2088
MED1794,DEL046,Noreste,C,1610,0.161,1,2,1,40,720
MED0754,DEL046,Noreste,C,1562,0.184,1,2,1,39,702
MED1856,DEL046,Noreste,C,1550,0.207,2,2,0,0,0
MED1152,DEL046,Noreste,C,1549,0.121,0,2,2,109,1962
MED1306,DEL046,Noreste,C,1535,0.156,1,2,1,39,702
MED0347,DEL046,Noreste,C,1512,0.181,1,2,1,38,684
MED0932,DEL046,Noreste,C,1404,0.127,0,2,2,98,1764
MED0260,DEL046,Noreste,C,1394,0.237,2,2,0,0,0
MED0674,DEL046,Noreste,C,1387,0.232,10,2,-8,-79,-1422
MED1207,DEL046,Noreste,C,1344,0.172,2,2,0,0,0
MED0325,DEL046,Noreste,C,1117,0.217,4,1,-3,-58,-1044
MED1718,DEL046,Noreste,C,1064,0.252,3,1,-2,-44,-792
MED0721,DEL046,Noreste,C,1019,0.185,2,1,-1,-26,-468
MED0993,DEL047,Noroeste,A,16976,0.222,22,12,-10,-192,-3456
MED1721,DEL047,Noroeste,A,16892,0.117,0,12,12,2218,39924
MED1186,DEL047,Noroeste,A,15359,0.19,13,12,-1,-27,-486
MED0555,DEL047,Noroeste,A,14612,0.205,22,11,-11,-195,-3510
MED0332,DEL047,Noroeste,A,9349,0.219,14,9,-5,-99,-1782
MED0510,DEL047,Noroeste,B,6642,0.215,7,7,0,0,0
MED1167,DEL047,Noroeste,B,6205,0.228,8,7,-1,-25,-450
MED1644,DEL047,Noroeste,B,5493,0.187,2,6,4,229,4122
MED0726,DEL047,Noroeste,B,4953,0.229,16,6,-10,-126,-2268
MED0801,DEL047,Noroeste,B,4928,0.205,7,6,-1,-24,-432
MED1962,DEL047,Noroeste,B,4692,0.192,3,5,2,91,1638
MED1110,DEL047,Noroeste,B,4276,0.226,6,5,-1,-27,-486
MED1317,DEL047,Noroeste,B,4194,0.163,1,5,4,254,4572
MED0062,DEL047,Noroeste,B,3787,0.215,5,5,0,0,0
MED1212,DEL047,Noroeste,B,2965,0.127,0,4,4,289,5202
MED0213,DEL047,Noroeste,C,2018,0.123,0,3,3,174,3132
MED1947,DEL047,Noroeste,C,1909,0.154,1,3,2,79,1422
MED1848,DEL047,Noroeste,C,1872,0.122,0,2,2,131,2358
MED1604,DEL047,Noroeste,C,1718,0.118,0,2,2,120,2160
MED0028,DEL047,Noroeste,C,1713,0.158,1,2,1,43,774
MED0005,DEL047,Noroeste,C,1669,0.141,0,2,2,117,2106
MED1031,DEL047,Noroeste,C,1560,0.115,0,2,2,109,1962
MED1137,DEL047,Noroeste,C,1479,0.231,3,2,-1,-24,-432
MED1628,DEL047,Noroeste,C,1423,0.163,2,2,0,0,0
MED1577,DEL047,Noroeste,C,1244,0.159,1,2,1,31,558
MED1146,DEL047,Noroeste,C,1207,0.222,2,1,-1,-30,-540
MED1363,DEL047,Noroeste,C,1007,0.21,1,1,0,0,0
MED0594,DEL047,Noroeste,C,996,0.108,0,1,1,45,810
MED0572,DEL048,Centro,A,16529,0.209,14,11,-3,-89,-1602
MED1395,DEL048,Centro,A,13819,0.211,8,10,2,84,1512
MED0321,DEL048,Centro,A,12880,0.27,13,10,-3,-80,-1440
MED0191,DEL048,Centro,A,11945,0.235,21,9,-12,-213,-3834
MED0732,DEL048,Centro,A,11040,0.186,2,9,7,596,10728
MED0751,DEL048,Centro,A,11001,0.222,9,9,0,0,0
MED1430,DEL048,Centro,A,10267,0.288,21,8,-13,-217,-3906
MED1717,DEL048,Centro,A,9742,0.23,20,8,-12,-199,-3582
MED0111,DEL048,Centro,A,7819,0.182,2,7,5,365,6570
MED1185,DEL048,Centro,B,6775,0.27,13,6,-7,-144,-2592
MED1550,DEL048,Centro,B,5933,0.225,10,6,-4,-89,-1602
MED0485,DEL048,Centro,B,5708,0.205,4,6,2,83,1494
MED1598,DEL048,Centro,B,5568,0.179,3,5,2,108,1944
MED0586,DEL048,Centro,B,5500,0.211,6,5,-1,-34,-612
MED0525,DEL048,Centro,B,5360,0.162,2,5,3,190,3420
MED1799,DEL048,Centro,B,5353,0.135,1,5,4,324,5832
MED1591,DEL048,Centro,B,5328,0.253,9,5,-4,-99,-1782
MED1986,DEL048,Centro,B,5044,0.189,4,5,1,41,738
MED0778,DEL048,Centro,B,5019,0.235,9,5,-4,-93,-1674
MED1869,DEL048,Centro,B,4977,0.17,1,5,4,301,5418
MED1282,DEL048,Centro,B,4814,0.159,1,5,4,291,5238
MED1827,DEL048,Centro,B,4761,0.215,6,5,-1,-30,-540
MED1391,DEL048,Centro,B,4709,0.214,5,5,0,0,0
MED1312,DEL048,Centro,B,4674,0.216,5,5,0,0,0
MED1284,DEL048,Centro,B,4622,0.24,13,5,-8,-127,-2286
MED0724,DEL048,Centro,B,4321,0.14,1,4,3,226,4068
MED0328,DEL048,Centro,B,4253,0.191,2,4,2,116,2088
MED0825,DEL048,Centro,B,4252,0.135,1,4,3,223,4014
MED1880,DEL048,Centro,B,4093,0.103,0,4,4,398,7164
MED0280,DEL048,Centro,B,4035,0.197,3,4,1,45,810
MED1020,DEL048,Centro,B,3993,0.156,1,4,3,209,3762
MED1727,DEL048,Centro,B,3785,0.197,4,4,0,0,0
MED0055,DEL048,Centro,B,3709,0.218,6,4,-2,-54,-972
MED1926,DEL048,Centro,B,2846,0.121,0,3,3,245,4410
MED1725,DEL048,Centro,C,1981,0.138,0,2,2,139,2502
MED1692,DEL048,Centro,C,1972,0.247,13,2,-11,-124,-2232
MED1265,DEL048,Centro,C,1967,0.197,1,2,1,49,882
MED0334,DEL048,Centro,C,1959,0.13,0,2,2,137,2466
MED0812,DEL048,Centro,C,1940,0.164,1,2,1,49,882
MED0371,DEL048,Centro,C,1927,0.132,0,2,2,135,2430
MED0966,DEL048,Centro,C,1864,0.137,0,2,2,131,2358
MED0438,DEL048,Centro,C,1794,0.167,1,2,1,45,810
MED1068,DEL048,Centro,C,1770,0.134,0,2,2,124,2232
MED1573,DEL048,Centro,C,1770,0.161,1,2,1,45,810
MED0092,DEL048,Centro,C,1768,0.212,2,2,0,0,0
MED1197,DEL048,Centro,C,1713,0.135,0,2,2,120,2160
MED1108,DEL048,Centro,C,1696,0.116,0,2,2,119,2142
MED1666,DEL048,Centro,C,1650,0.223,2,2,0,0,0
MED1376,DEL048,Centro,C,1649,0.112,0,2,2,116,2088
MED1737,DEL048,Centro,C,1646,0.114,0,2,2,115,2070
MED1457,DEL048,Centro,C,1629,0.113,0,2,2,114,2052
MED1228,DEL048,Centro,C,1573,0.196,1,2,1,40,720
MED0741,DEL048,Centro,C,1554,0.133,0,2,2,109,1962
MED0804,DEL048,Centro,C,1479,0.132,0,2,2,104,1872
MED1753,DEL048,Centro,C,1437,0.166,1,2,1,36,648
MED0660,DEL048,Centro,C,1418,0.183,2,1,-1,-36,-648
MED1733,DEL048,Centro,C,1391,0.201,1,1,0,0,0
MED1993,DEL048,Centro,C,1252,0.135,0,1,1,56,1008
MED0277,DEL048,Centro,C,1222,0.187,1,1,0,0,0
MED0252,DEL048,Centro,C,1116,0.12,0,1,1,50,900
MED0591,DEL048,Centro,C,990,0.158,1,1,0,0,0
MED1969,DEL048,Centro,C,893,0.13,0,1,1,40,720
MED0108,DEL049,Levante,A,15108,0.203,13,12,-1,-27,-486
MED1071,DEL049,Levante,A,13231,0.265,17,11,-6,-121,-2178
MED1399,DEL049,Levante,A,12862,0.214,15,11,-4,-87,-1566
MED1600,DEL049,Levante,A,12746,0.266,13,11,-2,-49,-882
MED1756,DEL049,Levante,A,12706,0.231,23,11,-12,-178,-3204
MED0122,DEL049,Levante,A,11781,0.193,4,10,6,348,6264
MED0452,DEL049,Levante,A,11485,0.208,12,10,-2,-51,-918
MED1835,DEL049,Levante,A,10424,0.191,4,9,5,279,5022
MED0964,DEL049,Levante,A,9548,0.231,16,9,-7,-126,-2268
MED1542,DEL049,Levante,A,8853,0.239,17,8,-9,-156,-2808
MED1058,DEL049,Levante,A,8184,0.276,16,8,-8,-135,-2430
MED0472,DEL049,Levante,B,7256,0.172,1,7,6,521,9378
MED0407,DEL049,Levante,B,5644,0.188,3,6,3,145,2610
MED0042,DEL049,Levante,B,5437,0.216,13,6,-7,-116,-2088
MED0994,DEL049,Levante,B,5373,0.21,7,6,-1,-27,-486
MED1805,DEL049,Levante,B,5204,0.203,4,6,2,75,1350
MED1077,DEL049,Levante,B,5192,0.245,15,6,-9,-126,-2268
MED0852,DEL049,Levante,B,5079,0.178,2,6,4,212,3816
MED1313,DEL049,Levante,B,4699,0.182,3,6,3,120,2160
MED1011,DEL049,Levante,B,4599,0.229,7,5,-2,-52,-936
MED0382,DEL049,Levante,B,4581,0.241,6,5,-1,-29,-522
MED1052,DEL049,Levante,B,4482,0.22,4,5,1,37,666
MED1735,DEL049,Levante,B,4431,0.178,5,5,0,0,0
MED1902,DEL049,Levante,B,4395,0.253,8,5,-3,-67,-1206
MED0709,DEL049,Levante,B,4168,0.263,5,5,0,0,0
MED1257,DEL049,Levante,B,4160,0.141,0,5,5,439,7902
MED1590,DEL049,Levante,B,4004,0.209,6,5,-1,-25,-450
MED0564,DEL049,Levante,B,3782,0.118,0,5,5,399,7182
MED1507,DEL049,Levante,B,3468,0.118,0,4,4,338,6084
MED0088,DEL049,Levante,C,2068,0.238,3,3,0,0,0
MED0293,DEL049,Levante,C,2064,0.17,1,3,2,85,1530
MED0294,DEL049,Levante,C,2011,0.13,0,3,3,173,3114
MED1420,DEL049,Levante,C,1949,0.135,0,3,3,168,3024
MED1189,DEL049,Levante,C,1915,0.205,3,3,0,0,0
MED1298,DEL049,Levante,C,1895,0.207,2,3,1,30,540
MED1533,DEL049,Levante,C,1845,0.143,0,3,3,159,2862
MED0935,DEL049,Levante,C,1831,0.105,0,3,3,158,2844
MED1505,DEL049,Levante,C,1813,0.173,1,2,1,46,828
MED1765,DEL049,Levante,C,1649,0.182,1,2,1,41,738
MED0336,DEL049,Levante,C,1642,0.109,0,2,2,115,2070
MED1372,DEL049,Levante,C,1590,0.236,3,2,-1,-26,-468
MED0509,DEL049,Levante,C,1541,0.213,2,2,0,0,0
MED0590,DEL049,Levante,C,1495,0.132,0,2,2,105,1890
MED0302,DEL049,Levante,C,1459,0.147,1,2,1,37,666
MED0808,DEL049,Levante,C,1450,0.133,0,2,2,102,1836
MED1114,DEL049,Levante,C,1440,0.113,0,2,2,101,1818
MED0815,DEL049,Levante,C,1372,0.215,2,2,0,0,0
MED0828,DEL049,Levante,C,1359,0.127,0,2,2,95,1710
MED1694,DEL049,Levante,C,1223,0.101,0,2,2,86,1548
MED1930,DEL049,Levante,C,1198,0.164,1,2,1,30,540
MED0240,DEL049,Levante,C,1073,0.109,0,1,1,48,864
MED0180,DEL049,Levante,C,1045,0.117,0,1,1,47,846
MED0900,DEL049,Levante,C,1045,0.234,2,1,-1,-26,-468
MED0337,DEL050,Sur,A,18088,0.218,4,13,9,647,11646
MED0356,DEL050,Sur,A,13302,0.197,22,11,-11,-178,-3204
MED0665,DEL050,Sur,A,13250,0.238,10,11,1,31,558
MED1288,DEL050,Sur,A,12949,0.21,8,11,3,110,1980
MED0406,DEL050,Sur,A,12321,0.238,11,10,-1,-29,-522
MED1860,DEL050,Sur,A,10901,0.17,19,10,-9,-147,-2646
MED1241,DEL050,Sur,A,7464,0.254,19,7,-12,-176,-3168
MED0626,DEL050,Sur,A,5277,0.211,5,6,1,33,594
MED1217,DEL050,Sur,B,5169,0.117,0,6,6,578,10404
MED0352,DEL050,Sur,B,5046,0.103,0,6,6,564,10152
MED0687,DEL050,Sur,B,4829,0.214,6,6,0,0,0
MED0220,DEL050,Sur,B,4792,0.28,13,6,-7,-102,-1836
MED0503,DEL050,Sur,B,4433,0.18,1,5,4,268,4824
MED1924,DEL050,Sur,B,2881,0.214,3,4,1,32,576
MED0953,DEL050,Sur,B,2758,0.302,14,4,-10,-103,-1854
MED1019,DEL050,Sur,C,2114,0.118,0,3,3,182,3276
MED0418,DEL050,Sur,C,2003,0.194,1,3,2,83,1494
MED1788,DEL050,Sur,C,1974,0.172,1,3,2,81,1458
MED1527,DEL050,Sur,C,1845,0.141,1,2,1,46,828
MED0071,DEL050,Sur,C,1829,0.134,0,2,2,128,2304
MED0257,DEL050,Sur,C,1816,0.195,2,2,0,0,0
MED0659,DEL050,Sur,C,1787,0.122,0,2,2,125,2250
MED0546,DEL050,Sur,C,1732,0.176,1,2,1,44,792
MED0531,DEL050,Sur,C,1692,0.193,1,2,1,43,774
MED1216,DEL050,Sur,C,1615,0.197,2,2,0,0,0
MED0906,DEL050,Sur,C,1493,0.236,3,2,-1,-24,-432
MED1149,DEL050,Sur,C,1460,0.173,1,2,1,37,666
MED1839,DEL050,Sur,C,1438,0.219,2,2,0,0,0
MED1267,DEL050,Sur,C,1401,0.125,0,2,2,98,1764
MED0159,DEL050,Sur,C,1291,0.171,1,2,1,32,576
MED0605,DEL050,Sur,C,1203,0.131,0,2,2,84,1512
