id_visita,id_delegado,id_medico,fecha
V001237,DEL033,MED0147,2024-01-01
V002200,DEL024,MED0283,2024-01-01
V002503,DEL034,MED0319,2024-01-01
V003769,DEL014,MED0457,2024-01-01
V003775,DEL014,MED0457,2024-01-01
V004134,DEL014,MED0511,2024-01-01
V005030,DEL023,MED0623,2024-01-01
V005991,DEL033,MED0734,2024-01-01
V006101,DEL046,MED0750,2024-01-01
V006584,DEL043,MED0811,2024-01-01
V006942,DEL006,MED0859,2024-01-01
V007513,DEL030,MED0926,2024-01-01
V008633,DEL030,MED1053,2024-01-01
V010859,DEL002,MED1325,2024-01-01
V010878,DEL010,MED1326,2024-01-01
V012558,DEL020,MED1503,2024-01-01
V012658,DEL037,MED1519,2024-01-01
V012756,DEL042,MED1526,2024-01-01
V013376,DEL004,MED1588,2024-01-01
V014037,DEL043,MED1641,2024-01-01
V014542,DEL018,MED1698,2024-01-01
V014600,DEL020,MED1700,2024-01-01
V014868,DEL049,MED1735,2024-01-01
V015434,DEL020,MED1797,2024-01-01
V015563,DEL041,MED1809,2024-01-01
V000266,DEL018,MED0040,2024-01-02
V001360,DEL006,MED0161,2024-01-02
V001410,DEL041,MED0165,2024-01-02
V001638,DEL019,MED0200,2024-01-02
V001657,DEL039,MED0202,2024-01-02
V002217,DEL007,MED0287,2024-01-02
V002431,DEL021,MED0309,2024-01-02
V004221,DEL039,MED0527,2024-01-02
V006052,DEL013,MED0748,2024-01-02
V006477,DEL035,MED0796,2024-01-02
V006747,DEL036,MED0833,2024-01-02
V006903,DEL049,MED0852,2024-01-02
V006936,DEL006,MED0859,2024-01-02
V007138,DEL025,MED0882,2024-01-02
V007274,DEL043,MED0895,2024-01-02
V008317,DEL040,MED1016,2024-01-02
V008661,DEL049,MED1058,2024-01-02
V010670,DEL050,MED1288,2024-01-02
V011917,DEL036,MED1438,2024-01-02
V012320,DEL042,MED1476,2024-01-02
V012894,DEL049,MED1542,2024-01-02
V013678,DEL010,MED1615,2024-01-02
V013681,DEL010,MED1615,2024-01-02
V013857,DEL024,MED1624,2024-01-02
V014179,DEL016,MED1656,2024-01-02
V014309,DEL015,MED1675,2024-01-02
V014757,DEL048,MED1717,2024-01-02
V014919,DEL034,MED1746,2024-01-02
V015711,DEL049,MED1835,2024-01-02
V016601,DEL012,MED1955,2024-01-02
V000168,DEL021,MED0024,2024-01-03
V001677,DEL030,MED0205,2024-01-03
V002260,DEL031,MED0289,2024-01-03
V003320,DEL050,MED0406,2024-01-03
V003944,DEL042,MED0478,2024-01-03
V005610,DEL011,MED0700,2024-01-03
V005707,DEL014,MED0708,2024-01-03
V006460,DEL020,MED0795,2024-01-03
V006840,DEL006,MED0845,2024-01-03
V007273,DEL043,MED0895,2024-01-03
V008366,DEL027,MED1025,2024-01-03
V009096,DEL020,MED1098,2024-01-03
V010174,DEL034,MED1220,2024-01-03
V013994,DEL018,MED1633,2024-01-03
V014447,DEL036,MED1686,2024-01-03
V015438,DEL020,MED1797,2024-01-03
V015691,DEL048,MED1827,2024-01-03
V000829,DEL001,MED0101,2024-01-04
V000967,DEL008,MED0114,2024-01-04
V001316,DEL036,MED0158,2024-01-04
V001508,DEL020,MED0185,2024-01-04
V002007,DEL002,MED0247,2024-01-04
V002929,DEL023,MED0366,2024-01-04
V003553,DEL048,MED0438,2024-01-04
V003779,DEL014,MED0457,2024-01-04
V005428,DEL016,MED0676,2024-01-04
V005744,DEL039,MED0713,2024-01-04
V005943,DEL018,MED0730,2024-01-04
V006408,DEL003,MED0789,2024-01-04
V007831,DEL015,MED0970,2024-01-04
V008344,DEL008,MED1022,2024-01-04
V008381,DEL030,MED1029,2024-01-04
V008964,DEL031,MED1089,2024-01-04
V009802,DEL048,MED1185,2024-01-04
V010199,DEL017,MED1221,2024-01-04
V010567,DEL023,MED1275,2024-01-04
V010861,DEL002,MED1325,2024-01-04
V011719,DEL001,MED1424,2024-01-04
V012654,DEL020,MED1518,2024-01-04
V012705,DEL002,MED1521,2024-01-04
V012942,DEL036,MED1546,2024-01-04
V013497,DEL003,MED1593,2024-01-04
V013609,DEL031,MED1603,2024-01-04
V014446,DEL036,MED1686,2024-01-04
V014765,DEL048,MED1717,2024-01-04
V014877,DEL001,MED1736,2024-01-04
V015197,DEL024,MED1775,2024-01-04
V016117,DEL011,MED1883,2024-01-04
V016705,DEL009,MED1971,2024-01-04
V016892,DEL040,MED1997,2024-01-04
V002612,DEL050,MED0337,2024-01-05
V002793,DEL018,MED0353,2024-01-05
V003016,DEL041,MED0376,2024-01-05
V003106,DEL002,MED0386,2024-01-05
V003485,DEL014,MED0431,2024-01-05
V006012,DEL003,MED0736,2024-01-05
V006507,DEL047,MED0801,2024-01-05
V006745,DEL036,MED0833,2024-01-05
V007823,DEL015,MED0970,2024-01-05
V009113,DEL022,MED1099,2024-01-05
V009263,DEL024,MED1111,2024-01-05
V009290,DEL026,MED1113,2024-01-05
V009468,DEL039,MED1144,2024-01-05
V009968,DEL027,MED1195,2024-01-05
V011464,DEL049,MED1399,2024-01-05
V011859,DEL033,MED1436,2024-01-05
V011993,DEL021,MED1446,2024-01-05
V012528,DEL011,MED1501,2024-01-05
V012917,DEL016,MED1543,2024-01-05
V013978,DEL018,MED1633,2024-01-05
V015027,DEL049,MED1756,2024-01-05
V015075,DEL023,MED1763,2024-01-05
V015808,DEL021,MED1849,2024-01-05
V016003,DEL033,MED1872,2024-01-05
V000455,DEL002,MED0058,2024-01-06
V001520,DEL031,MED0190,2024-01-06
V001771,DEL035,MED0215,2024-01-06
V001973,DEL004,MED0246,2024-01-06
V002177,DEL017,MED0279,2024-01-06
V002303,DEL042,MED0297,2024-01-06
V002795,DEL018,MED0353,2024-01-06
V003248,DEL029,MED0402,2024-01-06
V003287,DEL011,MED0404,2024-01-06
V003530,DEL038,MED0434,2024-01-06
V003711,DEL049,MED0452,2024-01-06
V003751,DEL034,MED0456,2024-01-06
V005037,DEL023,MED0623,2024-01-06
V005715,DEL049,MED0709,2024-01-06
V007381,DEL005,MED0905,2024-01-06
V007926,DEL023,MED0976,2024-01-06
V008169,DEL045,MED1000,2024-01-06
V008831,DEL023,MED1076,2024-01-06
V009376,DEL023,MED1127,2024-01-06
V009683,DEL038,MED1175,2024-01-06
V009705,DEL033,MED1177,2024-01-06
V011831,DEL044,MED1435,2024-01-06
V011865,DEL033,MED1436,2024-01-06
V011998,DEL021,MED1446,2024-01-06
V012319,DEL042,MED1476,2024-01-06
V012811,DEL006,MED1540,2024-01-06
V014113,DEL004,MED1649,2024-01-06
V014752,DEL048,MED1717,2024-01-06
V015026,DEL049,MED1756,2024-01-06
V015625,DEL009,MED1818,2024-01-06
V016389,DEL025,MED1931,2024-01-06
V016635,DEL021,MED1958,2024-01-06
V001435,DEL006,MED0167,2024-01-07
V001698,DEL040,MED0210,2024-01-07
V002789,DEL018,MED0353,2024-01-07
V003570,DEL033,MED0439,2024-01-07
V003914,DEL007,MED0475,2024-01-07
V005169,DEL028,MED0648,2024-01-07
V005187,DEL039,MED0650,2024-01-07
V005458,DEL029,MED0680,2024-01-07
V006539,DEL028,MED0803,2024-01-07
V006707,DEL026,MED0829,2024-01-07
V006854,DEL023,MED0846,2024-01-07
V007460,DEL014,MED0918,2024-01-07
V008319,DEL040,MED1016,2024-01-07
V008753,DEL049,MED1071,2024-01-07
V009240,DEL047,MED1110,2024-01-07
V010673,DEL050,MED1288,2024-01-07
V013000,DEL019,MED1556,2024-01-07
V015631,DEL009,MED1818,2024-01-07
V015818,DEL020,MED1850,2024-01-07
V015836,DEL011,MED1853,2024-01-07
V016186,DEL001,MED1893,2024-01-07
V016591,DEL041,MED1954,2024-01-07
V000969,DEL008,MED0114,2024-01-08
V001752,DEL016,MED0214,2024-01-08
V002449,DEL043,MED0310,2024-01-08
V003165,DEL018,MED0388,2024-01-08
V003318,DEL050,MED0406,2024-01-08
V003395,DEL016,MED0415,2024-01-08
V003465,DEL025,MED0429,2024-01-08
V004414,DEL018,MED0543,2024-01-08
V004598,DEL035,MED0566,2024-01-08
V005611,DEL011,MED0700,2024-01-08
V005625,DEL023,MED0701,2024-01-08
V006058,DEL013,MED0748,2024-01-08
V006995,DEL025,MED0865,2024-01-08
V007279,DEL043,MED0895,2024-01-08
V007386,DEL005,MED0905,2024-01-08
V007869,DEL034,MED0972,2024-01-08
V007986,DEL023,MED0983,2024-01-08
V008358,DEL015,MED1024,2024-01-08
V008806,DEL042,MED1075,2024-01-08
V009417,DEL017,MED1136,2024-01-08
V010787,DEL004,MED1308,2024-01-08
V011354,DEL013,MED1385,2024-01-08
V011562,DEL028,MED1408,2024-01-08
V011604,DEL045,MED1414,2024-01-08
V013379,DEL004,MED1588,2024-01-08
V013947,DEL003,MED1632,2024-01-08
V014159,DEL029,MED1655,2024-01-08
V014277,DEL002,MED1674,2024-01-08
V014428,DEL008,MED1685,2024-01-08
V014662,DEL004,MED1705,2024-01-08
V015031,DEL049,MED1756,2024-01-08
V016082,DEL001,MED1876,2024-01-08
V000245,DEL024,MED0038,2024-01-09
V000647,DEL025,MED0075,2024-01-09
V001161,DEL011,MED0137,2024-01-09
V001641,DEL019,MED0200,2024-01-09
V002613,DEL050,MED0337,2024-01-09
V002614,DEL050,MED0337,2024-01-09
V002882,DEL040,MED0358,2024-01-09
V005029,DEL023,MED0623,2024-01-09
V005031,DEL023,MED0623,2024-01-09
V006901,DEL049,MED0852,2024-01-09
V007355,DEL021,MED0901,2024-01-09
V007704,DEL038,MED0958,2024-01-09
V008122,DEL049,MED0994,2024-01-09
V008859,DEL049,MED1077,2024-01-09
V009115,DEL029,MED1100,2024-01-09
V009466,DEL039,MED1144,2024-01-09
V010252,DEL041,MED1223,2024-01-09
V010297,DEL038,MED1233,2024-01-09
V010659,DEL003,MED1287,2024-01-09
V011004,DEL023,MED1350,2024-01-09
V012243,DEL016,MED1466,2024-01-09
V013917,DEL013,MED1631,2024-01-09
V013942,DEL003,MED1632,2024-01-09
V014500,DEL016,MED1693,2024-01-09
V015005,DEL018,MED1754,2024-01-09
V015182,DEL019,MED1774,2024-01-09
V000073,DEL007,MED0016,2024-01-10
V001135,DEL033,MED0134,2024-01-10
V001548,DEL048,MED0191,2024-01-10
V001985,DEL004,MED0246,2024-01-10
V003147,DEL018,MED0388,2024-01-10
V003384,DEL006,MED0411,2024-01-10
V003494,DEL014,MED0431,2024-01-10
V003822,DEL038,MED0466,2024-01-10
V004144,DEL034,MED0514,2024-01-10
V004961,DEL004,MED0619,2024-01-10
V005052,DEL050,MED0626,2024-01-10
V005400,DEL046,MED0674,2024-01-10
V005911,DEL029,MED0729,2024-01-10
V006021,DEL030,MED0739,2024-01-10
V006882,DEL031,MED0848,2024-01-10
V007168,DEL003,MED0885,2024-01-10
V007640,DEL006,MED0952,2024-01-10
V008452,DEL040,MED1036,2024-01-10
V008877,DEL016,MED1078,2024-01-10
V009239,DEL047,MED1110,2024-01-10
V009627,DEL022,MED1170,2024-01-10
V009996,DEL019,MED1199,2024-01-10
V010135,DEL033,MED1213,2024-01-10
V010724,DEL002,MED1299,2024-01-10
V011035,DEL043,MED1356,2024-01-10
V011597,DEL025,MED1413,2024-01-10
V012195,DEL036,MED1461,2024-01-10
V013660,DEL007,MED1610,2024-01-10
V013934,DEL003,MED1632,2024-01-10
V014230,DEL035,MED1670,2024-01-10
V014851,DEL022,MED1734,2024-01-10
V015025,DEL049,MED1756,2024-01-10
V015747,DEL050,MED1839,2024-01-10
V001462,DEL020,MED0173,2024-01-11
V002183,DEL048,MED0280,2024-01-11
V002490,DEL014,MED0317,2024-01-11
V002975,DEL010,MED0370,2024-01-11
V003261,DEL029,MED0402,2024-01-11
V004879,DEL026,MED0600,2024-01-11
V005318,DEL031,MED0667,2024-01-11
V005551,DEL030,MED0690,2024-01-11
V007795,DEL024,MED0968,2024-01-11
V009142,DEL036,MED1102,2024-01-11
V009997,DEL019,MED1199,2024-01-11
V010011,DEL019,MED1199,2024-01-11
V010460,DEL025,MED1249,2024-01-11
V010729,DEL002,MED1299,2024-01-11
V010750,DEL028,MED1303,2024-01-11
V011104,DEL018,MED1364,2024-01-11
V012278,DEL026,MED1470,2024-01-11
V012890,DEL049,MED1542,2024-01-11
V013517,DEL026,MED1596,2024-01-11
V014755,DEL048,MED1717,2024-01-11
V014953,DEL042,MED1747,2024-01-11
V015655,DEL029,MED1823,2024-01-11
V016014,DEL011,MED1874,2024-01-11
V016489,DEL002,MED1944,2024-01-11
V000128,DEL020,MED0022,2024-01-12
V000655,DEL001,MED0076,2024-01-12
V001797,DEL032,MED0218,2024-01-12
V001823,DEL008,MED0224,2024-01-12
V002024,DEL041,MED0251,2024-01-12
V003709,DEL049,MED0452,2024-01-12
V003797,DEL017,MED0458,2024-01-12
V004996,DEL006,MED0622,2024-01-12
V005619,DEL023,MED0701,2024-01-12
V008196,DEL019,MED1001,2024-01-12
V010146,DEL044,MED1214,2024-01-12
V010491,DEL043,MED1260,2024-01-12
V010809,DEL003,MED1310,2024-01-12
V011026,DEL043,MED1356,2024-01-12
V011313,DEL023,MED1381,2024-01-12
V011605,DEL045,MED1414,2024-01-12
V012106,DEL006,MED1453,2024-01-12
V013469,DEL018,MED1592,2024-01-12
V013532,DEL049,MED1600,2024-01-12
V014231,DEL035,MED1670,2024-01-12
V015229,DEL031,MED1777,2024-01-12
V016164,DEL025,MED1891,2024-01-12
V000094,DEL023,MED0019,2024-01-13
V000134,DEL020,MED0022,2024-01-13
V000587,DEL022,MED0069,2024-01-13
V000939,DEL021,MED0113,2024-01-13
V001674,DEL018,MED0204,2024-01-13
V002456,DEL025,MED0311,2024-01-13
V002589,DEL047,MED0332,2024-01-13
V002790,DEL018,MED0353,2024-01-13
V003146,DEL018,MED0388,2024-01-13
V003317,DEL050,MED0406,2024-01-13
V003440,DEL016,MED0424,2024-01-13
V003732,DEL008,MED0453,2024-01-13
V004000,DEL015,MED0486,2024-01-13
V004733,DEL011,MED0580,2024-01-13
V006932,DEL006,MED0859,2024-01-13
V007561,DEL040,MED0931,2024-01-13
V007639,DEL006,MED0952,2024-01-13
V007867,DEL034,MED0972,2024-01-13
V008414,DEL020,MED1032,2024-01-13
V010156,DEL013,MED1215,2024-01-13
V010970,DEL021,MED1339,2024-01-13
V012815,DEL006,MED1540,2024-01-13
V014011,DEL043,MED1635,2024-01-13
V014157,DEL029,MED1655,2024-01-13
V014253,DEL017,MED1672,2024-01-13
V015689,DEL048,MED1827,2024-01-13
V016263,DEL024,MED1901,2024-01-13
V000458,DEL002,MED0058,2024-01-14
V000591,DEL022,MED0069,2024-01-14
V001476,DEL023,MED0175,2024-01-14
V001767,DEL035,MED0215,2024-01-14
V002768,DEL019,MED0350,2024-01-14
V004024,DEL026,MED0487,2024-01-14
V004664,DEL018,MED0573,2024-01-14
V004883,DEL026,MED0600,2024-01-14
V005341,DEL045,MED0670,2024-01-14
V005382,DEL026,MED0673,2024-01-14
V005899,DEL024,MED0728,2024-01-14
V006514,DEL047,MED0801,2024-01-14
V006516,DEL047,MED0801,2024-01-14
V006784,DEL031,MED0837,2024-01-14
V007370,DEL005,MED0905,2024-01-14
V007826,DEL015,MED0970,2024-01-14
V008054,DEL012,MED0991,2024-01-14
V008664,DEL049,MED1058,2024-01-14
V009313,DEL002,MED1118,2024-01-14
V009754,DEL002,MED1180,2024-01-14
V010039,DEL033,MED1200,2024-01-14
V010261,DEL018,MED1225,2024-01-14
V011704,DEL001,MED1424,2024-01-14
V012345,DEL021,MED1481,2024-01-14
V013269,DEL038,MED1582,2024-01-14
V013876,DEL024,MED1624,2024-01-14
V014257,DEL026,MED1673,2024-01-14
V014311,DEL015,MED1675,2024-01-14
V015793,DEL012,MED1844,2024-01-14
V016570,DEL039,MED1951,2024-01-14
V016861,DEL048,MED1986,2024-01-14
V000041,DEL012,MED0011,2024-01-15
V000043,DEL012,MED0011,2024-01-15
V000249,DEL024,MED0038,2024-01-15
V000265,DEL018,MED0040,2024-01-15
V000631,DEL039,MED0073,2024-01-15
V002065,DEL001,MED0266,2024-01-15
V003215,DEL019,MED0396,2024-01-15
V004525,DEL047,MED0555,2024-01-15
V004719,DEL009,MED0578,2024-01-15
V004866,DEL043,MED0599,2024-01-15
V005807,DEL027,MED0719,2024-01-15
V006129,DEL048,MED0751,2024-01-15
V006224,DEL013,MED0758,2024-01-15
V007760,DEL049,MED0964,2024-01-15
V007905,DEL045,MED0973,2024-01-15
V008741,DEL049,MED1071,2024-01-15
V009337,DEL007,MED1119,2024-01-15
V011226,DEL046,MED1369,2024-01-15
V011607,DEL045,MED1414,2024-01-15
V011938,DEL014,MED1439,2024-01-15
V011939,DEL014,MED1439,2024-01-15
V012210,DEL041,MED1464,2024-01-15
V013105,DEL034,MED1564,2024-01-15
V014530,DEL021,MED1697,2024-01-15
V014753,DEL048,MED1717,2024-01-15
V015728,DEL009,MED1837,2024-01-15
V000022,DEL042,MED0006,2024-01-16
V000075,DEL007,MED0016,2024-01-16
V000459,DEL002,MED0058,2024-01-16
V001227,DEL033,MED0147,2024-01-16
V001874,DEL018,MED0228,2024-01-16
V001910,DEL035,MED0233,2024-01-16
V002023,DEL041,MED0251,2024-01-16
V002363,DEL034,MED0301,2024-01-16
V002409,DEL010,MED0308,2024-01-16
V002412,DEL010,MED0308,2024-01-16
V003839,DEL003,MED0467,2024-01-16
V005290,DEL050,MED0665,2024-01-16
V007311,DEL041,MED0896,2024-01-16
V008094,DEL047,MED0993,2024-01-16
V009065,DEL006,MED1096,2024-01-16
V009628,DEL022,MED1170,2024-01-16
V010777,DEL004,MED1308,2024-01-16
V010954,DEL028,MED1335,2024-01-16
V011391,DEL042,MED1389,2024-01-16
V011394,DEL048,MED1391,2024-01-16
V011720,DEL001,MED1424,2024-01-16
V011894,DEL019,MED1437,2024-01-16
V012010,DEL021,MED1446,2024-01-16
V012362,DEL031,MED1487,2024-01-16
V012664,DEL037,MED1519,2024-01-16
V012798,DEL003,MED1530,2024-01-16
V012964,DEL048,MED1550,2024-01-16
V013865,DEL024,MED1624,2024-01-16
V014690,DEL038,MED1710,2024-01-16
V014927,DEL034,MED1746,2024-01-16
V015069,DEL021,MED1761,2024-01-16
V015239,DEL031,MED1777,2024-01-16
V000015,DEL039,MED0003,2024-01-17
V000104,DEL007,MED0020,2024-01-17
V000325,DEL016,MED0043,2024-01-17
V000467,DEL002,MED0058,2024-01-17
V001063,DEL045,MED0127,2024-01-17
V001434,DEL006,MED0167,2024-01-17
V002035,DEL020,MED0255,2024-01-17
V002354,DEL014,MED0300,2024-01-17
V002635,DEL019,MED0340,2024-01-17
V004501,DEL017,MED0554,2024-01-17
V005296,DEL050,MED0665,2024-01-17
V006300,DEL021,MED0769,2024-01-17
V007205,DEL003,MED0886,2024-01-17
V007371,DEL005,MED0905,2024-01-17
V008231,DEL035,MED1005,2024-01-17
V008630,DEL030,MED1053,2024-01-17
V009942,DEL013,MED1194,2024-01-17
V010201,DEL017,MED1221,2024-01-17
V010257,DEL018,MED1225,2024-01-17
V010624,DEL048,MED1284,2024-01-17
V010976,DEL031,MED1341,2024-01-17
V011030,DEL043,MED1356,2024-01-17
V011315,DEL023,MED1381,2024-01-17
V011407,DEL001,MED1392,2024-01-17
V011918,DEL036,MED1438,2024-01-17
V012626,DEL007,MED1516,2024-01-17
V013251,DEL005,MED1578,2024-01-17
V014315,DEL015,MED1675,2024-01-17
V014906,DEL008,MED1743,2024-01-17
V015002,DEL048,MED1753,2024-01-17
V015194,DEL024,MED1775,2024-01-17
V015634,DEL009,MED1818,2024-01-17
V001118,DEL033,MED0134,2024-01-18
V002939,DEL010,MED0368,2024-01-18
V003414,DEL020,MED0417,2024-01-18
V004057,DEL006,MED0496,2024-01-18
V005181,DEL039,MED0650,2024-01-18
V005380,DEL026,MED0673,2024-01-18
V005895,DEL046,MED0727,2024-01-18
V005912,DEL029,MED0729,2024-01-18
V006326,DEL038,MED0771,2024-01-18
V006587,DEL043,MED0811,2024-01-18
V006612,DEL049,MED0815,2024-01-18
V007309,DEL041,MED0896,2024-01-18
V009757,DEL002,MED1180,2024-01-18
V011892,DEL019,MED1437,2024-01-18
V013914,DEL013,MED1631,2024-01-18
V014410,DEL022,MED1681,2024-01-18
V014492,DEL016,MED1693,2024-01-18
V015524,DEL038,MED1808,2024-01-18
V015537,DEL038,MED1808,2024-01-18
V016119,DEL011,MED1883,2024-01-18
V002201,DEL024,MED0283,2024-01-19
V002230,DEL007,MED0287,2024-01-19
V004274,DEL005,MED0530,2024-01-19
V004555,DEL034,MED0557,2024-01-19
V004558,DEL034,MED0557,2024-01-19
V004827,DEL044,MED0593,2024-01-19
V005128,DEL024,MED0639,2024-01-19
V005158,DEL044,MED0644,2024-01-19
V009318,DEL007,MED1119,2024-01-19
V010450,DEL043,MED1248,2024-01-19
V010922,DEL037,MED1334,2024-01-19
V010923,DEL037,MED1334,2024-01-19
V012615,DEL011,MED1513,2024-01-19
V013792,DEL038,MED1621,2024-01-19
V014418,DEL039,MED1684,2024-01-19
V014853,DEL022,MED1734,2024-01-19
V015135,DEL035,MED1769,2024-01-19
V000410,DEL002,MED0051,2024-01-20
V000435,DEL048,MED0055,2024-01-20
V001658,DEL039,MED0202,2024-01-20
V002152,DEL013,MED0275,2024-01-20
V002731,DEL008,MED0345,2024-01-20
V002940,DEL010,MED0368,2024-01-20
V003313,DEL050,MED0406,2024-01-20
V003597,DEL001,MED0442,2024-01-20
V003913,DEL007,MED0475,2024-01-20
V004005,DEL015,MED0486,2024-01-20
V004554,DEL034,MED0557,2024-01-20
V004748,DEL026,MED0581,2024-01-20
V005574,DEL005,MED0694,2024-01-20
V005599,DEL001,MED0699,2024-01-20
V005939,DEL018,MED0730,2024-01-20
V008461,DEL040,MED1036,2024-01-20
V008898,DEL008,MED1080,2024-01-20
V009655,DEL009,MED1171,2024-01-20
V010281,DEL038,MED1229,2024-01-20
V010812,DEL021,MED1311,2024-01-20
V011386,DEL016,MED1387,2024-01-20
V012530,DEL011,MED1501,2024-01-20
V014638,DEL010,MED1703,2024-01-20
V015669,DEL044,MED1825,2024-01-20
V015730,DEL009,MED1837,2024-01-20
V000273,DEL018,MED0040,2024-01-21
V000515,DEL047,MED0062,2024-01-21
V000720,DEL028,MED0084,2024-01-21
V001067,DEL045,MED0127,2024-01-21
V001099,DEL009,MED0130,2024-01-21
V002352,DEL014,MED0300,2024-01-21
V002957,DEL010,MED0368,2024-01-21
V003229,DEL023,MED0398,2024-01-21
V003279,DEL011,MED0404,2024-01-21
V003880,DEL043,MED0471,2024-01-21
V004097,DEL024,MED0504,2024-01-21
V004172,DEL017,MED0517,2024-01-21
V004276,DEL005,MED0530,2024-01-21
V004474,DEL020,MED0549,2024-01-21
V005292,DEL050,MED0665,2024-01-21
V006036,DEL021,MED0743,2024-01-21
V006483,DEL035,MED0796,2024-01-21
V006580,DEL043,MED0811,2024-01-21
V006835,DEL027,MED0844,2024-01-21
V007060,DEL024,MED0869,2024-01-21
V007433,DEL044,MED0910,2024-01-21
V007487,DEL030,MED0922,2024-01-21
V008494,DEL010,MED1038,2024-01-21
V008501,DEL033,MED1041,2024-01-21
V009399,DEL014,MED1132,2024-01-21
V010107,DEL005,MED1208,2024-01-21
V010671,DEL050,MED1288,2024-01-21
V014111,DEL004,MED1649,2024-01-21
V014958,DEL012,MED1749,2024-01-21
V015149,DEL035,MED1769,2024-01-21
V016779,DEL011,MED1977,2024-01-21
V000194,DEL044,MED0029,2024-01-22
V001225,DEL033,MED0147,2024-01-22
V002108,DEL013,MED0272,2024-01-22
V002166,DEL037,MED0278,2024-01-22
V002272,DEL023,MED0292,2024-01-22
V002478,DEL008,MED0315,2024-01-22
V005174,DEL008,MED0649,2024-01-22
V005237,DEL004,MED0661,2024-01-22
V006531,DEL028,MED0803,2024-01-22
V007305,DEL041,MED0896,2024-01-22
V007812,DEL006,MED0969,2024-01-22
V008715,DEL038,MED1065,2024-01-22
V009943,DEL013,MED1194,2024-01-22
V010239,DEL026,MED1222,2024-01-22
V010251,DEL041,MED1223,2024-01-22
V010335,DEL033,MED1239,2024-01-22
V010725,DEL002,MED1299,2024-01-22
V011325,DEL027,MED1382,2024-01-22
V011976,DEL001,MED1445,2024-01-22
V012082,DEL045,MED1450,2024-01-22
V012193,DEL036,MED1461,2024-01-22
V012357,DEL006,MED1486,2024-01-22
V012393,DEL009,MED1491,2024-01-22
V012423,DEL003,MED1492,2024-01-22
V012684,DEL036,MED1520,2024-01-22
V015922,DEL050,MED1860,2024-01-22
V016338,DEL001,MED1915,2024-01-22
V001356,DEL006,MED0161,2024-01-23
V002763,DEL046,MED0347,2024-01-23
V003493,DEL014,MED0431,2024-01-23
V003618,DEL018,MED0446,2024-01-23
V003641,DEL043,MED0447,2024-01-23
V003764,DEL014,MED0457,2024-01-23
V003767,DEL014,MED0457,2024-01-23
V004476,DEL020,MED0549,2024-01-23
V004966,DEL004,MED0619,2024-01-23
V005540,DEL033,MED0689,2024-01-23
V005557,DEL030,MED0690,2024-01-23
V005979,DEL048,MED0732,2024-01-23
V007400,DEL050,MED0906,2024-01-23
V009173,DEL039,MED1103,2024-01-23
V011108,DEL018,MED1364,2024-01-23
V012387,DEL009,MED1491,2024-01-23
V013103,DEL034,MED1564,2024-01-23
V016657,DEL001,MED1959,2024-01-23
V000230,DEL026,MED0037,2024-01-24
V000888,DEL049,MED0108,2024-01-24
V001297,DEL024,MED0157,2024-01-24
V001353,DEL006,MED0161,2024-01-24
V001491,DEL008,MED0181,2024-01-24
V002219,DEL007,MED0287,2024-01-24
V003151,DEL018,MED0388,2024-01-24
V003315,DEL050,MED0406,2024-01-24
V004242,DEL039,MED0527,2024-01-24
V004625,DEL048,MED0572,2024-01-24
V005183,DEL039,MED0650,2024-01-24
V005446,DEL029,MED0680,2024-01-24
V005501,DEL005,MED0686,2024-01-24
V005796,DEL027,MED0719,2024-01-24
V006169,DEL027,MED0752,2024-01-24
V006285,DEL021,MED0769,2024-01-24
V008752,DEL049,MED1071,2024-01-24
V011358,DEL013,MED1385,2024-01-24
V011858,DEL033,MED1436,2024-01-24
V012844,DEL017,MED1541,2024-01-24
V014640,DEL010,MED1703,2024-01-24
V014793,DEL016,MED1720,2024-01-24
V015022,DEL049,MED1756,2024-01-24
V015365,DEL015,MED1789,2024-01-24
V016068,DEL001,MED1876,2024-01-24
V016514,DEL021,MED1945,2024-01-24
V016885,DEL033,MED1996,2024-01-24
V000130,DEL020,MED0022,2024-01-25
V000201,DEL013,MED0031,2024-01-25
V000572,DEL021,MED0067,2024-01-25
V000886,DEL049,MED0108,2024-01-25
V001022,DEL008,MED0125,2024-01-25
V002269,DEL023,MED0292,2024-01-25
V002694,DEL030,MED0342,2024-01-25
V003364,DEL023,MED0408,2024-01-25
V006471,DEL035,MED0796,2024-01-25
V007508,DEL030,MED0926,2024-01-25
V009094,DEL020,MED1098,2024-01-25
V010411,DEL032,MED1244,2024-01-25
V010629,DEL048,MED1284,2024-01-25
V010720,DEL049,MED1298,2024-01-25
V010966,DEL026,MED1338,2024-01-25
V011513,DEL024,MED1404,2024-01-25
V012163,DEL038,MED1459,2024-01-25
V014376,DEL043,MED1678,2024-01-25
V014689,DEL038,MED1710,2024-01-25
V015258,DEL039,MED1778,2024-01-25
V015265,DEL039,MED1778,2024-01-25
V015766,DEL025,MED1842,2024-01-25
V016154,DEL013,MED1890,2024-01-25
V016545,DEL047,MED1947,2024-01-25
V000394,DEL018,MED0050,2024-01-26
V001084,DEL028,MED0128,2024-01-26
V001319,DEL036,MED0158,2024-01-26
V001323,DEL036,MED0158,2024-01-26
V001739,DEL024,MED0211,2024-01-26
V001768,DEL035,MED0215,2024-01-26
V002465,DEL041,MED0313,2024-01-26
V002475,DEL008,MED0315,2024-01-26
V003539,DEL029,MED0436,2024-01-26
V004119,DEL047,MED0510,2024-01-26
V005327,DEL027,MED0669,2024-01-26
V005973,DEL012,MED0731,2024-01-26
V006059,DEL013,MED0748,2024-01-26
V006510,DEL047,MED0801,2024-01-26
V006860,DEL023,MED0846,2024-01-26
V007183,DEL003,MED0885,2024-01-26
V007218,DEL026,MED0890,2024-01-26
V008291,DEL033,MED1013,2024-01-26
V008724,DEL028,MED1066,2024-01-26
V009255,DEL024,MED1111,2024-01-26
V009820,DEL047,MED1186,2024-01-26
V009888,DEL049,MED1189,2024-01-26
V010288,DEL023,MED1231,2024-01-26
V010570,DEL023,MED1275,2024-01-26
V010793,DEL004,MED1308,2024-01-26
V011127,DEL015,MED1365,2024-01-26
V012771,DEL042,MED1526,2024-01-26
V013720,DEL010,MED1616,2024-01-26
V014330,DEL031,MED1676,2024-01-26
V015234,DEL031,MED1777,2024-01-26
V015973,DEL029,MED1864,2024-01-26
V016031,DEL017,MED1875,2024-01-26
V001670,DEL044,MED0203,2024-01-27
V002104,DEL013,MED0272,2024-01-27
V002851,DEL050,MED0356,2024-01-27
V003517,DEL003,MED0432,2024-01-27
V004352,DEL016,MED0536,2024-01-27
V005398,DEL046,MED0674,2024-01-27
V005618,DEL023,MED0701,2024-01-27
V005622,DEL023,MED0701,2024-01-27
V005691,DEL044,MED0707,2024-01-27
V006164,DEL027,MED0752,2024-01-27
V007713,DEL010,MED0960,2024-01-27
V008958,DEL038,MED1088,2024-01-27
V009297,DEL026,MED1113,2024-01-27
V011033,DEL043,MED1356,2024-01-27
V011062,DEL031,MED1359,2024-01-27
V011125,DEL015,MED1365,2024-01-27
V011485,DEL034,MED1400,2024-01-27
V011590,DEL018,MED1412,2024-01-27
V013145,DEL023,MED1569,2024-01-27
V013298,DEL017,MED1584,2024-01-27
V013863,DEL024,MED1624,2024-01-27
V014688,DEL038,MED1710,2024-01-27
V015261,DEL039,MED1778,2024-01-27
V015531,DEL038,MED1808,2024-01-27
V015648,DEL011,MED1820,2024-01-27
V016319,DEL007,MED1912,2024-01-27
V016508,DEL021,MED1945,2024-01-27
V016680,DEL047,MED1962,2024-01-27
V000343,DEL002,MED0046,2024-01-28
V001325,DEL036,MED0158,2024-01-28
V002546,DEL008,MED0323,2024-01-28
V003646,DEL043,MED0447,2024-01-28
V004301,DEL027,MED0532,2024-01-28
V005314,DEL036,MED0666,2024-01-28
V005427,DEL016,MED0676,2024-01-28
V005502,DEL005,MED0686,2024-01-28
V005718,DEL049,MED0709,2024-01-28
V005810,DEL027,MED0719,2024-01-28
V005873,DEL047,MED0726,2024-01-28
V006542,DEL028,MED0803,2024-01-28
V009175,DEL039,MED1103,2024-01-28
V009298,DEL026,MED1113,2024-01-28
V009634,DEL022,MED1170,2024-01-28
V009700,DEL033,MED1177,2024-01-28
V010407,DEL032,MED1244,2024-01-28
V010783,DEL004,MED1308,2024-01-28
V012373,DEL028,MED1490,2024-01-28
V013272,DEL038,MED1582,2024-01-28
V013535,DEL049,MED1600,2024-01-28
V014996,DEL015,MED1752,2024-01-28
V015431,DEL020,MED1797,2024-01-28
V015945,DEL039,MED1861,2024-01-28
V016504,DEL021,MED1945,2024-01-28
V000984,DEL013,MED0117,2024-02-01
V001238,DEL033,MED0147,2024-02-01
V002307,DEL042,MED0297,2024-02-01
V002692,DEL030,MED0342,2024-02-01
V003708,DEL049,MED0452,2024-02-01
V003943,DEL042,MED0478,2024-02-01
V005829,DEL010,MED0720,2024-02-01
V007093,DEL015,MED0878,2024-02-01
V007837,DEL015,MED0970,2024-02-01
V007856,DEL036,MED0971,2024-02-01
V008240,DEL035,MED1005,2024-02-01
V009253,DEL024,MED1111,2024-02-01
V009547,DEL033,MED1162,2024-02-01
V009563,DEL033,MED1165,2024-02-01
V010037,DEL033,MED1200,2024-02-01
V010363,DEL050,MED1241,2024-02-01
V010392,DEL020,MED1243,2024-02-01
V010395,DEL020,MED1243,2024-02-01
V010595,DEL010,MED1280,2024-02-01
V011968,DEL001,MED1445,2024-02-01
V012279,DEL026,MED1470,2024-02-01
V012392,DEL009,MED1491,2024-02-01
V012600,DEL022,MED1511,2024-02-01
V012690,DEL036,MED1520,2024-02-01
V014091,DEL030,MED1647,2024-02-01
V014143,DEL038,MED1651,2024-02-01
V015900,DEL046,MED1856,2024-02-01
V015960,DEL028,MED1862,2024-02-01
V016260,DEL024,MED1901,2024-02-01
V016344,DEL001,MED1915,2024-02-01
V016430,DEL015,MED1933,2024-02-01
V001321,DEL036,MED0158,2024-02-02
V002548,DEL008,MED0323,2024-02-02
V003020,DEL044,MED0377,2024-02-02
V003212,DEL019,MED0396,2024-02-02
V004603,DEL012,MED0568,2024-02-02
V005135,DEL001,MED0641,2024-02-02
V005307,DEL036,MED0666,2024-02-02
V005627,DEL023,MED0701,2024-02-02
V005666,DEL018,MED0703,2024-02-02
V006209,DEL013,MED0758,2024-02-02
V006450,DEL042,MED0794,2024-02-02
V007075,DEL025,MED0875,2024-02-02
V007824,DEL015,MED0970,2024-02-02
V009733,DEL034,MED1179,2024-02-02
V010355,DEL050,MED1241,2024-02-02
V010582,DEL037,MED1276,2024-02-02
V010786,DEL004,MED1308,2024-02-02
V010871,DEL010,MED1326,2024-02-02
V011220,DEL046,MED1369,2024-02-02
V012720,DEL002,MED1521,2024-02-02
V013001,DEL019,MED1556,2024-02-02
V015152,DEL035,MED1769,2024-02-02
V015839,DEL011,MED1853,2024-02-02
V016063,DEL001,MED1876,2024-02-02
V016248,DEL017,MED1896,2024-02-02
V016297,DEL029,MED1906,2024-02-02
V000221,DEL010,MED0035,2024-02-03
V000653,DEL001,MED0076,2024-02-03
V000735,DEL043,MED0085,2024-02-03
V000761,DEL024,MED0090,2024-02-03
V000780,DEL041,MED0093,2024-02-03
V001220,DEL033,MED0147,2024-02-03
V002350,DEL042,MED0299,2024-02-03
V002402,DEL038,MED0307,2024-02-03
V003067,DEL013,MED0383,2024-02-03
V004081,DEL034,MED0497,2024-02-03
V006185,DEL019,MED0753,2024-02-03
V006685,DEL016,MED0821,2024-02-03
V008447,DEL014,MED1035,2024-02-03
V008926,DEL006,MED1087,2024-02-03
V009637,DEL022,MED1170,2024-02-03
V009828,DEL047,MED1186,2024-02-03
V010663,DEL050,MED1288,2024-02-03
V011595,DEL025,MED1413,2024-02-03
V011638,DEL046,MED1419,2024-02-03
V011972,DEL001,MED1445,2024-02-03
V012198,DEL036,MED1461,2024-02-03
V012221,DEL041,MED1464,2024-02-03
V012826,DEL006,MED1540,2024-02-03
V013212,DEL013,MED1575,2024-02-03
V013443,DEL048,MED1591,2024-02-03
V013915,DEL013,MED1631,2024-02-03
V014634,DEL010,MED1703,2024-02-03
V000502,DEL032,MED0060,2024-02-04
V001803,DEL050,MED0220,2024-02-04
V002227,DEL007,MED0287,2024-02-04
V002650,DEL008,MED0341,2024-02-04
V002706,DEL030,MED0342,2024-02-04
V003470,DEL025,MED0429,2024-02-04
V003511,DEL003,MED0432,2024-02-04
V003623,DEL018,MED0446,2024-02-04
V004415,DEL018,MED0543,2024-02-04
V004514,DEL047,MED0555,2024-02-04
V004711,DEL008,MED0576,2024-02-04
V004836,DEL044,MED0593,2024-02-04
V005086,DEL002,MED0630,2024-02-04
V005450,DEL029,MED0680,2024-02-04
V005598,DEL001,MED0699,2024-02-04
V006019,DEL030,MED0739,2024-02-04
V006273,DEL011,MED0766,2024-02-04
V006853,DEL023,MED0846,2024-02-04
V007737,DEL021,MED0963,2024-02-04
V009012,DEL035,MED1091,2024-02-04
V009630,DEL022,MED1170,2024-02-04
V010260,DEL018,MED1225,2024-02-04
V011559,DEL028,MED1408,2024-02-04
V011767,DEL048,MED1430,2024-02-04
V013278,DEL038,MED1582,2024-02-04
V013672,DEL010,MED1615,2024-02-04
V013752,DEL032,MED1620,2024-02-04
V013875,DEL024,MED1624,2024-02-04
V014060,DEL013,MED1642,2024-02-04
V014338,DEL031,MED1676,2024-02-04
V014390,DEL043,MED1678,2024-02-04
V015683,DEL048,MED1827,2024-02-04
V000353,DEL016,MED0048,2024-02-05
V000662,DEL001,MED0076,2024-02-05
V000751,DEL049,MED0088,2024-02-05
V000837,DEL019,MED0102,2024-02-05
V001229,DEL033,MED0147,2024-02-05
V002717,DEL025,MED0343,2024-02-05
V004372,DEL016,MED0540,2024-02-05
V004735,DEL011,MED0580,2024-02-05
V005328,DEL027,MED0669,2024-02-05
V005854,DEL031,MED0725,2024-02-05
V006533,DEL028,MED0803,2024-02-05
V007348,DEL049,MED0900,2024-02-05
V007641,DEL006,MED0952,2024-02-05
V007723,DEL006,MED0961,2024-02-05
V008304,DEL039,MED1014,2024-02-05
V008389,DEL043,MED1030,2024-02-05
V009969,DEL027,MED1195,2024-02-05
V010475,DEL023,MED1253,2024-02-05
V010836,DEL021,MED1316,2024-02-05
V011399,DEL048,MED1391,2024-02-05
V011695,DEL021,MED1423,2024-02-05
V012170,DEL038,MED1459,2024-02-05
V012312,DEL033,MED1475,2024-02-05
V013301,DEL017,MED1584,2024-02-05
V014286,DEL002,MED1674,2024-02-05
V015967,DEL029,MED1864,2024-02-05
V016078,DEL001,MED1876,2024-02-05
V016274,DEL049,MED1902,2024-02-05
V016294,DEL029,MED1906,2024-02-05
V016871,DEL011,MED1988,2024-02-05
V000334,DEL039,MED0044,2024-02-06
V000817,DEL044,MED0095,2024-02-06
V001663,DEL039,MED0202,2024-02-06
V003835,DEL003,MED0467,2024-02-06
V004138,DEL026,MED0513,2024-02-06
V005143,DEL019,MED0642,2024-02-06
V005379,DEL026,MED0673,2024-02-06
V006133,DEL048,MED0751,2024-02-06
V006302,DEL021,MED0769,2024-02-06
V007374,DEL005,MED0905,2024-02-06
V007498,DEL034,MED0923,2024-02-06
V007525,DEL030,MED0926,2024-02-06
V007722,DEL006,MED0961,2024-02-06
V007755,DEL049,MED0964,2024-02-06
V008091,DEL047,MED0993,2024-02-06
V008405,DEL020,MED1032,2024-02-06
V008749,DEL049,MED1071,2024-02-06
V008776,DEL008,MED1072,2024-02-06
V009141,DEL036,MED1102,2024-02-06
V010780,DEL004,MED1308,2024-02-06
V011461,DEL049,MED1399,2024-02-06
V012715,DEL002,MED1521,2024-02-06
V013474,DEL018,MED1592,2024-02-06
V013506,DEL042,MED1595,2024-02-06
V013816,DEL007,MED1622,2024-02-06
V013824,DEL016,MED1623,2024-02-06
V013975,DEL018,MED1633,2024-02-06
V014762,DEL048,MED1717,2024-02-06
V015681,DEL048,MED1827,2024-02-06
V016351,DEL033,MED1918,2024-02-06
V002696,DEL030,MED0342,2024-02-07
V002901,DEL002,MED0363,2024-02-07
V004364,DEL016,MED0540,2024-02-07
V005720,DEL049,MED0709,2024-02-07
V005811,DEL027,MED0719,2024-02-07
V006105,DEL046,MED0750,2024-02-07
V006462,DEL020,MED0795,2024-02-07
V007738,DEL021,MED0963,2024-02-07
V007791,DEL024,MED0968,2024-02-07
V007899,DEL045,MED0973,2024-02-07
V008207,DEL022,MED1002,2024-02-07
V008402,DEL020,MED1032,2024-02-07
V008508,DEL033,MED1041,2024-02-07
V009226,DEL035,MED1109,2024-02-07
V010042,DEL033,MED1200,2024-02-07
V010293,DEL040,MED1232,2024-02-07
V010412,DEL032,MED1244,2024-02-07
V012480,DEL023,MED1497,2024-02-07
V013036,DEL003,MED1560,2024-02-07
V014684,DEL007,MED1707,2024-02-07
V015300,DEL018,MED1779,2024-02-07
V016340,DEL001,MED1915,2024-02-07
V016381,DEL049,MED1930,2024-02-07
V016569,DEL039,MED1951,2024-02-07
V016788,DEL011,MED1977,2024-02-07
V000076,DEL007,MED0016,2024-02-08
V000324,DEL016,MED0043,2024-02-08
V000893,DEL049,MED0108,2024-02-08
V001032,DEL008,MED0125,2024-02-08
V001298,DEL024,MED0157,2024-02-08
V003691,DEL013,MED0450,2024-02-08
V003710,DEL049,MED0452,2024-02-08
V003976,DEL026,MED0481,2024-02-08
V005007,DEL006,MED0622,2024-02-08
V005097,DEL024,MED0633,2024-02-08
V005172,DEL008,MED0649,2024-02-08
V006220,DEL013,MED0758,2024-02-08
V006986,DEL025,MED0865,2024-02-08
V007764,DEL049,MED0964,2024-02-08
V008238,DEL035,MED1005,2024-02-08
V008505,DEL033,MED1041,2024-02-08
V009249,DEL024,MED1111,2024-02-08
V010459,DEL025,MED1249,2024-02-08
V010791,DEL004,MED1308,2024-02-08
V011130,DEL015,MED1365,2024-02-08
V012029,DEL030,MED1448,2024-02-08
V013333,DEL034,MED1585,2024-02-08
V013390,DEL027,MED1589,2024-02-08
V014021,DEL044,MED1638,2024-02-08
V014469,DEL048,MED1692,2024-02-08
V016079,DEL001,MED1876,2024-02-08
V000174,DEL033,MED0025,2024-02-09
V000307,DEL049,MED0042,2024-02-09
V001714,DEL040,MED0210,2024-02-09
V002053,DEL046,MED0260,2024-02-09
V002555,DEL025,MED0324,2024-02-09
V002850,DEL050,MED0356,2024-02-09
V003834,DEL003,MED0467,2024-02-09
V004168,DEL017,MED0517,2024-02-09
V004703,DEL029,MED0575,2024-02-09
V004834,DEL044,MED0593,2024-02-09
V005453,DEL029,MED0680,2024-02-09
V005562,DEL023,MED0691,2024-02-09
V006134,DEL048,MED0751,2024-02-09
V006208,DEL013,MED0758,2024-02-09
V006370,DEL017,MED0784,2024-02-09
V007174,DEL003,MED0885,2024-02-09
V007855,DEL036,MED0971,2024-02-09
V007970,DEL009,MED0981,2024-02-09
V008011,DEL023,MED0984,2024-02-09
V008701,DEL035,MED1061,2024-02-09
V009658,DEL009,MED1171,2024-02-09
V011214,DEL046,MED1369,2024-02-09
V012081,DEL045,MED1450,2024-02-09
V012372,DEL028,MED1490,2024-02-09
V012376,DEL009,MED1491,2024-02-09
V012635,DEL016,MED1517,2024-02-09
V012885,DEL049,MED1542,2024-02-09
V012896,DEL049,MED1542,2024-02-09
V013897,DEL047,MED1628,2024-02-09
V014433,DEL008,MED1685,2024-02-09
V014714,DEL039,MED1714,2024-02-09
V014967,DEL012,MED1749,2024-02-09
V015609,DEL016,MED1817,2024-02-09
V016457,DEL044,MED1941,2024-02-09
V016784,DEL011,MED1977,2024-02-09
V000879,DEL049,MED0108,2024-02-10
V000937,DEL021,MED0113,2024-02-10
V002415,DEL010,MED0308,2024-02-10
V003763,DEL014,MED0457,2024-02-10
V004233,DEL039,MED0527,2024-02-10
V005628,DEL023,MED0701,2024-02-10
V006272,DEL011,MED0766,2024-02-10
V007175,DEL003,MED0885,2024-02-10
V007272,DEL043,MED0895,2024-02-10
V009206,DEL004,MED1105,2024-02-10
V009438,DEL018,MED1139,2024-02-10
V009825,DEL047,MED1186,2024-02-10
V010007,DEL019,MED1199,2024-02-10
V011031,DEL043,MED1356,2024-02-10
V011184,DEL034,MED1367,2024-02-10
V013346,DEL033,MED1586,2024-02-10
V015141,DEL035,MED1769,2024-02-10
V015620,DEL009,MED1818,2024-02-10
V016005,DEL033,MED1872,2024-02-10
V016175,DEL025,MED1891,2024-02-10
V000184,DEL030,MED0027,2024-02-11
V000361,DEL016,MED0048,2024-02-11
V001116,DEL033,MED0134,2024-02-11
V002427,DEL021,MED0309,2024-02-11
V004721,DEL009,MED0578,2024-02-11
V005395,DEL046,MED0674,2024-02-11
V006009,DEL003,MED0736,2024-02-11
V006973,DEL019,MED0864,2024-02-11
V007438,DEL044,MED0910,2024-02-11
V007836,DEL015,MED0970,2024-02-11
V008063,DEL012,MED0991,2024-02-11
V008801,DEL042,MED1075,2024-02-11
V009324,DEL007,MED1119,2024-02-11
V009353,DEL009,MED1122,2024-02-11
V011536,DEL022,MED1405,2024-02-11
V011641,DEL046,MED1419,2024-02-11
V012461,DEL023,MED1494,2024-02-11
V012614,DEL011,MED1513,2024-02-11
V012803,DEL003,MED1531,2024-02-11
V012933,DEL018,MED1545,2024-02-11
V013796,DEL038,MED1621,2024-02-11
V014896,DEL002,MED1741,2024-02-11
V014993,DEL027,MED1750,2024-02-11
V015108,DEL023,MED1768,2024-02-11
V015719,DEL022,MED1836,2024-02-11
V016785,DEL011,MED1977,2024-02-11
V001708,DEL040,MED0210,2024-02-12
V004265,DEL041,MED0528,2024-02-12
V004517,DEL047,MED0555,2024-02-12
V004666,DEL018,MED0573,2024-02-12
V005142,DEL019,MED0642,2024-02-12
V005313,DEL036,MED0666,2024-02-12
V005621,DEL023,MED0701,2024-02-12
V005772,DEL014,MED0714,2024-02-12
V007142,DEL025,MED0882,2024-02-12
V007246,DEL014,MED0893,2024-02-12
V007366,DEL038,MED0902,2024-02-12
V007424,DEL030,MED0909,2024-02-12
V007898,DEL045,MED0973,2024-02-12
V008799,DEL042,MED1075,2024-02-12
V009238,DEL047,MED1110,2024-02-12
V009525,DEL016,MED1159,2024-02-12
V009844,DEL018,MED1187,2024-02-12
V010132,DEL033,MED1213,2024-02-12
V010147,DEL044,MED1214,2024-02-12
V011561,DEL028,MED1408,2024-02-12
V012090,DEL006,MED1451,2024-02-12
V012622,DEL004,MED1514,2024-02-12
V014472,DEL048,MED1692,2024-02-12
V014595,DEL020,MED1700,2024-02-12
V015301,DEL018,MED1779,2024-02-12
V016372,DEL032,MED1925,2024-02-12
V000241,DEL024,MED0038,2024-02-13
V000585,DEL022,MED0069,2024-02-13
V000860,DEL041,MED0106,2024-02-13
V000881,DEL049,MED0108,2024-02-13
V001009,DEL026,MED0123,2024-02-13
V002785,DEL018,MED0353,2024-02-13
V003018,DEL041,MED0376,2024-02-13
V003588,DEL036,MED0441,2024-02-13
V003674,DEL026,MED0448,2024-02-13
V004994,DEL006,MED0622,2024-02-13
V005655,DEL033,MED0702,2024-02-13
V005975,DEL012,MED0731,2024-02-13
V006057,DEL013,MED0748,2024-02-13
V009567,DEL033,MED1165,2024-02-13
V009731,DEL034,MED1179,2024-02-13
V009889,DEL049,MED1189,2024-02-13
V011232,DEL046,MED1369,2024-02-13
V011563,DEL028,MED1408,2024-02-13
V012457,DEL022,MED1493,2024-02-13
V012462,DEL023,MED1494,2024-02-13
V012606,DEL014,MED1512,2024-02-13
V012671,DEL037,MED1519,2024-02-13
V012687,DEL036,MED1520,2024-02-13
V013971,DEL018,MED1633,2024-02-13
V015095,DEL049,MED1765,2024-02-13
V016102,DEL009,MED1879,2024-02-13
V016450,DEL017,MED1939,2024-02-13
V016782,DEL011,MED1977,2024-02-13
V016875,DEL019,MED1989,2024-02-13
V002720,DEL026,MED0344,2024-02-14
V002857,DEL050,MED0356,2024-02-14
V003208,DEL019,MED0396,2024-02-14
V005827,DEL010,MED0720,2024-02-14
V006243,DEL026,MED0760,2024-02-14
V006345,DEL048,MED0778,2024-02-14
V006643,DEL033,MED0818,2024-02-14
V006702,DEL043,MED0827,2024-02-14
V007001,DEL025,MED0865,2024-02-14
V007074,DEL025,MED0875,2024-02-14
V008499,DEL033,MED1041,2024-02-14
V009145,DEL036,MED1102,2024-02-14
V010358,DEL050,MED1241,2024-02-14
V010408,DEL032,MED1244,2024-02-14
V011075,DEL031,MED1359,2024-02-14
V011176,DEL034,MED1367,2024-02-14
V014010,DEL008,MED1634,2024-02-14
V014012,DEL043,MED1635,2024-02-14
V014161,DEL029,MED1655,2024-02-14
V015143,DEL035,MED1769,2024-02-14
V015559,DEL041,MED1809,2024-02-14
V015816,DEL020,MED1850,2024-02-14
V015914,DEL050,MED1860,2024-02-14
V016555,DEL046,MED1950,2024-02-14
V016748,DEL010,MED1974,2024-02-14
V000296,DEL049,MED0042,2024-02-15
V001660,DEL039,MED0202,2024-02-15
V002224,DEL007,MED0287,2024-02-15
V003227,DEL023,MED0398,2024-02-15
V004411,DEL018,MED0543,2024-02-15
V004568,DEL030,MED0559,2024-02-15
V004688,DEL014,MED0574,2024-02-15
V004820,DEL048,MED0591,2024-02-15
V006087,DEL046,MED0750,2024-02-15
V007747,DEL049,MED0964,2024-02-15
V009392,DEL032,MED1131,2024-02-15
V009469,DEL039,MED1144,2024-02-15
V010775,DEL004,MED1308,2024-02-15
V011447,DEL049,MED1399,2024-02-15
V011857,DEL033,MED1436,2024-02-15
V012434,DEL003,MED1492,2024-02-15
V013606,DEL031,MED1603,2024-02-15
V013612,DEL031,MED1603,2024-02-15
V013973,DEL018,MED1633,2024-02-15
V015330,DEL035,MED1783,2024-02-15
V000297,DEL049,MED0042,2024-02-16
V001097,DEL009,MED0130,2024-02-16
V001758,DEL035,MED0215,2024-02-16
V002500,DEL034,MED0319,2024-02-16
V002721,DEL026,MED0344,2024-02-16
V003433,DEL039,MED0423,2024-02-16
V004228,DEL039,MED0527,2024-02-16
V004630,DEL048,MED0572,2024-02-16
V007716,DEL010,MED0960,2024-02-16
V008206,DEL022,MED1002,2024-02-16
V009131,DEL036,MED1102,2024-02-16
V012140,DEL016,MED1456,2024-02-16
V016717,DEL005,MED1973,2024-02-16
V016908,DEL026,MED1999,2024-02-16
V000821,DEL030,MED0097,2024-02-17
V001707,DEL040,MED0210,2024-02-17
V002658,DEL008,MED0341,2024-02-17
V002738,DEL008,MED0345,2024-02-17
V003072,DEL013,MED0383,2024-02-17
V003486,DEL014,MED0431,2024-02-17
V004003,DEL015,MED0486,2024-02-17
V004452,DEL029,MED0547,2024-02-17
V005448,DEL029,MED0680,2024-02-17
V005708,DEL014,MED0708,2024-02-17
V006749,DEL036,MED0833,2024-02-17
V006967,DEL007,MED0863,2024-02-17
V010311,DEL040,MED1235,2024-02-17
V010856,DEL002,MED1325,2024-02-17
V013072,DEL024,MED1563,2024-02-17
V013567,DEL045,MED1601,2024-02-17
V014027,DEL043,MED1641,2024-02-17
V014283,DEL002,MED1674,2024-02-17
V015760,DEL025,MED1842,2024-02-17
V016659,DEL001,MED1959,2024-02-17
V016744,DEL010,MED1974,2024-02-17
V000272,DEL018,MED0040,2024-02-18
V000450,DEL017,MED0057,2024-02-18
V000465,DEL002,MED0058,2024-02-18
V002389,DEL042,MED0305,2024-02-18
V002659,DEL008,MED0341,2024-02-18
V002898,DEL002,MED0363,2024-02-18
V002950,DEL010,MED0368,2024-02-18
V002982,DEL001,MED0374,2024-02-18
V003225,DEL023,MED0398,2024-02-18
V003360,DEL023,MED0408,2024-02-18
V004477,DEL020,MED0549,2024-02-18
V004799,DEL048,MED0586,2024-02-18
V004942,DEL035,MED0614,2024-02-18
V005589,DEL008,MED0698,2024-02-18
V007118,DEL033,MED0881,2024-02-18
V008805,DEL042,MED1075,2024-02-18
V009544,DEL033,MED1162,2024-02-18
V009598,DEL047,MED1167,2024-02-18
V009847,DEL018,MED1187,2024-02-18
V011129,DEL015,MED1365,2024-02-18
V012952,DEL019,MED1548,2024-02-18
V013028,DEL019,MED1559,2024-02-18
V013676,DEL010,MED1615,2024-02-18
V014468,DEL048,MED1692,2024-02-18
V015195,DEL024,MED1775,2024-02-18
V016909,DEL026,MED1999,2024-02-18
V000291,DEL049,MED0042,2024-02-19
V000727,DEL043,MED0085,2024-02-19
V000997,DEL049,MED0122,2024-02-19
V002734,DEL008,MED0345,2024-02-19
V003102,DEL002,MED0386,2024-02-19
V003898,DEL040,MED0474,2024-02-19
V004149,DEL044,MED0515,2024-02-19
V004236,DEL039,MED0527,2024-02-19
V004636,DEL048,MED0572,2024-02-19
V004916,DEL038,MED0604,2024-02-19
V005188,DEL039,MED0650,2024-02-19
V005351,DEL011,MED0671,2024-02-19
V006975,DEL019,MED0864,2024-02-19
V007358,DEL021,MED0901,2024-02-19
V007481,DEL010,MED0921,2024-02-19
V007574,DEL032,MED0934,2024-02-19
V007828,DEL015,MED0970,2024-02-19
V007895,DEL045,MED0973,2024-02-19
V007976,DEL020,MED0982,2024-02-19
V008272,DEL042,MED1009,2024-02-19
V008792,DEL031,MED1074,2024-02-19
V009358,DEL019,MED1123,2024-02-19
V009727,DEL034,MED1179,2024-02-19
V011553,DEL009,MED1406,2024-02-19
V011971,DEL001,MED1445,2024-02-19
V011997,DEL021,MED1446,2024-02-19
V012124,DEL016,MED1455,2024-02-19
V012931,DEL018,MED1545,2024-02-19
V013002,DEL019,MED1556,2024-02-19
V000204,DEL022,MED0032,2024-02-20
V000363,DEL016,MED0048,2024-02-20
V000869,DEL001,MED0107,2024-02-20
V001090,DEL013,MED0129,2024-02-20
V001511,DEL034,MED0186,2024-02-20
V001832,DEL008,MED0224,2024-02-20
V001876,DEL021,MED0229,2024-02-20
V001951,DEL033,MED0245,2024-02-20
V002416,DEL010,MED0308,2024-02-20
V003716,DEL049,MED0452,2024-02-20
V004089,DEL043,MED0499,2024-02-20
V005553,DEL030,MED0690,2024-02-20
V005605,DEL011,MED0700,2024-02-20
V007312,DEL041,MED0896,2024-02-20
V007488,DEL030,MED0922,2024-02-20
V007687,DEL029,MED0955,2024-02-20
V007729,DEL027,MED0962,2024-02-20
V008021,DEL035,MED0986,2024-02-20
V009275,DEL010,MED1112,2024-02-20
V010664,DEL050,MED1288,2024-02-20
V010765,DEL003,MED1307,2024-02-20
V011195,DEL034,MED1367,2024-02-20
V013336,DEL034,MED1585,2024-02-20
V013834,DEL016,MED1623,2024-02-20
V013837,DEL016,MED1623,2024-02-20
V014164,DEL029,MED1655,2024-02-20
V014880,DEL001,MED1736,2024-02-20
V015618,DEL009,MED1818,2024-02-20
V016178,DEL025,MED1891,2024-02-20
V016216,DEL037,MED1894,2024-02-20
V000036,DEL012,MED0011,2024-02-21
V000633,DEL039,MED0073,2024-02-21
V000934,DEL021,MED0113,2024-02-21
V001100,DEL009,MED0130,2024-02-21
V002947,DEL010,MED0368,2024-02-21
V003961,DEL040,MED0480,2024-02-21
V004626,DEL048,MED0572,2024-02-21
V004693,DEL014,MED0574,2024-02-21
V005425,DEL016,MED0676,2024-02-21
V005612,DEL011,MED0700,2024-02-21
V005760,DEL014,MED0714,2024-02-21
V006055,DEL013,MED0748,2024-02-21
V006437,DEL038,MED0793,2024-02-21
V006481,DEL035,MED0796,2024-02-21
V006532,DEL028,MED0803,2024-02-21
V006669,DEL039,MED0819,2024-02-21
V007324,DEL002,MED0897,2024-02-21
V007943,DEL041,MED0978,2024-02-21
V008962,DEL031,MED1089,2024-02-21
V010204,DEL017,MED1221,2024-02-21
V012049,DEL031,MED1449,2024-02-21
V012795,DEL003,MED1530,2024-02-21
V013952,DEL003,MED1632,2024-02-21
V014554,DEL018,MED1698,2024-02-21
V015293,DEL018,MED1779,2024-02-21
V015386,DEL027,MED1793,2024-02-21
V016399,DEL025,MED1931,2024-02-21
V001162,DEL011,MED0137,2024-02-22
V001750,DEL016,MED0214,2024-02-22
V003032,DEL007,MED0378,2024-02-22
V003240,DEL002,MED0400,2024-02-22
V003525,DEL011,MED0433,2024-02-22
V003825,DEL038,MED0466,2024-02-22
V004229,DEL039,MED0527,2024-02-22
V006325,DEL038,MED0771,2024-02-22
V010036,DEL033,MED1200,2024-02-22
V011644,DEL046,MED1419,2024-02-22
V012174,DEL038,MED1459,2024-02-22
V012607,DEL014,MED1512,2024-02-22
V013544,DEL049,MED1600,2024-02-22
V015307,DEL018,MED1779,2024-02-22
V015583,DEL035,MED1810,2024-02-22
V016384,DEL025,MED1931,2024-02-22
V001881,DEL021,MED0229,2024-02-23
V002329,DEL036,MED0298,2024-02-23
V002611,DEL050,MED0337,2024-02-23
V003166,DEL018,MED0388,2024-02-23
V003398,DEL016,MED0415,2024-02-23
V005608,DEL011,MED0700,2024-02-23
V008229,DEL016,MED1003,2024-02-23
V009416,DEL017,MED1136,2024-02-23
V009566,DEL033,MED1165,2024-02-23
V009596,DEL047,MED1167,2024-02-23
V009696,DEL033,MED1177,2024-02-23
V010790,DEL004,MED1308,2024-02-23
V012318,DEL042,MED1476,2024-02-23
V012349,DEL009,MED1483,2024-02-23
V012516,DEL004,MED1500,2024-02-23
V013139,DEL023,MED1569,2024-02-23
V013721,DEL010,MED1616,2024-02-23
V014028,DEL043,MED1641,2024-02-23
V015391,DEL027,MED1793,2024-02-23
V015433,DEL020,MED1797,2024-02-23
V015908,DEL050,MED1860,2024-02-23
V016116,DEL011,MED1883,2024-02-23
V016443,DEL033,MED1937,2024-02-23
V000044,DEL012,MED0011,2024-02-24
V001105,DEL027,MED0131,2024-02-24
V001106,DEL007,MED0132,2024-02-24
V003686,DEL015,MED0449,2024-02-24
V003714,DEL049,MED0452,2024-02-24
V004240,DEL039,MED0527,2024-02-24
V004381,DEL016,MED0540,2024-02-24
V004622,DEL048,MED0572,2024-02-24
V004923,DEL027,MED0606,2024-02-24
V005665,DEL018,MED0703,2024-02-24
V006144,DEL048,MED0751,2024-02-24
V006274,DEL011,MED0766,2024-02-24
V006926,DEL028,MED0857,2024-02-24
V007137,DEL025,MED0882,2024-02-24
V008572,DEL033,MED1046,2024-02-24
V009706,DEL033,MED1177,2024-02-24
V010492,DEL043,MED1260,2024-02-24
V010510,DEL013,MED1262,2024-02-24
V010666,DEL050,MED1288,2024-02-24
V010817,DEL048,MED1312,2024-02-24
V012266,DEL029,MED1469,2024-02-24
V012546,DEL020,MED1503,2024-02-24
V012757,DEL042,MED1526,2024-02-24
V012817,DEL006,MED1540,2024-02-24
V013211,DEL013,MED1575,2024-02-24
V013868,DEL024,MED1624,2024-02-24
V014798,DEL016,MED1720,2024-02-24
V014972,DEL012,MED1749,2024-02-24
V015708,DEL013,MED1833,2024-02-24
V000208,DEL034,MED0034,2024-02-25
V000683,DEL013,MED0080,2024-02-25
V001901,DEL014,MED0231,2024-02-25
V003167,DEL018,MED0388,2024-02-25
V003186,DEL002,MED0390,2024-02-25
V003189,DEL002,MED0390,2024-02-25
V003624,DEL018,MED0446,2024-02-25
V006255,DEL015,MED0764,2024-02-25
V006344,DEL048,MED0778,2024-02-25
V007234,DEL041,MED0892,2024-02-25
V007501,DEL034,MED0923,2024-02-25
V008232,DEL035,MED1005,2024-02-25
V008624,DEL049,MED1052,2024-02-25
V009208,DEL008,MED1106,2024-02-25
V009418,DEL017,MED1136,2024-02-25
V010742,DEL025,MED1301,2024-02-25
V011891,DEL019,MED1437,2024-02-25
V013751,DEL032,MED1620,2024-02-25
V013867,DEL024,MED1624,2024-02-25
V015501,DEL010,MED1807,2024-02-25
V016387,DEL025,MED1931,2024-02-25
V016400,DEL025,MED1931,2024-02-25
V016558,DEL046,MED1950,2024-02-25
V016816,DEL029,MED1979,2024-02-25
V000193,DEL044,MED0029,2024-02-26
V001528,DEL031,MED0190,2024-02-26
V001878,DEL021,MED0229,2024-02-26
V002054,DEL046,MED0260,2024-02-26
V002501,DEL034,MED0319,2024-02-26
V003573,DEL033,MED0439,2024-02-26
V003905,DEL007,MED0475,2024-02-26
V004901,DEL038,MED0601,2024-02-26
V005213,DEL012,MED0654,2024-02-26
V005311,DEL036,MED0666,2024-02-26
V005795,DEL027,MED0719,2024-02-26
V006096,DEL046,MED0750,2024-02-26
V006217,DEL013,MED0758,2024-02-26
V006524,DEL006,MED0802,2024-02-26
V006782,DEL031,MED0837,2024-02-26
V007323,DEL002,MED0897,2024-02-26
V007910,DEL045,MED0973,2024-02-26
V007948,DEL041,MED0978,2024-02-26
V008625,DEL049,MED1052,2024-02-26
V008662,DEL049,MED1058,2024-02-26
V009389,DEL013,MED1129,2024-02-26
V009784,DEL023,MED1183,2024-02-26
V009795,DEL033,MED1184,2024-02-26
V010237,DEL026,MED1222,2024-02-26
V010767,DEL003,MED1307,2024-02-26
V011432,DEL048,MED1395,2024-02-26
V012002,DEL021,MED1446,2024-02-26
V014333,DEL031,MED1676,2024-02-26
V015428,DEL020,MED1797,2024-02-26
V016307,DEL009,MED1908,2024-02-26
V016516,DEL021,MED1945,2024-02-26
V016668,DEL004,MED1960,2024-02-26
V000132,DEL020,MED0022,2024-02-27
V000760,DEL024,MED0090,2024-02-27
V000940,DEL021,MED0113,2024-02-27
V001190,DEL009,MED0144,2024-02-27
V002414,DEL010,MED0308,2024-02-27
V002521,DEL048,MED0321,2024-02-27
V004347,DEL023,MED0534,2024-02-27
V005940,DEL018,MED0730,2024-02-27
V006051,DEL013,MED0748,2024-02-27
V006448,DEL042,MED0794,2024-02-27
V007516,DEL030,MED0926,2024-02-27
V007868,DEL034,MED0972,2024-02-27
V008058,DEL012,MED0991,2024-02-27
V008455,DEL040,MED1036,2024-02-27
V010364,DEL050,MED1241,2024-02-27
V011629,DEL046,MED1416,2024-02-27
V012521,DEL011,MED1501,2024-02-27
V015033,DEL049,MED1756,2024-02-27
V015430,DEL020,MED1797,2024-02-27
V016146,DEL017,MED1888,2024-02-27
V000306,DEL049,MED0042,2024-02-28
V000423,DEL045,MED0054,2024-02-28
V000473,DEL002,MED0058,2024-02-28
V000887,DEL049,MED0108,2024-02-28
V000965,DEL008,MED0114,2024-02-28
V001013,DEL043,MED0124,2024-02-28
V001787,DEL001,MED0216,2024-02-28
V001859,DEL006,MED0226,2024-02-28
V002799,DEL018,MED0353,2024-02-28
V003750,DEL034,MED0456,2024-02-28
V003967,DEL040,MED0480,2024-02-28
V004687,DEL014,MED0574,2024-02-28
V004904,DEL036,MED0602,2024-02-28
V005407,DEL046,MED0674,2024-02-28
V005945,DEL018,MED0730,2024-02-28
V008059,DEL012,MED0991,2024-02-28
V008093,DEL047,MED0993,2024-02-28
V010298,DEL038,MED1233,2024-02-28
V011013,DEL010,MED1352,2024-02-28
V011126,DEL015,MED1365,2024-02-28
V011564,DEL028,MED1408,2024-02-28
V011585,DEL018,MED1411,2024-02-28
V012610,DEL014,MED1512,2024-02-28
V013182,DEL011,MED1572,2024-02-28
V013758,DEL032,MED1620,2024-02-28
V013793,DEL038,MED1621,2024-02-28
V013943,DEL003,MED1632,2024-02-28
V014343,DEL031,MED1676,2024-02-28
V015231,DEL031,MED1777,2024-02-28
V016581,DEL046,MED1952,2024-02-28
V016658,DEL001,MED1959,2024-02-28
V001927,DEL012,MED0236,2024-03-01
V003717,DEL049,MED0452,2024-03-01
V005357,DEL027,MED0672,2024-03-01
V005384,DEL026,MED0673,2024-03-01
V005475,DEL004,MED0681,2024-03-01
V006449,DEL042,MED0794,2024-03-01
V006482,DEL035,MED0796,2024-03-01
V006537,DEL028,MED0803,2024-03-01
V006787,DEL031,MED0837,2024-03-01
V007622,DEL026,MED0947,2024-03-01
V007705,DEL038,MED0958,2024-03-01
V008409,DEL020,MED1032,2024-03-01
V008622,DEL049,MED1052,2024-03-01
V008778,DEL008,MED1072,2024-03-01
V008919,DEL006,MED1087,2024-03-01
V009933,DEL013,MED1194,2024-03-01
V010309,DEL040,MED1235,2024-03-01
V010816,DEL048,MED1312,2024-03-01
V011112,DEL015,MED1365,2024-03-01
V011525,DEL022,MED1405,2024-03-01
V012932,DEL018,MED1545,2024-03-01
V012999,DEL019,MED1556,2024-03-01
V015882,DEL006,MED1855,2024-03-01
V000924,DEL048,MED0111,2024-03-02
V000932,DEL021,MED0113,2024-03-02
V001327,DEL036,MED0158,2024-03-02
V002266,DEL031,MED0291,2024-03-02
V002693,DEL030,MED0342,2024-03-02
V002917,DEL019,MED0365,2024-03-02
V002941,DEL010,MED0368,2024-03-02
V002959,DEL010,MED0368,2024-03-02
V003148,DEL018,MED0388,2024-03-02
V004397,DEL018,MED0541,2024-03-02
V004419,DEL018,MED0543,2024-03-02
V004628,DEL048,MED0572,2024-03-02
V005000,DEL006,MED0622,2024-03-02
V005554,DEL030,MED0690,2024-03-02
V007447,DEL032,MED0913,2024-03-02
V007830,DEL015,MED0970,2024-03-02
V009133,DEL036,MED1102,2024-03-02
V009949,DEL013,MED1194,2024-03-02
V010541,DEL035,MED1270,2024-03-02
V012055,DEL031,MED1449,2024-03-02
V012166,DEL038,MED1459,2024-03-02
V012282,DEL026,MED1470,2024-03-02
V013107,DEL034,MED1564,2024-03-02
V013509,DEL042,MED1595,2024-03-02
V013836,DEL016,MED1623,2024-03-02
V014192,DEL011,MED1658,2024-03-02
V015199,DEL024,MED1775,2024-03-02
V000584,DEL022,MED0069,2024-03-03
V001159,DEL011,MED0137,2024-03-03
V001399,DEL041,MED0165,2024-03-03
V001932,DEL014,MED0237,2024-03-03
V003252,DEL029,MED0402,2024-03-03
V003773,DEL014,MED0457,2024-03-03
V004660,DEL018,MED0573,2024-03-03
V004707,DEL008,MED0576,2024-03-03
V004743,DEL026,MED0581,2024-03-03
V005555,DEL030,MED0690,2024-03-03
V005938,DEL018,MED0730,2024-03-03
V006857,DEL023,MED0846,2024-03-03
V007448,DEL032,MED0913,2024-03-03
V007563,DEL040,MED0931,2024-03-03
V009176,DEL039,MED1103,2024-03-03
V009504,DEL038,MED1154,2024-03-03
V011158,DEL001,MED1366,2024-03-03
V011856,DEL033,MED1436,2024-03-03
V012214,DEL041,MED1464,2024-03-03
V012960,DEL048,MED1550,2024-03-03
V012966,DEL048,MED1550,2024-03-03
V012983,DEL013,MED1551,2024-03-03
V013912,DEL013,MED1631,2024-03-03
V014902,DEL043,MED1742,2024-03-03
V015250,DEL039,MED1778,2024-03-03
V015257,DEL039,MED1778,2024-03-03
V015377,DEL011,MED1791,2024-03-03
V015425,DEL020,MED1797,2024-03-03
V015989,DEL044,MED1867,2024-03-03
V000173,DEL033,MED0025,2024-03-04
V003104,DEL002,MED0386,2024-03-04
V003818,DEL045,MED0465,2024-03-04
V005992,DEL033,MED0734,2024-03-04
V006436,DEL038,MED0793,2024-03-04
V007421,DEL030,MED0909,2024-03-04
V007423,DEL030,MED0909,2024-03-04
V009129,DEL036,MED1102,2024-03-04
V010694,DEL014,MED1289,2024-03-04
V011759,DEL048,MED1430,2024-03-04
V012431,DEL003,MED1492,2024-03-04
V013054,DEL001,MED1562,2024-03-04
V013437,DEL048,MED1591,2024-03-04
V013718,DEL010,MED1616,2024-03-04
V013910,DEL013,MED1631,2024-03-04
V014223,DEL048,MED1666,2024-03-04
V015109,DEL023,MED1768,2024-03-04
V015140,DEL035,MED1769,2024-03-04
V016544,DEL047,MED1947,2024-03-04
V000004,DEL041,MED0001,2024-03-05
V000195,DEL044,MED0029,2024-03-05
V000512,DEL047,MED0062,2024-03-05
V000729,DEL043,MED0085,2024-03-05
V000943,DEL021,MED0113,2024-03-05
V000972,DEL008,MED0114,2024-03-05
V001794,DEL020,MED0217,2024-03-05
V001860,DEL006,MED0226,2024-03-05
V002410,DEL010,MED0308,2024-03-05
V002540,DEL026,MED0322,2024-03-05
V004556,DEL034,MED0557,2024-03-05
V004595,DEL035,MED0566,2024-03-05
V005430,DEL016,MED0676,2024-03-05
V005808,DEL027,MED0719,2024-03-05
V006588,DEL043,MED0811,2024-03-05
V007606,DEL021,MED0943,2024-03-05
V008557,DEL015,MED1045,2024-03-05
V009536,DEL023,MED1161,2024-03-05
V009701,DEL033,MED1177,2024-03-05
V010126,DEL009,MED1210,2024-03-05
V010483,DEL038,MED1258,2024-03-05
V012262,DEL029,MED1469,2024-03-05
V012821,DEL006,MED1540,2024-03-05
V013347,DEL033,MED1586,2024-03-05
V014493,DEL016,MED1693,2024-03-05
V015454,DEL022,MED1798,2024-03-05
V003309,DEL024,MED0405,2024-03-06
V004492,DEL010,MED0553,2024-03-06
V004726,DEL023,MED0579,2024-03-06
V004750,DEL026,MED0581,2024-03-06
V005295,DEL050,MED0665,2024-03-06
V006024,DEL030,MED0739,2024-03-06
V006429,DEL046,MED0791,2024-03-06
V008090,DEL047,MED0993,2024-03-06
V008230,DEL035,MED1005,2024-03-06
V009284,DEL026,MED1113,2024-03-06
V009291,DEL026,MED1113,2024-03-06
V009856,DEL018,MED1187,2024-03-06
V010194,DEL017,MED1221,2024-03-06
V012386,DEL009,MED1491,2024-03-06
V012660,DEL037,MED1519,2024-03-06
V012846,DEL017,MED1541,2024-03-06
V013871,DEL024,MED1624,2024-03-06
V014057,DEL013,MED1642,2024-03-06
V014490,DEL016,MED1693,2024-03-06
V014869,DEL049,MED1735,2024-03-06
V014929,DEL034,MED1746,2024-03-06
V016145,DEL017,MED1888,2024-03-06
V000200,DEL013,MED0031,2024-03-07
V000263,DEL018,MED0040,2024-03-07
V000369,DEL016,MED0048,2024-03-07
V000823,DEL037,MED0099,2024-03-07
V001002,DEL049,MED0122,2024-03-07
V001261,DEL017,MED0149,2024-03-07
V001329,DEL036,MED0158,2024-03-07
V002300,DEL042,MED0297,2024-03-07
V002365,DEL034,MED0301,2024-03-07
V002984,DEL001,MED0374,2024-03-07
V004235,DEL039,MED0527,2024-03-07
V004405,DEL018,MED0543,2024-03-07
V004742,DEL026,MED0581,2024-03-07
V006416,DEL003,MED0789,2024-03-07
V009693,DEL033,MED1177,2024-03-07
V010238,DEL026,MED1222,2024-03-07
V011056,DEL013,MED1357,2024-03-07
V011862,DEL033,MED1436,2024-03-07
V012629,DEL016,MED1517,2024-03-07
V013044,DEL003,MED1561,2024-03-07
V013603,DEL027,MED1602,2024-03-07
V013757,DEL032,MED1620,2024-03-07
V014155,DEL029,MED1655,2024-03-07
V015791,DEL012,MED1844,2024-03-07
V016603,DEL012,MED1955,2024-03-07
V016634,DEL021,MED1958,2024-03-07
V000089,DEL042,MED0017,2024-03-08
V001232,DEL033,MED0147,2024-03-08
V001607,DEL014,MED0197,2024-03-08
V002380,DEL011,MED0304,2024-03-08
V002522,DEL048,MED0321,2024-03-08
V002653,DEL008,MED0341,2024-03-08
V003574,DEL033,MED0439,2024-03-08
V004007,DEL015,MED0486,2024-03-08
V004090,DEL017,MED0500,2024-03-08
V005160,DEL046,MED0646,2024-03-08
V005381,DEL026,MED0673,2024-03-08
V005503,DEL005,MED0686,2024-03-08
V005907,DEL029,MED0729,2024-03-08
V005978,DEL048,MED0732,2024-03-08
V006130,DEL048,MED0751,2024-03-08
V006154,DEL027,MED0752,2024-03-08
V006746,DEL036,MED0833,2024-03-08
V007621,DEL026,MED0947,2024-03-08
V008340,DEL048,MED1020,2024-03-08
V008904,DEL033,MED1082,2024-03-08
V009456,DEL010,MED1143,2024-03-08
V011467,DEL049,MED1399,2024-03-08
V011921,DEL036,MED1438,2024-03-08
V012395,DEL009,MED1491,2024-03-08
V013716,DEL010,MED1616,2024-03-08
V014085,DEL030,MED1647,2024-03-08
V000533,DEL038,MED0063,2024-03-09
V001427,DEL028,MED0166,2024-03-09
V001460,DEL017,MED0172,2024-03-09
V001775,DEL035,MED0215,2024-03-09
V003978,DEL009,MED0482,2024-03-09
V004136,DEL026,MED0513,2024-03-09
V005202,DEL028,MED0651,2024-03-09
V005397,DEL046,MED0674,2024-03-09
V006924,DEL028,MED0857,2024-03-09
V007005,DEL025,MED0865,2024-03-09
V007562,DEL040,MED0931,2024-03-09
V008365,DEL027,MED1025,2024-03-09
V009702,DEL033,MED1177,2024-03-09
V010031,DEL033,MED1200,2024-03-09
V010361,DEL050,MED1241,2024-03-09
V011070,DEL031,MED1359,2024-03-09
V011790,DEL027,MED1431,2024-03-09
V011886,DEL019,MED1437,2024-03-09
V012396,DEL009,MED1491,2024-03-09
V012843,DEL017,MED1541,2024-03-09
V013372,DEL004,MED1588,2024-03-09
V014339,DEL031,MED1676,2024-03-09
V014426,DEL008,MED1685,2024-03-09
V014547,DEL018,MED1698,2024-03-09
V014875,DEL001,MED1736,2024-03-09
V014959,DEL012,MED1749,2024-03-09
V000503,DEL032,MED0060,2024-03-10
V000648,DEL025,MED0075,2024-03-10
V000656,DEL001,MED0076,2024-03-10
V000701,DEL044,MED0082,2024-03-10
V000858,DEL041,MED0106,2024-03-10
V001386,DEL028,MED0162,2024-03-10
V001436,DEL006,MED0167,2024-03-10
V003062,DEL013,MED0383,2024-03-10
V003137,DEL033,MED0387,2024-03-10
V003811,DEL038,MED0462,2024-03-10
V004407,DEL018,MED0543,2024-03-10
V005865,DEL047,MED0726,2024-03-10
V008601,DEL046,MED1048,2024-03-10
V008602,DEL046,MED1048,2024-03-10
V009561,DEL033,MED1165,2024-03-10
V010282,DEL038,MED1229,2024-03-10
V011709,DEL001,MED1424,2024-03-10
V011952,DEL033,MED1440,2024-03-10
V013722,DEL010,MED1616,2024-03-10
V014281,DEL002,MED1674,2024-03-10
V014887,DEL014,MED1738,2024-03-10
V015262,DEL039,MED1778,2024-03-10
V015789,DEL012,MED1844,2024-03-10
V016392,DEL025,MED1931,2024-03-10
V000248,DEL024,MED0038,2024-03-11
V001799,DEL050,MED0220,2024-03-11
V001827,DEL008,MED0224,2024-03-11
V002492,DEL014,MED0317,2024-03-11
V002571,DEL023,MED0327,2024-03-11
V002847,DEL050,MED0356,2024-03-11
V003209,DEL019,MED0396,2024-03-11
V003283,DEL011,MED0404,2024-03-11
V003431,DEL039,MED0423,2024-03-11
V003715,DEL049,MED0452,2024-03-11
V003803,DEL003,MED0460,2024-03-11
V003848,DEL003,MED0467,2024-03-11
V004031,DEL022,MED0491,2024-03-11
V004188,DEL013,MED0522,2024-03-11
V004475,DEL020,MED0549,2024-03-11
V005876,DEL047,MED0726,2024-03-11
V006049,DEL013,MED0748,2024-03-11
V006099,DEL046,MED0750,2024-03-11
V006909,DEL001,MED0854,2024-03-11
V007169,DEL003,MED0885,2024-03-11
V007436,DEL044,MED0910,2024-03-11
V007689,DEL035,MED0956,2024-03-11
V008415,DEL020,MED1032,2024-03-11
V008580,DEL033,MED1046,2024-03-11
V008794,DEL042,MED1075,2024-03-11
V009021,DEL035,MED1091,2024-03-11
V009248,DEL024,MED1111,2024-03-11
V010200,DEL017,MED1221,2024-03-11
V010501,DEL013,MED1261,2024-03-11
V011512,DEL024,MED1404,2024-03-11
V011560,DEL028,MED1408,2024-03-11
V011912,DEL036,MED1438,2024-03-11
V011965,DEL001,MED1445,2024-03-11
V012157,DEL038,MED1459,2024-03-11
V012699,DEL002,MED1521,2024-03-11
V013396,DEL027,MED1589,2024-03-11
V013951,DEL003,MED1632,2024-03-11
V015382,DEL027,MED1793,2024-03-11
V015961,DEL028,MED1862,2024-03-11
V001322,DEL036,MED0158,2024-03-12
V001403,DEL041,MED0165,2024-03-12
V002899,DEL002,MED0363,2024-03-12
V004348,DEL023,MED0534,2024-03-12
V005342,DEL045,MED0670,2024-03-12
V005832,DEL010,MED0720,2024-03-12
V006050,DEL013,MED0748,2024-03-12
V006257,DEL015,MED0764,2024-03-12
V007122,DEL033,MED0881,2024-03-12
V007589,DEL001,MED0940,2024-03-12
V007597,DEL043,MED0941,2024-03-12
V009134,DEL036,MED1102,2024-03-12
V009703,DEL033,MED1177,2024-03-12
V010875,DEL010,MED1326,2024-03-12
V012965,DEL048,MED1550,2024-03-12
V013830,DEL016,MED1623,2024-03-12
V015721,DEL022,MED1836,2024-03-12
V016377,DEL048,MED1926,2024-03-12
V000124,DEL020,MED0022,2024-03-13
V001089,DEL013,MED0129,2024-03-13
V001465,DEL020,MED0173,2024-03-13
V003002,DEL008,MED0375,2024-03-13
V003070,DEL013,MED0383,2024-03-13
V003322,DEL050,MED0406,2024-03-13
V003743,DEL034,MED0456,2024-03-13
V004275,DEL005,MED0530,2024-03-13
V004524,DEL047,MED0555,2024-03-13
V005488,DEL010,MED0683,2024-03-13
V005623,DEL023,MED0701,2024-03-13
V006128,DEL048,MED0751,2024-03-13
V006340,DEL048,MED0778,2024-03-13
V008153,DEL028,MED0998,2024-03-13
V009070,DEL006,MED1096,2024-03-13
V009095,DEL020,MED1098,2024-03-13
V009262,DEL024,MED1111,2024-03-13
V009401,DEL014,MED1132,2024-03-13
V009855,DEL018,MED1187,2024-03-13
V010553,DEL041,MED1271,2024-03-13
V010627,DEL048,MED1284,2024-03-13
V015021,DEL049,MED1756,2024-03-13
V015028,DEL049,MED1756,2024-03-13
V015553,DEL041,MED1809,2024-03-13
V016446,DEL033,MED1937,2024-03-13
V016491,DEL002,MED1944,2024-03-13
V016768,DEL001,MED1975,2024-03-13
V016860,DEL048,MED1986,2024-03-13
V000652,DEL001,MED0076,2024-03-14
V001695,DEL043,MED0209,2024-03-14
V001977,DEL004,MED0246,2024-03-14
V002484,DEL026,MED0316,2024-03-14
V002486,DEL026,MED0316,2024-03-14
V002654,DEL008,MED0341,2024-03-14
V004162,DEL033,MED0516,2024-03-14
V004443,DEL037,MED0544,2024-03-14
V005688,DEL044,MED0707,2024-03-14
V005983,DEL033,MED0734,2024-03-14
V006166,DEL027,MED0752,2024-03-14
V006304,DEL021,MED0769,2024-03-14
V009181,DEL039,MED1103,2024-03-14
V009656,DEL009,MED1171,2024-03-14
V009948,DEL013,MED1194,2024-03-14
V010354,DEL050,MED1241,2024-03-14
V010713,DEL023,MED1296,2024-03-14
V011486,DEL034,MED1400,2024-03-14
V011617,DEL003,MED1415,2024-03-14
V011974,DEL001,MED1445,2024-03-14
V012097,DEL022,MED1452,2024-03-14
V012223,DEL041,MED1464,2024-03-14
V013649,DEL032,MED1609,2024-03-14
V014346,DEL031,MED1676,2024-03-14
V014497,DEL016,MED1693,2024-03-14
V015232,DEL031,MED1777,2024-03-14
V015237,DEL031,MED1777,2024-03-14
V015526,DEL038,MED1808,2024-03-14
V016134,DEL041,MED1886,2024-03-14
V016721,DEL005,MED1973,2024-03-14
V000125,DEL020,MED0022,2024-03-15
V001064,DEL045,MED0127,2024-03-15
V001950,DEL033,MED0245,2024-03-15
V002048,DEL035,MED0259,2024-03-15
V002973,DEL039,MED0369,2024-03-15
V003033,DEL007,MED0378,2024-03-15
V003331,DEL050,MED0406,2024-03-15
V005657,DEL033,MED0702,2024-03-15
V006731,DEL006,MED0832,2024-03-15
V007275,DEL043,MED0895,2024-03-15
V007708,DEL038,MED0958,2024-03-15
V007929,DEL031,MED0977,2024-03-15
V008333,DEL045,MED1017,2024-03-15
V008665,DEL049,MED1058,2024-03-15
V008740,DEL049,MED1071,2024-03-15
V009455,DEL010,MED1143,2024-03-15
V010148,DEL044,MED1214,2024-03-15
V010633,DEL048,MED1284,2024-03-15
V010683,DEL050,MED1288,2024-03-15
V011508,DEL024,MED1404,2024-03-15
V011819,DEL044,MED1435,2024-03-15
V012249,DEL015,MED1467,2024-03-15
V012479,DEL023,MED1497,2024-03-15
V013014,DEL031,MED1557,2024-03-15
V013108,DEL034,MED1564,2024-03-15
V013507,DEL042,MED1595,2024-03-15
V014549,DEL018,MED1698,2024-03-15
V001684,DEL034,MED0206,2024-03-16
V001716,DEL040,MED0210,2024-03-16
V002842,DEL050,MED0356,2024-03-16
V003986,DEL016,MED0483,2024-03-16
V004053,DEL006,MED0496,2024-03-16
V004210,DEL003,MED0523,2024-03-16
V004790,DEL001,MED0585,2024-03-16
V005180,DEL039,MED0650,2024-03-16
V005241,DEL004,MED0661,2024-03-16
V005520,DEL050,MED0687,2024-03-16
V006684,DEL016,MED0821,2024-03-16
V007439,DEL044,MED0910,2024-03-16
V008253,DEL036,MED1006,2024-03-16
V008303,DEL039,MED1014,2024-03-16
V008924,DEL006,MED1087,2024-03-16
V009224,DEL035,MED1109,2024-03-16
V010155,DEL013,MED1215,2024-03-16
V011120,DEL015,MED1365,2024-03-16
V011459,DEL049,MED1399,2024-03-16
V011764,DEL048,MED1430,2024-03-16
V012115,DEL039,MED1454,2024-03-16
V012197,DEL036,MED1461,2024-03-16
V012545,DEL020,MED1503,2024-03-16
V013271,DEL038,MED1582,2024-03-16
V013548,DEL049,MED1600,2024-03-16
V014308,DEL015,MED1675,2024-03-16
V014918,DEL034,MED1746,2024-03-16
V015186,DEL024,MED1775,2024-03-16
V015502,DEL010,MED1807,2024-03-16
V016429,DEL015,MED1933,2024-03-16
V016641,DEL021,MED1958,2024-03-16
V000002,DEL041,MED0001,2024-03-17
V000525,DEL038,MED0063,2024-03-17
V002173,DEL017,MED0279,2024-03-17
V002220,DEL007,MED0287,2024-03-17
V003096,DEL002,MED0386,2024-03-17
V004412,DEL018,MED0543,2024-03-17
V004550,DEL034,MED0557,2024-03-17
V005985,DEL033,MED0734,2024-03-17
V006238,DEL026,MED0760,2024-03-17
V006284,DEL021,MED0769,2024-03-17
V006530,DEL028,MED0803,2024-03-17
V007176,DEL003,MED0885,2024-03-17
V007691,DEL006,MED0957,2024-03-17
V008928,DEL006,MED1087,2024-03-17
V009467,DEL039,MED1144,2024-03-17
V010599,DEL010,MED1280,2024-03-17
V010925,DEL037,MED1334,2024-03-17
V011889,DEL019,MED1437,2024-03-17
V012428,DEL003,MED1492,2024-03-17
V013370,DEL004,MED1588,2024-03-17
V014394,DEL043,MED1678,2024-03-17
V015241,DEL031,MED1777,2024-03-17
V016153,DEL013,MED1890,2024-03-17
V000244,DEL024,MED0038,2024-03-18
V001869,DEL029,MED0227,2024-03-18
V004720,DEL009,MED0578,2024-03-18
V004989,DEL003,MED0621,2024-03-18
V005456,DEL029,MED0680,2024-03-18
V006282,DEL032,MED0767,2024-03-18
V006822,DEL017,MED0842,2024-03-18
V008266,DEL005,MED1008,2024-03-18
V008967,DEL031,MED1089,2024-03-18
V009018,DEL035,MED1091,2024-03-18
V010913,DEL031,MED1330,2024-03-18
V011188,DEL034,MED1367,2024-03-18
V011316,DEL023,MED1381,2024-03-18
V012128,DEL016,MED1455,2024-03-18
V012168,DEL038,MED1459,2024-03-18
V013070,DEL024,MED1563,2024-03-18
V013918,DEL013,MED1631,2024-03-18
V013944,DEL003,MED1632,2024-03-18
V013986,DEL018,MED1633,2024-03-18
V014756,DEL048,MED1717,2024-03-18
V015830,DEL038,MED1852,2024-03-18
V016786,DEL011,MED1977,2024-03-18
V002429,DEL021,MED0309,2024-03-19
V003477,DEL014,MED0431,2024-03-19
V003512,DEL003,MED0432,2024-03-19
V004741,DEL026,MED0581,2024-03-19
V004791,DEL001,MED0585,2024-03-19
V005743,DEL039,MED0713,2024-03-19
V006212,DEL013,MED0758,2024-03-19
V006939,DEL006,MED0859,2024-03-19
V007750,DEL049,MED0964,2024-03-19
V008151,DEL028,MED0998,2024-03-19
V010647,DEL033,MED1285,2024-03-19
V010782,DEL004,MED1308,2024-03-19
V011300,DEL046,MED1377,2024-03-19
V011606,DEL045,MED1414,2024-03-19
V012706,DEL002,MED1521,2024-03-19
V013177,DEL002,MED1571,2024-03-19
V013359,DEL015,MED1587,2024-03-19
V015667,DEL044,MED1825,2024-03-19
V015986,DEL034,MED1866,2024-03-19
V016212,DEL037,MED1894,2024-03-19
V016509,DEL021,MED1945,2024-03-19
V000103,DEL007,MED0020,2024-03-20
V001066,DEL045,MED0127,2024-03-20
V001202,DEL024,MED0146,2024-03-20
V002264,DEL040,MED0290,2024-03-20
V002781,DEL018,MED0353,2024-03-20
V003400,DEL016,MED0415,2024-03-20
V004812,DEL006,MED0588,2024-03-20
V005288,DEL050,MED0665,2024-03-20
V006859,DEL023,MED0846,2024-03-20
V007310,DEL041,MED0896,2024-03-20
V009014,DEL035,MED1091,2024-03-20
V009222,DEL035,MED1109,2024-03-20
V010241,DEL026,MED1222,2024-03-20
V010840,DEL047,MED1317,2024-03-20
V011908,DEL036,MED1438,2024-03-20
V011995,DEL021,MED1446,2024-03-20
V012501,DEL007,MED1498,2024-03-20
V013826,DEL016,MED1623,2024-03-20
V014340,DEL031,MED1676,2024-03-20
V015920,DEL050,MED1860,2024-03-20
V016232,DEL037,MED1894,2024-03-20
V016812,DEL029,MED1979,2024-03-20
V001880,DEL021,MED0229,2024-03-21
V002972,DEL039,MED0369,2024-03-21
V003278,DEL011,MED0404,2024-03-21
V003523,DEL011,MED0433,2024-03-21
V003705,DEL049,MED0452,2024-03-21
V005383,DEL026,MED0673,2024-03-21
V005867,DEL047,MED0726,2024-03-21
V005936,DEL018,MED0730,2024-03-21
V006789,DEL031,MED0837,2024-03-21
V008053,DEL012,MED0991,2024-03-21
V008885,DEL009,MED1079,2024-03-21
V009259,DEL024,MED1111,2024-03-21
V010285,DEL021,MED1230,2024-03-21
V010870,DEL010,MED1326,2024-03-21
V011684,DEL020,MED1421,2024-03-21
V012623,DEL004,MED1514,2024-03-21
V012767,DEL042,MED1526,2024-03-21
V012920,DEL016,MED1543,2024-03-21
V013541,DEL049,MED1600,2024-03-21
V014031,DEL043,MED1641,2024-03-21
V014278,DEL002,MED1674,2024-03-21
V014794,DEL016,MED1720,2024-03-21
V015139,DEL035,MED1769,2024-03-21
V015416,DEL016,MED1795,2024-03-21
V016291,DEL029,MED1906,2024-03-21
V016339,DEL001,MED1915,2024-03-21
V016480,DEL002,MED1944,2024-03-21
V000513,DEL047,MED0062,2024-03-22
V001484,DEL038,MED0177,2024-03-22
V002256,DEL035,MED0288,2024-03-22
V002305,DEL042,MED0297,2024-03-22
V003740,DEL034,MED0456,2024-03-22
V005763,DEL014,MED0714,2024-03-22
V006644,DEL033,MED0818,2024-03-22
V008134,DEL014,MED0995,2024-03-22
V009283,DEL026,MED1113,2024-03-22
V009570,DEL033,MED1165,2024-03-22
V010669,DEL050,MED1288,2024-03-22
V010749,DEL028,MED1303,2024-03-22
V011261,DEL026,MED1371,2024-03-22
V011659,DEL046,MED1419,2024-03-22
V012285,DEL026,MED1470,2024-03-22
V012854,DEL017,MED1541,2024-03-22
V013071,DEL024,MED1563,2024-03-22
V014279,DEL002,MED1674,2024-03-22
V014393,DEL043,MED1678,2024-03-22
V000042,DEL012,MED0011,2024-03-23
V000213,DEL034,MED0034,2024-03-23
V000336,DEL039,MED0044,2024-03-23
V000444,DEL046,MED0056,2024-03-23
V000784,DEL041,MED0093,2024-03-23
V000987,DEL037,MED0120,2024-03-23
V001389,DEL017,MED0163,2024-03-23
V002079,DEL008,MED0269,2024-03-23
V002784,DEL018,MED0353,2024-03-23
V004629,DEL048,MED0572,2024-03-23
V005443,DEL029,MED0680,2024-03-23
V006062,DEL013,MED0748,2024-03-23
V006908,DEL001,MED0854,2024-03-23
V008132,DEL014,MED0995,2024-03-23
V008194,DEL019,MED1001,2024-03-23
V008277,DEL049,MED1011,2024-03-23
V008320,DEL040,MED1016,2024-03-23
V008545,DEL041,MED1044,2024-03-23
V008611,DEL020,MED1049,2024-03-23
V010660,DEL003,MED1287,2024-03-23
V011535,DEL022,MED1405,2024-03-23
V011580,DEL033,MED1409,2024-03-23
V012961,DEL048,MED1550,2024-03-23
V013571,DEL045,MED1601,2024-03-23
V013931,DEL003,MED1632,2024-03-23
V014030,DEL043,MED1641,2024-03-23
V014110,DEL004,MED1649,2024-03-23
V014729,DEL017,MED1715,2024-03-23
V015190,DEL024,MED1775,2024-03-23
V015552,DEL041,MED1809,2024-03-23
V015654,DEL029,MED1823,2024-03-23
V015771,DEL025,MED1842,2024-03-23
V016066,DEL001,MED1876,2024-03-23
V016165,DEL025,MED1891,2024-03-23
V016349,DEL028,MED1917,2024-03-23
V016716,DEL005,MED1973,2024-03-23
V000350,DEL016,MED0048,2024-03-24
V000825,DEL001,MED0100,2024-03-24
V003532,DEL038,MED0434,2024-03-24
V004223,DEL039,MED0527,2024-03-24
V004584,DEL022,MED0561,2024-03-24
V006893,DEL022,MED0851,2024-03-24
V006957,DEL014,MED0861,2024-03-24
V008255,DEL036,MED1006,2024-03-24
V009019,DEL035,MED1091,2024-03-24
V009213,DEL016,MED1107,2024-03-24
V009227,DEL035,MED1109,2024-03-24
V010444,DEL012,MED1247,2024-03-24
V010665,DEL050,MED1288,2024-03-24
V011034,DEL043,MED1356,2024-03-24
V012427,DEL003,MED1492,2024-03-24
V014596,DEL020,MED1700,2024-03-24
V014966,DEL012,MED1749,2024-03-24
V016265,DEL024,MED1901,2024-03-24
V001522,DEL031,MED0190,2024-03-25
V002194,DEL004,MED0282,2024-03-25
V004736,DEL011,MED0580,2024-03-25
V004814,DEL006,MED0588,2024-03-25
V005687,DEL044,MED0707,2024-03-25
V006670,DEL039,MED0819,2024-03-25
V007302,DEL041,MED0896,2024-03-25
V007583,DEL042,MED0938,2024-03-25
V007971,DEL009,MED0981,2024-03-25
V008165,DEL045,MED1000,2024-03-25
V009321,DEL007,MED1119,2024-03-25
V010336,DEL033,MED1239,2024-03-25
V010598,DEL010,MED1280,2024-03-25
V010631,DEL048,MED1284,2024-03-25
V011312,DEL023,MED1381,2024-03-25
V013788,DEL038,MED1621,2024-03-25
V013919,DEL013,MED1631,2024-03-25
V014409,DEL022,MED1681,2024-03-25
V016114,DEL011,MED1883,2024-03-25
V000112,DEL034,MED0021,2024-03-26
V000386,DEL011,MED0049,2024-03-26
V000570,DEL021,MED0067,2024-03-26
V001958,DEL033,MED0245,2024-03-26
V002330,DEL036,MED0298,2024-03-26
V002518,DEL048,MED0321,2024-03-26
V003099,DEL002,MED0386,2024-03-26
V003288,DEL011,MED0404,2024-03-26
V003916,DEL007,MED0475,2024-03-26
V005730,DEL020,MED0710,2024-03-26
V007038,DEL029,MED0868,2024-03-26
V008579,DEL033,MED1046,2024-03-26
V011037,DEL043,MED1356,2024-03-26
V011454,DEL049,MED1399,2024-03-26
V011705,DEL001,MED1424,2024-03-26
V011718,DEL001,MED1424,2024-03-26
V012264,DEL029,MED1469,2024-03-26
V012914,DEL016,MED1543,2024-03-26
V013458,DEL018,MED1592,2024-03-26
V013650,DEL032,MED1609,2024-03-26
V014527,DEL021,MED1697,2024-03-26
V014636,DEL010,MED1703,2024-03-26
V016543,DEL047,MED1947,2024-03-26
V016698,DEL001,MED1970,2024-03-26
V016780,DEL011,MED1977,2024-03-26
V000109,DEL034,MED0021,2024-03-27
V000834,DEL019,MED0102,2024-03-27
V001221,DEL033,MED0147,2024-03-27
V004036,DEL026,MED0492,2024-03-27
V004110,DEL011,MED0508,2024-03-27
V005527,DEL050,MED0687,2024-03-27
V005575,DEL005,MED0694,2024-03-27
V005635,DEL023,MED0701,2024-03-27
V005942,DEL018,MED0730,2024-03-27
V006104,DEL046,MED0750,2024-03-27
V006384,DEL006,MED0786,2024-03-27
V006952,DEL014,MED0861,2024-03-27
V007839,DEL015,MED0970,2024-03-27
V009779,DEL023,MED1183,2024-03-27
V010081,DEL019,MED1205,2024-03-27
V010180,DEL034,MED1220,2024-03-27
V011766,DEL048,MED1430,2024-03-27
V013148,DEL023,MED1569,2024-03-27
V013180,DEL011,MED1572,2024-03-27
V013575,DEL045,MED1601,2024-03-27
V014282,DEL002,MED1674,2024-03-27
V015204,DEL024,MED1775,2024-03-27
V015619,DEL009,MED1818,2024-03-27
V015666,DEL044,MED1825,2024-03-27
V016741,DEL010,MED1974,2024-03-27
V016745,DEL010,MED1974,2024-03-27
V000571,DEL021,MED0067,2024-03-28
V000705,DEL011,MED0083,2024-03-28
V000891,DEL049,MED0108,2024-03-28
V002765,DEL001,MED0348,2024-03-28
V003966,DEL040,MED0480,2024-03-28
V004594,DEL035,MED0566,2024-03-28
V005836,DEL046,MED0721,2024-03-28
V005847,DEL031,MED0725,2024-03-28
V006366,DEL036,MED0783,2024-03-28
V006515,DEL047,MED0801,2024-03-28
V006761,DEL038,MED0834,2024-03-28
V008345,DEL008,MED1022,2024-03-28
V008915,DEL006,MED1087,2024-03-28
V009773,DEL023,MED1183,2024-03-28
V009781,DEL023,MED1183,2024-03-28
V010649,DEL038,MED1286,2024-03-28
V010904,DEL011,MED1327,2024-03-28
V011149,DEL001,MED1366,2024-03-28
V011317,DEL023,MED1381,2024-03-28
V011791,DEL027,MED1431,2024-03-28
V012819,DEL006,MED1540,2024-03-28
V013902,DEL031,MED1630,2024-03-28
V014421,DEL008,MED1685,2024-03-28
V015464,DEL043,MED1801,2024-03-28
V000680,DEL011,MED0079,2024-04-01
V001226,DEL033,MED0147,2024-04-01
V002355,DEL014,MED0300,2024-04-01
V002782,DEL018,MED0353,2024-04-01
V002952,DEL010,MED0368,2024-04-01
V003550,DEL011,MED0437,2024-04-01
V003910,DEL007,MED0475,2024-04-01
V005325,DEL027,MED0669,2024-04-01
V006372,DEL017,MED0784,2024-04-01
V006713,DEL006,MED0830,2024-04-01
V006735,DEL006,MED0832,2024-04-01
V006994,DEL025,MED0865,2024-04-01
V007248,DEL014,MED0893,2024-04-01
V007349,DEL049,MED0900,2024-04-01
V007922,DEL026,MED0974,2024-04-01
V008482,DEL018,MED1037,2024-04-01
V008757,DEL049,MED1071,2024-04-01
V010343,DEL037,MED1240,2024-04-01
V011765,DEL048,MED1430,2024-04-01
V014212,DEL041,MED1663,2024-04-01
V015630,DEL009,MED1818,2024-04-01
V016599,DEL012,MED1955,2024-04-01
V000219,DEL010,MED0035,2024-04-02
V000389,DEL018,MED0050,2024-04-02
V002091,DEL012,MED0270,2024-04-02
V002485,DEL026,MED0316,2024-04-02
V003056,DEL013,MED0383,2024-04-02
V003401,DEL016,MED0415,2024-04-02
V004054,DEL006,MED0496,2024-04-02
V004573,DEL026,MED0560,2024-04-02
V007616,DEL006,MED0946,2024-04-02
V009022,DEL035,MED1091,2024-04-02
V009119,DEL025,MED1101,2024-04-02
V010067,DEL038,MED1202,2024-04-02
V010177,DEL034,MED1220,2024-04-02
V010205,DEL017,MED1221,2024-04-02
V010235,DEL026,MED1222,2024-04-02
V011186,DEL034,MED1367,2024-04-02
V011218,DEL046,MED1369,2024-04-02
V012426,DEL003,MED1492,2024-04-02
V012556,DEL020,MED1503,2024-04-02
V013576,DEL045,MED1601,2024-04-02
V014116,DEL004,MED1649,2024-04-02
V014293,DEL002,MED1674,2024-04-02
V014564,DEL018,MED1698,2024-04-02
V014685,DEL007,MED1707,2024-04-02
V016747,DEL010,MED1974,2024-04-02
V001426,DEL028,MED0166,2024-04-03
V002134,DEL036,MED0273,2024-04-03
V002433,DEL021,MED0309,2024-04-03
V003224,DEL023,MED0398,2024-04-03
V003456,DEL030,MED0425,2024-04-03
V004313,DEL027,MED0532,2024-04-03
V004633,DEL048,MED0572,2024-04-03
V005291,DEL050,MED0665,2024-04-03
V007517,DEL030,MED0926,2024-04-03
V008171,DEL045,MED1000,2024-04-03
V009015,DEL035,MED1091,2024-04-03
V009796,DEL033,MED1184,2024-04-03
V010481,DEL038,MED1258,2024-04-03
V011078,DEL031,MED1359,2024-04-03
V011314,DEL023,MED1381,2024-04-03
V014588,DEL010,MED1699,2024-04-03
V014591,DEL020,MED1700,2024-04-03
V016486,DEL002,MED1944,2024-04-03
V000523,DEL038,MED0063,2024-04-04
V000763,DEL024,MED0090,2024-04-04
V000793,DEL041,MED0093,2024-04-04
V001599,DEL013,MED0194,2024-04-04
V003361,DEL023,MED0408,2024-04-04
V003771,DEL014,MED0457,2024-04-04
V005738,DEL039,MED0713,2024-04-04
V007166,DEL003,MED0885,2024-04-04
V007665,DEL050,MED0953,2024-04-04
V008355,DEL015,MED1024,2024-04-04
V009768,DEL014,MED1181,2024-04-04
V010196,DEL017,MED1221,2024-04-04
V010776,DEL004,MED1308,2024-04-04
V011124,DEL015,MED1365,2024-04-04
V011224,DEL046,MED1369,2024-04-04
V011465,DEL049,MED1399,2024-04-04
V012286,DEL026,MED1470,2024-04-04
V013377,DEL004,MED1588,2024-04-04
V013677,DEL010,MED1615,2024-04-04
V013933,DEL003,MED1632,2024-04-04
V014056,DEL013,MED1642,2024-04-04
V014455,DEL011,MED1687,2024-04-04
V014795,DEL016,MED1720,2024-04-04
V015179,DEL044,MED1772,2024-04-04
V016217,DEL037,MED1894,2024-04-04
V000649,DEL025,MED0075,2024-04-05
V000782,DEL041,MED0093,2024-04-05
V000789,DEL041,MED0093,2024-04-05
V001062,DEL045,MED0127,2024-04-05
V002822,DEL039,MED0354,2024-04-05
V004192,DEL013,MED0522,2024-04-05
V004306,DEL027,MED0532,2024-04-05
V005312,DEL036,MED0666,2024-04-05
V007717,DEL010,MED0960,2024-04-05
V008445,DEL014,MED1035,2024-04-05
V011827,DEL044,MED1435,2024-04-05
V012991,DEL042,MED1552,2024-04-05
V013186,DEL011,MED1572,2024-04-05
V014854,DEL022,MED1734,2024-04-05
V015151,DEL035,MED1769,2024-04-05
V015838,DEL011,MED1853,2024-04-05
V016124,DEL006,MED1884,2024-04-05
V016484,DEL002,MED1944,2024-04-05
V000409,DEL002,MED0051,2024-04-06
V000541,DEL038,MED0063,2024-04-06
V000945,DEL021,MED0113,2024-04-06
V001131,DEL033,MED0134,2024-04-06
V002255,DEL035,MED0288,2024-04-06
V002908,DEL019,MED0365,2024-04-06
V003907,DEL007,MED0475,2024-04-06
V004740,DEL026,MED0581,2024-04-06
V004999,DEL006,MED0622,2024-04-06
V006281,DEL032,MED0767,2024-04-06
V009887,DEL049,MED1189,2024-04-06
V009947,DEL013,MED1194,2024-04-06
V011128,DEL015,MED1365,2024-04-06
V011428,DEL048,MED1395,2024-04-06
V011565,DEL028,MED1408,2024-04-06
V013404,DEL027,MED1589,2024-04-06
V013526,DEL048,MED1598,2024-04-06
V013874,DEL024,MED1624,2024-04-06
V014236,DEL035,MED1670,2024-04-06
V015948,DEL039,MED1861,2024-04-06
V016879,DEL004,MED1992,2024-04-06
V000035,DEL012,MED0011,2024-04-07
V001385,DEL028,MED0162,2024-04-07
V001926,DEL012,MED0236,2024-04-07
V003768,DEL014,MED0457,2024-04-07
V004457,DEL029,MED0547,2024-04-07
V006100,DEL046,MED0750,2024-04-07
V006585,DEL043,MED0811,2024-04-07
V007790,DEL024,MED0968,2024-04-07
V007987,DEL023,MED0983,2024-04-07
V010033,DEL033,MED1200,2024-04-07
V010832,DEL010,MED1315,2024-04-07
V011531,DEL022,MED1405,2024-04-07
V011969,DEL001,MED1445,2024-04-07
V012770,DEL042,MED1526,2024-04-07
V013564,DEL045,MED1601,2024-04-07
V013760,DEL032,MED1620,2024-04-07
V014788,DEL046,MED1718,2024-04-07
V015357,DEL050,MED1788,2024-04-07
V016460,DEL027,MED1942,2024-04-07
V000731,DEL043,MED0085,2024-04-08
V001012,DEL043,MED0124,2024-04-08
V001115,DEL033,MED0134,2024-04-08
V001582,DEL006,MED0192,2024-04-08
V002948,DEL010,MED0368,2024-04-08
V003598,DEL001,MED0442,2024-04-08
V003706,DEL049,MED0452,2024-04-08
V005275,DEL014,MED0664,2024-04-08
V007139,DEL025,MED0882,2024-04-08
V007173,DEL003,MED0885,2024-04-08
V007564,DEL040,MED0931,2024-04-08
V007628,DEL021,MED0948,2024-04-08
V007725,DEL027,MED0962,2024-04-08
V008908,DEL033,MED1086,2024-04-08
V010074,DEL034,MED1203,2024-04-08
V011435,DEL048,MED1395,2024-04-08
V013799,DEL038,MED1621,2024-04-08
V014422,DEL008,MED1685,2024-04-08
V015390,DEL027,MED1793,2024-04-08
V015736,DEL037,MED1838,2024-04-08
V015947,DEL039,MED1861,2024-04-08
V016511,DEL021,MED1945,2024-04-08
V016587,DEL029,MED1953,2024-04-08
V000211,DEL034,MED0034,2024-04-09
V000534,DEL038,MED0063,2024-04-09
V000996,DEL049,MED0122,2024-04-09
V003999,DEL015,MED0486,2024-04-09
V004171,DEL017,MED0517,2024-04-09
V005449,DEL029,MED0680,2024-04-09
V005664,DEL018,MED0703,2024-04-09
V006199,DEL018,MED0757,2024-04-09
V006502,DEL017,MED0800,2024-04-09
V006715,DEL006,MED0830,2024-04-09
V007313,DEL041,MED0896,2024-04-09
V007384,DEL005,MED0905,2024-04-09
V007461,DEL014,MED0918,2024-04-09
V008346,DEL008,MED1022,2024-04-09
V008758,DEL049,MED1071,2024-04-09
V008961,DEL031,MED1089,2024-04-09
V009633,DEL022,MED1170,2024-04-09
V011608,DEL045,MED1414,2024-04-09
V011628,DEL046,MED1416,2024-04-09
V012032,DEL030,MED1448,2024-04-09
V012476,DEL023,MED1497,2024-04-09
V014378,DEL043,MED1678,2024-04-09
V014632,DEL010,MED1703,2024-04-09
V014750,DEL048,MED1717,2024-04-09
V015084,DEL046,MED1764,2024-04-09
V016370,DEL032,MED1925,2024-04-09
V000835,DEL019,MED0102,2024-04-10
V001761,DEL035,MED0215,2024-04-10
V003655,DEL043,MED0447,2024-04-10
V004232,DEL039,MED0527,2024-04-10
V004510,DEL047,MED0555,2024-04-10
V005118,DEL042,MED0638,2024-04-10
V008329,DEL045,MED1017,2024-04-10
V009699,DEL033,MED1177,2024-04-10
V010300,DEL038,MED1233,2024-04-10
V010620,DEL003,MED1283,2024-04-10
V012824,DEL006,MED1540,2024-04-10
V013547,DEL049,MED1600,2024-04-10
V014501,DEL016,MED1693,2024-04-10
V015529,DEL038,MED1808,2024-04-10
V000071,DEL006,MED0014,2024-04-11
V000516,DEL047,MED0062,2024-04-11
V000752,DEL049,MED0088,2024-04-11
V003467,DEL025,MED0429,2024-04-11
V006069,DEL013,MED0748,2024-04-11
V006862,DEL023,MED0846,2024-04-11
V007827,DEL015,MED0970,2024-04-11
V008747,DEL049,MED1071,2024-04-11
V008777,DEL008,MED1072,2024-04-11
V009330,DEL007,MED1119,2024-04-11
V011825,DEL044,MED1435,2024-04-11
V011911,DEL036,MED1438,2024-04-11
V013901,DEL024,MED1629,2024-04-11
V015772,DEL025,MED1842,2024-04-11
V016817,DEL029,MED1979,2024-04-11
V001324,DEL036,MED0158,2024-04-12
V002520,DEL048,MED0321,2024-04-12
V002652,DEL008,MED0341,2024-04-12
V002845,DEL050,MED0356,2024-04-12
V004225,DEL039,MED0527,2024-04-12
V005522,DEL050,MED0687,2024-04-12
V005722,DEL049,MED0709,2024-04-12
V006387,DEL006,MED0786,2024-04-12
V006472,DEL035,MED0796,2024-04-12
V006575,DEL043,MED0811,2024-04-12
V006671,DEL039,MED0819,2024-04-12
V006711,DEL006,MED0830,2024-04-12
V006989,DEL025,MED0865,2024-04-12
V007228,DEL041,MED0891,2024-04-12
V009471,DEL039,MED1144,2024-04-12
V009568,DEL033,MED1165,2024-04-12
V010192,DEL017,MED1221,2024-04-12
V010388,DEL013,MED1242,2024-04-12
V011355,DEL013,MED1385,2024-04-12
V012554,DEL020,MED1503,2024-04-12
V013518,DEL026,MED1596,2024-04-12
V014263,DEL026,MED1673,2024-04-12
V014276,DEL002,MED1674,2024-04-12
V014471,DEL048,MED1692,2024-04-12
V014664,DEL004,MED1705,2024-04-12
V014799,DEL016,MED1720,2024-04-12
V015191,DEL024,MED1775,2024-04-12
V015632,DEL009,MED1818,2024-04-12
V015881,DEL006,MED1855,2024-04-12
V016156,DEL013,MED1890,2024-04-12
V001772,DEL035,MED0215,2024-04-13
V001882,DEL021,MED0229,2024-04-13
V001976,DEL004,MED0246,2024-04-13
V003432,DEL039,MED0423,2024-04-13
V004079,DEL034,MED0497,2024-04-13
V005399,DEL046,MED0674,2024-04-13
V006996,DEL025,MED0865,2024-04-13
V007900,DEL045,MED0973,2024-04-13
V008195,DEL019,MED1001,2024-04-13
V008504,DEL033,MED1041,2024-04-13
V008656,DEL049,MED1058,2024-04-13
V009849,DEL018,MED1187,2024-04-13
V010001,DEL019,MED1199,2024-04-13
V011817,DEL044,MED1435,2024-04-13
V012758,DEL042,MED1526,2024-04-13
V014431,DEL008,MED1685,2024-04-13
V015653,DEL029,MED1823,2024-04-13
V016322,DEL007,MED1912,2024-04-13
V000126,DEL020,MED0022,2024-04-14
V000466,DEL002,MED0058,2024-04-14
V001521,DEL031,MED0190,2024-04-14
V001770,DEL035,MED0215,2024-04-14
V002273,DEL023,MED0292,2024-04-14
V002291,DEL045,MED0296,2024-04-14
V002539,DEL026,MED0322,2024-04-14
V002916,DEL019,MED0365,2024-04-14
V003241,DEL002,MED0400,2024-04-14
V004124,DEL047,MED0510,2024-04-14
V004308,DEL027,MED0532,2024-04-14
V005714,DEL049,MED0709,2024-04-14
V005762,DEL014,MED0714,2024-04-14
V007002,DEL025,MED0865,2024-04-14
V007121,DEL033,MED0881,2024-04-14
V007519,DEL030,MED0926,2024-04-14
V007992,DEL023,MED0983,2024-04-14
V008339,DEL048,MED1020,2024-04-14
V009410,DEL013,MED1134,2024-04-14
V010357,DEL050,MED1241,2024-04-14
V011180,DEL034,MED1367,2024-04-14
V011326,DEL027,MED1382,2024-04-14
V012552,DEL020,MED1503,2024-04-14
V013185,DEL011,MED1572,2024-04-14
V013374,DEL004,MED1588,2024-04-14
V013610,DEL031,MED1603,2024-04-14
V014968,DEL012,MED1749,2024-04-14
V015302,DEL018,MED1779,2024-04-14
V016001,DEL033,MED1872,2024-04-14
V000087,DEL042,MED0017,2024-04-15
V000243,DEL024,MED0038,2024-04-15
V003205,DEL019,MED0396,2024-04-15
V003964,DEL040,MED0480,2024-04-15
V004222,DEL039,MED0527,2024-04-15
V005033,DEL023,MED0623,2024-04-15
V005455,DEL029,MED0680,2024-04-15
V005776,DEL014,MED0714,2024-04-15
V005846,DEL031,MED0725,2024-04-15
V006156,DEL027,MED0752,2024-04-15
V007988,DEL023,MED0983,2024-04-15
V008695,DEL036,MED1060,2024-04-15
V008855,DEL049,MED1077,2024-04-15
V013065,DEL024,MED1563,2024-04-15
V014802,DEL016,MED1720,2024-04-15
V015254,DEL039,MED1778,2024-04-15
V000418,DEL015,MED0052,2024-04-16
V000470,DEL002,MED0058,2024-04-16
V000920,DEL009,MED0110,2024-04-16
V001125,DEL033,MED0134,2024-04-16
V001293,DEL024,MED0157,2024-04-16
V002585,DEL047,MED0332,2024-04-16
V003138,DEL033,MED0387,2024-04-16
V003615,DEL041,MED0445,2024-04-16
V003620,DEL018,MED0446,2024-04-16
V003777,DEL014,MED0457,2024-04-16
V003842,DEL003,MED0467,2024-04-16
V004035,DEL026,MED0492,2024-04-16
V006793,DEL031,MED0837,2024-04-16
V007757,DEL049,MED0964,2024-04-16
V008537,DEL022,MED1043,2024-04-16
V008647,DEL039,MED1056,2024-04-16
V009251,DEL024,MED1111,2024-04-16
V009829,DEL047,MED1186,2024-04-16
V011823,DEL044,MED1435,2024-04-16
V012701,DEL002,MED1521,2024-04-16
V013527,DEL048,MED1598,2024-04-16
V013711,DEL010,MED1616,2024-04-16
V000889,DEL049,MED0108,2024-04-17
V002955,DEL010,MED0368,2024-04-17
V004339,DEL024,MED0533,2024-04-17
V004490,DEL010,MED0553,2024-04-17
V004506,DEL047,MED0555,2024-04-17
V005186,DEL039,MED0650,2024-04-17
V006131,DEL048,MED0751,2024-04-17
V006759,DEL038,MED0834,2024-04-17
V007150,DEL025,MED0882,2024-04-17
V007308,DEL041,MED0896,2024-04-17
V007897,DEL045,MED0973,2024-04-17
V008533,DEL031,MED1042,2024-04-17
V008663,DEL049,MED1058,2024-04-17
V009236,DEL047,MED1110,2024-04-17
V009684,DEL038,MED1175,2024-04-17
V009859,DEL018,MED1187,2024-04-17
V010208,DEL017,MED1221,2024-04-17
V010530,DEL020,MED1268,2024-04-17
V011208,DEL030,MED1368,2024-04-17
V012584,DEL036,MED1506,2024-04-17
V012892,DEL049,MED1542,2024-04-17
V013076,DEL024,MED1563,2024-04-17
V013109,DEL034,MED1564,2024-04-17
V016152,DEL013,MED1890,2024-04-17
V016250,DEL040,MED1900,2024-04-17
V000536,DEL038,MED0063,2024-04-18
V001357,DEL006,MED0161,2024-04-18
V001532,DEL031,MED0190,2024-04-18
V002332,DEL036,MED0298,2024-04-18
V002662,DEL008,MED0341,2024-04-18
V003985,DEL016,MED0483,2024-04-18
V004380,DEL016,MED0540,2024-04-18
V004591,DEL010,MED0563,2024-04-18
V005051,DEL050,MED0626,2024-04-18
V005986,DEL033,MED0734,2024-04-18
V009534,DEL023,MED1161,2024-04-18
V009991,DEL019,MED1199,2024-04-18
V010129,DEL047,MED1212,2024-04-18
V011346,DEL013,MED1385,2024-04-18
V012139,DEL016,MED1456,2024-04-18
V013141,DEL023,MED1569,2024-04-18
V013149,DEL023,MED1569,2024-04-18
V013217,DEL013,MED1575,2024-04-18
V013442,DEL048,MED1591,2024-04-18
V013794,DEL038,MED1621,2024-04-18
V013860,DEL024,MED1624,2024-04-18
V014489,DEL016,MED1693,2024-04-18
V014727,DEL017,MED1715,2024-04-18
V015205,DEL024,MED1775,2024-04-18
V016636,DEL021,MED1958,2024-04-18
V001026,DEL008,MED0125,2024-04-19
V001862,DEL006,MED0226,2024-04-19
V001896,DEL045,MED0230,2024-04-19
V002334,DEL036,MED0298,2024-04-19
V002560,DEL046,MED0325,2024-04-19
V002844,DEL050,MED0356,2024-04-19
V003745,DEL034,MED0456,2024-04-19
V003762,DEL014,MED0457,2024-04-19
V004366,DEL016,MED0540,2024-04-19
V004668,DEL018,MED0573,2024-04-19
V004725,DEL023,MED0579,2024-04-19
V005009,DEL006,MED0622,2024-04-19
V007203,DEL003,MED0886,2024-04-19
V008968,DEL031,MED1089,2024-04-19
V009052,DEL042,MED1094,2024-04-19
V009726,DEL034,MED1179,2024-04-19
V009767,DEL014,MED1181,2024-04-19
V010131,DEL047,MED1212,2024-04-19
V012385,DEL009,MED1491,2024-04-19
V013277,DEL038,MED1582,2024-04-19
V013981,DEL018,MED1633,2024-04-19
V015427,DEL020,MED1797,2024-04-19
V016210,DEL037,MED1894,2024-04-19
V016474,DEL002,MED1944,2024-04-19
V016713,DEL005,MED1973,2024-04-19
V000719,DEL028,MED0084,2024-04-20
V001518,DEL031,MED0190,2024-04-20
V001941,DEL049,MED0240,2024-04-20
V002469,DEL041,MED0313,2024-04-20
V003707,DEL049,MED0452,2024-04-20
V004295,DEL027,MED0532,2024-04-20
V004303,DEL027,MED0532,2024-04-20
V005716,DEL049,MED0709,2024-04-20
V007576,DEL032,MED0934,2024-04-20
V008062,DEL012,MED0991,2024-04-20
V008726,DEL005,MED1067,2024-04-20
V009520,DEL011,MED1158,2024-04-20
V009671,DEL039,MED1172,2024-04-20
V010006,DEL019,MED1199,2024-04-20
V010133,DEL033,MED1213,2024-04-20
V010178,DEL034,MED1220,2024-04-20
V010839,DEL047,MED1317,2024-04-20
V011406,DEL001,MED1392,2024-04-20
V011527,DEL022,MED1405,2024-04-20
V014214,DEL041,MED1663,2024-04-20
V014997,DEL015,MED1752,2024-04-20
V015138,DEL035,MED1769,2024-04-20
V015251,DEL039,MED1778,2024-04-20
V015690,DEL048,MED1827,2024-04-20
V000349,DEL016,MED0048,2024-04-21
V001228,DEL033,MED0147,2024-04-21
V001352,DEL006,MED0161,2024-04-21
V002648,DEL008,MED0341,2024-04-21
V002986,DEL001,MED0374,2024-04-21
V003105,DEL002,MED0386,2024-04-21
V003316,DEL050,MED0406,2024-04-21
V003690,DEL013,MED0450,2024-04-21
V003846,DEL003,MED0467,2024-04-21
V006906,DEL001,MED0854,2024-04-21
V007875,DEL034,MED0972,2024-04-21
V008631,DEL030,MED1053,2024-04-21
V009928,DEL013,MED1194,2024-04-21
V010044,DEL033,MED1200,2024-04-21
V011614,DEL003,MED1415,2024-04-21
V011694,DEL021,MED1423,2024-04-21
V013422,DEL049,MED1590,2024-04-21
V015366,DEL015,MED1789,2024-04-21
V016378,DEL023,MED1928,2024-04-21
V000268,DEL018,MED0040,2024-04-22
V001003,DEL049,MED0122,2024-04-22
V002216,DEL007,MED0287,2024-04-22
V003429,DEL039,MED0423,2024-04-22
V004125,DEL047,MED0510,2024-04-22
V005222,DEL048,MED0660,2024-04-22
V005728,DEL020,MED0710,2024-04-22
V006268,DEL011,MED0766,2024-04-22
V006407,DEL003,MED0789,2024-04-22
V007549,DEL026,MED0930,2024-04-22
V007694,DEL006,MED0957,2024-04-22
V009753,DEL002,MED1180,2024-04-22
V012199,DEL036,MED1461,2024-04-22
V012213,DEL041,MED1464,2024-04-22
V012507,DEL007,MED1498,2024-04-22
V012526,DEL011,MED1501,2024-04-22
V015289,DEL018,MED1779,2024-04-22
V016451,DEL031,MED1940,2024-04-22
V000358,DEL016,MED0048,2024-04-23
V001612,DEL014,MED0197,2024-04-23
V002733,DEL008,MED0345,2024-04-23
V002840,DEL041,MED0355,2024-04-23
V003109,DEL002,MED0386,2024-04-23
V003469,DEL025,MED0429,2024-04-23
V003815,DEL038,MED0463,2024-04-23
V004027,DEL039,MED0490,2024-04-23
V004592,DEL010,MED0563,2024-04-23
V004837,DEL044,MED0593,2024-04-23
V006976,DEL019,MED0864,2024-04-23
V007083,DEL039,MED0877,2024-04-23
V007470,DEL034,MED0920,2024-04-23
V007663,DEL050,MED0953,2024-04-23
V008581,DEL033,MED1046,2024-04-23
V008714,DEL038,MED1065,2024-04-23
V010650,DEL038,MED1286,2024-04-23
V011655,DEL046,MED1419,2024-04-23
V012954,DEL034,MED1549,2024-04-23
V013043,DEL003,MED1561,2024-04-23
V013494,DEL003,MED1593,2024-04-23
V013563,DEL045,MED1601,2024-04-23
V014631,DEL010,MED1703,2024-04-23
V015066,DEL003,MED1759,2024-04-23
V015503,DEL010,MED1807,2024-04-23
V015686,DEL048,MED1827,2024-04-23
V015823,DEL004,MED1851,2024-04-23
V016519,DEL021,MED1945,2024-04-23
V001317,DEL036,MED0158,2024-04-24
V001843,DEL008,MED0224,2024-04-24
V002013,DEL030,MED0249,2024-04-24
V002388,DEL042,MED0305,2024-04-24
V002828,DEL039,MED0354,2024-04-24
V002911,DEL019,MED0365,2024-04-24
V003810,DEL038,MED0462,2024-04-24
V005308,DEL036,MED0666,2024-04-24
V005721,DEL049,MED0709,2024-04-24
V005849,DEL031,MED0725,2024-04-24
V005850,DEL031,MED0725,2024-04-24
V007233,DEL041,MED0892,2024-04-24
V009138,DEL036,MED1102,2024-04-24
V009597,DEL047,MED1167,2024-04-24
V009895,DEL037,MED1191,2024-04-24
V010779,DEL004,MED1308,2024-04-24
V011116,DEL015,MED1365,2024-04-24
V012666,DEL037,MED1519,2024-04-24
V012765,DEL042,MED1526,2024-04-24
V012998,DEL019,MED1556,2024-04-24
V013035,DEL003,MED1560,2024-04-24
V013335,DEL034,MED1585,2024-04-24
V014222,DEL048,MED1666,2024-04-24
V015134,DEL035,MED1769,2024-04-24
V015532,DEL038,MED1808,2024-04-24
V015535,DEL038,MED1808,2024-04-24
V015802,DEL034,MED1847,2024-04-24
V016481,DEL002,MED1944,2024-04-24
V000302,DEL049,MED0042,2024-04-25
V000368,DEL016,MED0048,2024-04-25
V000612,DEL021,MED0070,2024-04-25
V000791,DEL041,MED0093,2024-04-25
V000875,DEL049,MED0108,2024-04-25
V001122,DEL033,MED0134,2024-04-25
V002293,DEL045,MED0296,2024-04-25
V002328,DEL036,MED0298,2024-04-25
V002462,DEL014,MED0312,2024-04-25
V003879,DEL043,MED0471,2024-04-25
V004082,DEL034,MED0497,2024-04-25
V004508,DEL047,MED0555,2024-04-25
V005036,DEL023,MED0623,2024-04-25
V006792,DEL031,MED0837,2024-04-25
V007840,DEL015,MED0970,2024-04-25
V009055,DEL042,MED1094,2024-04-25
V009424,DEL047,MED1137,2024-04-25
V009846,DEL018,MED1187,2024-04-25
V009970,DEL027,MED1195,2024-04-25
V010295,DEL038,MED1233,2024-04-25
V010929,DEL037,MED1334,2024-04-25
V011068,DEL031,MED1359,2024-04-25
V011640,DEL046,MED1419,2024-04-25
V012200,DEL036,MED1461,2024-04-25
V012398,DEL009,MED1491,2024-04-25
V013053,DEL001,MED1562,2024-04-25
V013121,DEL032,MED1565,2024-04-25
V015626,DEL009,MED1818,2024-04-25
V016515,DEL021,MED1945,2024-04-25
V000928,DEL021,MED0113,2024-04-26
V001802,DEL050,MED0220,2024-04-26
V001863,DEL006,MED0226,2024-04-26
V001868,DEL029,MED0227,2024-04-26
V001905,DEL035,MED0232,2024-04-26
V001936,DEL044,MED0238,2024-04-26
V003003,DEL008,MED0375,2024-04-26
V003228,DEL023,MED0398,2024-04-26
V005062,DEL006,MED0628,2024-04-26
V005565,DEL023,MED0691,2024-04-26
V006068,DEL013,MED0748,2024-04-26
V006294,DEL021,MED0769,2024-04-26
V007123,DEL033,MED0881,2024-04-26
V007614,DEL006,MED0946,2024-04-26
V007978,DEL020,MED0982,2024-04-26
V008356,DEL015,MED1024,2024-04-26
V008454,DEL040,MED1036,2024-04-26
V008984,DEL021,MED1090,2024-04-26
V010004,DEL019,MED1199,2024-04-26
V010924,DEL037,MED1334,2024-04-26
V011515,DEL024,MED1404,2024-04-26
V011935,DEL014,MED1439,2024-04-26
V012080,DEL045,MED1450,2024-04-26
V013903,DEL031,MED1630,2024-04-26
V015849,DEL026,MED1854,2024-04-26
V000137,DEL020,MED0022,2024-04-27
V002156,DEL024,MED0276,2024-04-27
V002656,DEL008,MED0341,2024-04-27
V002657,DEL008,MED0341,2024-04-27
V003555,DEL033,MED0439,2024-04-27
V004621,DEL048,MED0572,2024-04-27
V006355,DEL044,MED0779,2024-04-27
V006785,DEL031,MED0837,2024-04-27
V006954,DEL014,MED0861,2024-04-27
V007147,DEL025,MED0882,2024-04-27
V007927,DEL031,MED0977,2024-04-27
V008553,DEL015,MED1045,2024-04-27
V009780,DEL023,MED1183,2024-04-27
V009899,DEL041,MED1193,2024-04-27
V009980,DEL045,MED1196,2024-04-27
V010568,DEL023,MED1275,2024-04-27
V011213,DEL046,MED1369,2024-04-27
V012046,DEL031,MED1449,2024-04-27
V012309,DEL033,MED1475,2024-04-27
V013651,DEL032,MED1609,2024-04-27
V013898,DEL047,MED1628,2024-04-27
V014190,DEL011,MED1658,2024-04-27
V014272,DEL002,MED1674,2024-04-27
V014427,DEL008,MED1685,2024-04-27
V014545,DEL018,MED1698,2024-04-27
V015765,DEL025,MED1842,2024-04-27
V016222,DEL037,MED1894,2024-04-27
V016292,DEL029,MED1906,2024-04-27
V016432,DEL015,MED1933,2024-04-27
V016712,DEL005,MED1973,2024-04-27
V016893,DEL040,MED1997,2024-04-27
V000532,DEL038,MED0063,2024-04-28
V001207,DEL024,MED0146,2024-04-28
V001588,DEL030,MED0193,2024-04-28
V001705,DEL040,MED0210,2024-04-28
V001981,DEL004,MED0246,2024-04-28
V004455,DEL029,MED0547,2024-04-28
V005571,DEL011,MED0692,2024-04-28
V006138,DEL048,MED0751,2024-04-28
V006638,DEL033,MED0818,2024-04-28
V007874,DEL034,MED0972,2024-04-28
V008933,DEL006,MED1087,2024-04-28
V009776,DEL023,MED1183,2024-04-28
V009934,DEL013,MED1194,2024-04-28
V012337,DEL016,MED1477,2024-04-28
V012748,DEL014,MED1524,2024-04-28
V012857,DEL017,MED1541,2024-04-28
V012915,DEL016,MED1543,2024-04-28
V013392,DEL027,MED1589,2024-04-28
V015342,DEL029,MED1786,2024-04-28
V015769,DEL025,MED1842,2024-04-28
V016385,DEL025,MED1931,2024-04-28
V016637,DEL021,MED1958,2024-04-28
V000133,DEL020,MED0022,2024-05-01
V000270,DEL018,MED0040,2024-05-01
V000748,DEL016,MED0087,2024-05-01
V000818,DEL044,MED0095,2024-05-01
V000845,DEL032,MED0103,2024-05-01
V001070,DEL045,MED0127,2024-05-01
V001489,DEL008,MED0181,2024-05-01
V001765,DEL035,MED0215,2024-05-01
V002587,DEL047,MED0332,2024-05-01
V003908,DEL007,MED0475,2024-05-01
V004307,DEL027,MED0532,2024-05-01
V004357,DEL032,MED0537,2024-05-01
V004753,DEL026,MED0581,2024-05-01
V006956,DEL014,MED0861,2024-05-01
V006958,DEL014,MED0861,2024-05-01
V010041,DEL033,MED1200,2024-05-01
V010781,DEL004,MED1308,2024-05-01
V011155,DEL001,MED1366,2024-05-01
V012215,DEL041,MED1464,2024-05-01
V012884,DEL049,MED1542,2024-05-01
V013508,DEL042,MED1595,2024-05-01
V014146,DEL012,MED1652,2024-05-01
V015720,DEL022,MED1836,2024-05-01
V000240,DEL024,MED0038,2024-05-02
V000777,DEL048,MED0092,2024-05-02
V001133,DEL033,MED0134,2024-05-02
V001734,DEL024,MED0211,2024-05-02
V001942,DEL006,MED0241,2024-05-02
V002437,DEL021,MED0309,2024-05-02
V002572,DEL023,MED0327,2024-05-02
V002894,DEL038,MED0361,2024-05-02
V004277,DEL005,MED0530,2024-05-02
V004458,DEL029,MED0547,2024-05-02
V005356,DEL027,MED0672,2024-05-02
V005634,DEL023,MED0701,2024-05-02
V005802,DEL027,MED0719,2024-05-02
V008713,DEL038,MED1065,2024-05-02
V010193,DEL017,MED1221,2024-05-02
V010263,DEL018,MED1225,2024-05-02
V011349,DEL013,MED1385,2024-05-02
V011710,DEL001,MED1424,2024-05-02
V013542,DEL049,MED1600,2024-05-02
V016404,DEL025,MED1931,2024-05-02
V000460,DEL002,MED0058,2024-05-03
V001464,DEL020,MED0173,2024-05-03
V002626,DEL043,MED0339,2024-05-03
V004297,DEL027,MED0532,2024-05-03
V004792,DEL001,MED0585,2024-05-03
V006474,DEL035,MED0796,2024-05-03
V007096,DEL015,MED0878,2024-05-03
V008700,DEL035,MED1061,2024-05-03
V009332,DEL007,MED1119,2024-05-03
V013362,DEL015,MED1587,2024-05-03
V013622,DEL012,MED1605,2024-05-03
V000322,DEL016,MED0043,2024-05-04
V000661,DEL001,MED0076,2024-05-04
V001455,DEL016,MED0170,2024-05-04
V001792,DEL020,MED0217,2024-05-04
V002981,DEL001,MED0374,2024-05-04
V003071,DEL013,MED0383,2024-05-04
V003733,DEL008,MED0453,2024-05-04
V004968,DEL004,MED0619,2024-05-04
V006445,DEL042,MED0794,2024-05-04
V006674,DEL039,MED0819,2024-05-04
V006940,DEL006,MED0859,2024-05-04
V007029,DEL001,MED0867,2024-05-04
V008541,DEL041,MED1044,2024-05-04
V009936,DEL013,MED1194,2024-05-04
V010556,DEL041,MED1271,2024-05-04
V011055,DEL013,MED1357,2024-05-04
V011405,DEL001,MED1392,2024-05-04
V014380,DEL043,MED1678,2024-05-04
V014751,DEL048,MED1717,2024-05-04
V015525,DEL038,MED1808,2024-05-04
V016395,DEL025,MED1931,2024-05-04
V016703,DEL009,MED1971,2024-05-04
V016831,DEL046,MED1983,2024-05-04
V001764,DEL035,MED0215,2024-05-05
V003441,DEL016,MED0424,2024-05-05
V006041,DEL026,MED0745,2024-05-05
V006343,DEL048,MED0778,2024-05-05
V006990,DEL025,MED0865,2024-05-05
V008193,DEL019,MED1001,2024-05-05
V009509,DEL022,MED1155,2024-05-05
V013126,DEL033,MED1566,2024-05-05
V013127,DEL033,MED1566,2024-05-05
V013274,DEL038,MED1582,2024-05-05
V013920,DEL013,MED1631,2024-05-05
V013940,DEL003,MED1632,2024-05-05
V013979,DEL018,MED1633,2024-05-05
V015085,DEL046,MED1764,2024-05-05
V015304,DEL018,MED1779,2024-05-05
V015350,DEL035,MED1787,2024-05-05
V015560,DEL041,MED1809,2024-05-05
V015591,DEL035,MED1812,2024-05-05
V016067,DEL001,MED1876,2024-05-05
V016838,DEL001,MED1984,2024-05-05
V000098,DEL023,MED0019,2024-05-06
V000590,DEL022,MED0069,2024-05-06
V002191,DEL004,MED0282,2024-05-06
V002193,DEL004,MED0282,2024-05-06
V002448,DEL043,MED0310,2024-05-06
V002625,DEL043,MED0339,2024-05-06
V002956,DEL010,MED0368,2024-05-06
V003352,DEL023,MED0408,2024-05-06
V005444,DEL029,MED0680,2024-05-06
V005476,DEL004,MED0681,2024-05-06
V006291,DEL021,MED0769,2024-05-06
V007571,DEL009,MED0933,2024-05-06
V008498,DEL033,MED1041,2024-05-06
V008532,DEL031,MED1042,2024-05-06
V010091,DEL030,MED1206,2024-05-06
V010908,DEL034,MED1328,2024-05-06
V011387,DEL016,MED1387,2024-05-06
V011990,DEL021,MED1446,2024-05-06
V012713,DEL002,MED1521,2024-05-06
V013073,DEL024,MED1563,2024-05-06
V013248,DEL047,MED1577,2024-05-06
V013989,DEL018,MED1633,2024-05-06
V014703,DEL014,MED1712,2024-05-06
V015016,DEL049,MED1756,2024-05-06
V015735,DEL037,MED1838,2024-05-06
V016026,DEL017,MED1875,2024-05-06
V016227,DEL037,MED1894,2024-05-06
V000371,DEL016,MED0048,2024-05-07
V001004,DEL049,MED0122,2024-05-07
V001179,DEL015,MED0140,2024-05-07
V002690,DEL030,MED0342,2024-05-07
V002729,DEL008,MED0345,2024-05-07
V003904,DEL007,MED0475,2024-05-07
V004030,DEL022,MED0491,2024-05-07
V004042,DEL028,MED0494,2024-05-07
V004408,DEL018,MED0543,2024-05-07
V005239,DEL004,MED0661,2024-05-07
V005293,DEL050,MED0665,2024-05-07
V005774,DEL014,MED0714,2024-05-07
V005910,DEL029,MED0729,2024-05-07
V005994,DEL033,MED0734,2024-05-07
V006061,DEL013,MED0748,2024-05-07
V006301,DEL021,MED0769,2024-05-07
V006978,DEL019,MED0864,2024-05-07
V007709,DEL038,MED0958,2024-05-07
V008798,DEL042,MED1075,2024-05-07
V009258,DEL024,MED1111,2024-05-07
V009400,DEL014,MED1132,2024-05-07
V009851,DEL018,MED1187,2024-05-07
V010453,DEL043,MED1248,2024-05-07
V010667,DEL050,MED1288,2024-05-07
V011795,DEL017,MED1432,2024-05-07
V012159,DEL038,MED1459,2024-05-07
V012919,DEL016,MED1543,2024-05-07
V014114,DEL004,MED1649,2024-05-07
V014156,DEL029,MED1655,2024-05-07
V014388,DEL043,MED1678,2024-05-07
V015606,DEL016,MED1817,2024-05-07
V015688,DEL048,MED1827,2024-05-07
V015768,DEL025,MED1842,2024-05-07
V016318,DEL007,MED1912,2024-05-07
V004399,DEL007,MED0542,2024-05-08
V004800,DEL048,MED0586,2024-05-08
V005114,DEL006,MED0637,2024-05-08
V007866,DEL034,MED0972,2024-05-08
V007908,DEL045,MED0973,2024-05-08
V009518,DEL011,MED1158,2024-05-08
V010038,DEL033,MED1200,2024-05-08
V011106,DEL018,MED1364,2024-05-08
V011216,DEL046,MED1369,2024-05-08
V011797,DEL017,MED1432,2024-05-08
V012311,DEL033,MED1475,2024-05-08
V012637,DEL016,MED1517,2024-05-08
V015670,DEL044,MED1825,2024-05-08
V016310,DEL025,MED1910,2024-05-08
V000367,DEL016,MED0048,2024-05-09
V000506,DEL032,MED0060,2024-05-09
V000527,DEL038,MED0063,2024-05-09
V000998,DEL049,MED0122,2024-05-09
V001107,DEL007,MED0132,2024-05-09
V001788,DEL001,MED0216,2024-05-09
V002324,DEL036,MED0298,2024-05-09
V002786,DEL018,MED0353,2024-05-09
V002885,DEL019,MED0359,2024-05-09
V003626,DEL018,MED0446,2024-05-09
V004243,DEL039,MED0527,2024-05-09
V004813,DEL006,MED0588,2024-05-09
V005238,DEL004,MED0661,2024-05-09
V006026,DEL030,MED0739,2024-05-09
V006206,DEL013,MED0758,2024-05-09
V006470,DEL035,MED0796,2024-05-09
V006856,DEL023,MED0846,2024-05-09
V007276,DEL043,MED0895,2024-05-09
V008418,DEL020,MED1032,2024-05-09
V008837,DEL023,MED1076,2024-05-09
V009592,DEL030,MED1166,2024-05-09
V010452,DEL043,MED1248,2024-05-09
V010992,DEL001,MED1347,2024-05-09
V011652,DEL046,MED1419,2024-05-09
V012370,DEL028,MED1490,2024-05-09
V013457,DEL018,MED1592,2024-05-09
V013537,DEL049,MED1600,2024-05-09
V013641,DEL032,MED1608,2024-05-09
V013684,DEL010,MED1615,2024-05-09
V013827,DEL016,MED1623,2024-05-09
V014375,DEL043,MED1678,2024-05-09
V014587,DEL010,MED1699,2024-05-09
V016190,DEL001,MED1893,2024-05-09
V001694,DEL043,MED0209,2024-05-10
V002213,DEL007,MED0287,2024-05-10
V004191,DEL013,MED0522,2024-05-10
V004211,DEL003,MED0523,2024-05-10
V005175,DEL008,MED0649,2024-05-10
V005526,DEL050,MED0687,2024-05-10
V006048,DEL026,MED0747,2024-05-10
V006431,DEL029,MED0792,2024-05-10
V006578,DEL043,MED0811,2024-05-10
V008330,DEL045,MED1017,2024-05-10
V008957,DEL038,MED1088,2024-05-10
V009111,DEL022,MED1099,2024-05-10
V009136,DEL036,MED1102,2024-05-10
V009465,DEL039,MED1144,2024-05-10
V009929,DEL013,MED1194,2024-05-10
V010176,DEL034,MED1220,2024-05-10
V010914,DEL011,MED1331,2024-05-10
V011194,DEL034,MED1367,2024-05-10
V011860,DEL033,MED1436,2024-05-10
V012335,DEL016,MED1477,2024-05-10
V012351,DEL009,MED1483,2024-05-10
V012617,DEL011,MED1513,2024-05-10
V013825,DEL016,MED1623,2024-05-10
V014848,DEL048,MED1733,2024-05-10
V015074,DEL023,MED1763,2024-05-10
V015290,DEL018,MED1779,2024-05-10
V015903,DEL033,MED1858,2024-05-10
V016034,DEL017,MED1875,2024-05-10
V016074,DEL001,MED1876,2024-05-10
V016290,DEL029,MED1906,2024-05-10
V016827,DEL020,MED1982,2024-05-10
V000542,DEL038,MED0063,2024-05-11
V000718,DEL028,MED0084,2024-05-11
V001260,DEL017,MED0149,2024-05-11
V002651,DEL008,MED0341,2024-05-11
V003844,DEL003,MED0467,2024-05-11
V004239,DEL039,MED0527,2024-05-11
V004451,DEL029,MED0547,2024-05-11
V004511,DEL047,MED0555,2024-05-11
V004877,DEL026,MED0600,2024-05-11
V006023,DEL030,MED0739,2024-05-11
V006513,DEL047,MED0801,2024-05-11
V007148,DEL025,MED0882,2024-05-11
V007469,DEL034,MED0920,2024-05-11
V007944,DEL041,MED0978,2024-05-11
V008326,DEL045,MED1017,2024-05-11
V009289,DEL026,MED1113,2024-05-11
V010414,DEL032,MED1244,2024-05-11
V011430,DEL048,MED1395,2024-05-11
V011822,DEL044,MED1435,2024-05-11
V012327,DEL042,MED1476,2024-05-11
V012634,DEL016,MED1517,2024-05-11
V013348,DEL033,MED1586,2024-05-11
V013832,DEL016,MED1623,2024-05-11
V014065,DEL011,MED1643,2024-05-11
V015917,DEL050,MED1860,2024-05-11
V016170,DEL025,MED1891,2024-05-11
V000463,DEL002,MED0058,2024-05-12
V000851,DEL020,MED0104,2024-05-12
V002513,DEL048,MED0321,2024-05-12
V003314,DEL050,MED0406,2024-05-12
V004354,DEL032,MED0537,2024-05-12
V004373,DEL016,MED0540,2024-05-12
V004500,DEL017,MED0554,2024-05-12
V004915,DEL038,MED0604,2024-05-12
V005812,DEL027,MED0719,2024-05-12
V005845,DEL031,MED0725,2024-05-12
V007693,DEL006,MED0957,2024-05-12
V007819,DEL015,MED0970,2024-05-12
V007825,DEL015,MED0970,2024-05-12
V008399,DEL020,MED1032,2024-05-12
V009335,DEL007,MED1119,2024-05-12
V009431,DEL038,MED1138,2024-05-12
V010005,DEL019,MED1199,2024-05-12
V010674,DEL050,MED1288,2024-05-12
V011581,DEL023,MED1410,2024-05-12
V012005,DEL021,MED1446,2024-05-12
V012759,DEL042,MED1526,2024-05-12
V012763,DEL042,MED1526,2024-05-12
V014957,DEL012,MED1749,2024-05-12
V016475,DEL002,MED1944,2024-05-12
V000912,DEL009,MED0109,2024-05-13
V001680,DEL034,MED0206,2024-05-13
V002150,DEL013,MED0275,2024-05-13
V005230,DEL004,MED0661,2024-05-13
V005764,DEL014,MED0714,2024-05-13
V006020,DEL030,MED0739,2024-05-13
V006480,DEL035,MED0796,2024-05-13
V007753,DEL049,MED0964,2024-05-13
V012127,DEL016,MED1455,2024-05-13
V013255,DEL033,MED1579,2024-05-13
V013275,DEL038,MED1582,2024-05-13
V013987,DEL018,MED1633,2024-05-13
V014017,DEL046,MED1637,2024-05-13
V014624,DEL009,MED1702,2024-05-13
V014641,DEL010,MED1703,2024-05-13
V014763,DEL048,MED1717,2024-05-13
V014787,DEL046,MED1718,2024-05-13
V015396,DEL027,MED1793,2024-05-13
V015713,DEL049,MED1835,2024-05-13
V016899,DEL020,MED1998,2024-05-13
V002364,DEL034,MED0301,2024-05-14
V002440,DEL021,MED0309,2024-05-14
V002691,DEL030,MED0342,2024-05-14
V002700,DEL030,MED0342,2024-05-14
V002954,DEL010,MED0368,2024-05-14
V003522,DEL011,MED0433,2024-05-14
V004238,DEL039,MED0527,2024-05-14
V004659,DEL018,MED0573,2024-05-14
V005904,DEL029,MED0729,2024-05-14
V005948,DEL018,MED0730,2024-05-14
V006064,DEL013,MED0748,2024-05-14
V006646,DEL033,MED0818,2024-05-14
V007692,DEL006,MED0957,2024-05-14
V007832,DEL015,MED0970,2024-05-14
V007993,DEL023,MED0983,2024-05-14
V008208,DEL022,MED1002,2024-05-14
V008786,DEL019,MED1073,2024-05-14
V008878,DEL016,MED1078,2024-05-14
V010264,DEL018,MED1225,2024-05-14
V010931,DEL037,MED1334,2024-05-14
V011012,DEL010,MED1352,2024-05-14
V011065,DEL031,MED1359,2024-05-14
V011919,DEL036,MED1438,2024-05-14
V012000,DEL021,MED1446,2024-05-14
V012107,DEL006,MED1453,2024-05-14
V013042,DEL003,MED1561,2024-05-14
V013675,DEL010,MED1615,2024-05-14
V013763,DEL032,MED1620,2024-05-14
V016493,DEL002,MED1944,2024-05-14
V016598,DEL012,MED1955,2024-05-14
V016720,DEL005,MED1973,2024-05-14
V000303,DEL049,MED0042,2024-05-15
V000304,DEL049,MED0042,2024-05-15
V001188,DEL009,MED0144,2024-05-15
V002912,DEL019,MED0365,2024-05-15
V003158,DEL018,MED0388,2024-05-15
V004522,DEL047,MED0555,2024-05-15
V004583,DEL022,MED0561,2024-05-15
V004783,DEL007,MED0584,2024-05-15
V004803,DEL048,MED0586,2024-05-15
V004830,DEL044,MED0593,2024-05-15
V005113,DEL006,MED0637,2024-05-15
V005656,DEL033,MED0702,2024-05-15
V006190,DEL046,MED0754,2024-05-15
V007201,DEL003,MED0886,2024-05-15
V008982,DEL021,MED1090,2024-05-15
V009535,DEL023,MED1161,2024-05-15
V009660,DEL009,MED1171,2024-05-15
V010825,DEL049,MED1313,2024-05-15
V011616,DEL003,MED1415,2024-05-15
V011796,DEL017,MED1432,2024-05-15
V011828,DEL044,MED1435,2024-05-15
V012702,DEL002,MED1521,2024-05-15
V013061,DEL024,MED1563,2024-05-15
V013273,DEL038,MED1582,2024-05-15
V013750,DEL030,MED1619,2024-05-15
V013972,DEL018,MED1633,2024-05-15
V013984,DEL018,MED1633,2024-05-15
V014216,DEL041,MED1663,2024-05-15
V015394,DEL027,MED1793,2024-05-15
V015633,DEL009,MED1818,2024-05-15
V016127,DEL006,MED1884,2024-05-15
V016323,DEL007,MED1912,2024-05-15
V000660,DEL001,MED0076,2024-05-16
V001354,DEL006,MED0161,2024-05-16
V001609,DEL014,MED0197,2024-05-16
V002199,DEL024,MED0283,2024-05-16
V002222,DEL007,MED0287,2024-05-16
V002376,DEL009,MED0303,2024-05-16
V002697,DEL030,MED0342,2024-05-16
V002824,DEL039,MED0354,2024-05-16
V003445,DEL016,MED0424,2024-05-16
V004241,DEL039,MED0527,2024-05-16
V004493,DEL010,MED0553,2024-05-16
V004969,DEL004,MED0619,2024-05-16
V005233,DEL004,MED0661,2024-05-16
V005609,DEL011,MED0700,2024-05-16
V005874,DEL047,MED0726,2024-05-16
V006341,DEL048,MED0778,2024-05-16
V006964,DEL007,MED0863,2024-05-16
V006965,DEL007,MED0863,2024-05-16
V007068,DEL040,MED0872,2024-05-16
V007304,DEL041,MED0896,2024-05-16
V007321,DEL002,MED0897,2024-05-16
V007664,DEL050,MED0953,2024-05-16
V008038,DEL044,MED0989,2024-05-16
V008577,DEL033,MED1046,2024-05-16
V009223,DEL035,MED1109,2024-05-16
V009326,DEL007,MED1119,2024-05-16
V009354,DEL009,MED1122,2024-05-16
V010210,DEL017,MED1221,2024-05-16
V010626,DEL048,MED1284,2024-05-16
V011429,DEL048,MED1395,2024-05-16
V011960,DEL018,MED1443,2024-05-16
V012060,DEL031,MED1449,2024-05-16
V012520,DEL011,MED1501,2024-05-16
V012928,DEL018,MED1545,2024-05-16
V014543,DEL018,MED1698,2024-05-16
V015255,DEL039,MED1778,2024-05-16
V016478,DEL002,MED1944,2024-05-16
V016487,DEL002,MED1944,2024-05-16
V016886,DEL033,MED1996,2024-05-16
V000186,DEL030,MED0027,2024-05-17
V001715,DEL040,MED0210,2024-05-17
V002366,DEL034,MED0301,2024-05-17
V002562,DEL046,MED0325,2024-05-17
V006137,DEL048,MED0751,2024-05-17
V006398,DEL004,MED0787,2024-05-17
V007551,DEL026,MED0930,2024-05-17
V007577,DEL032,MED0934,2024-05-17
V007637,DEL006,MED0952,2024-05-17
V007789,DEL024,MED0968,2024-05-17
V008743,DEL049,MED1071,2024-05-17
V008834,DEL023,MED1076,2024-05-17
V012422,DEL003,MED1492,2024-05-17
V012816,DEL006,MED1540,2024-05-17
V012985,DEL013,MED1551,2024-05-17
V013003,DEL019,MED1556,2024-05-17
V013015,DEL031,MED1557,2024-05-17
V013911,DEL013,MED1631,2024-05-17
V014274,DEL002,MED1674,2024-05-17
V000352,DEL016,MED0048,2024-05-18
V000994,DEL049,MED0122,2024-05-18
V001652,DEL035,MED0201,2024-05-18
V001829,DEL008,MED0224,2024-05-18
V001839,DEL008,MED0224,2024-05-18
V001978,DEL004,MED0246,2024-05-18
V002907,DEL019,MED0365,2024-05-18
V003064,DEL013,MED0383,2024-05-18
V004472,DEL020,MED0549,2024-05-18
V004793,DEL001,MED0585,2024-05-18
V004954,DEL019,MED0617,2024-05-18
V008841,DEL023,MED1076,2024-05-18
V009944,DEL013,MED1194,2024-05-18
V009994,DEL019,MED1199,2024-05-18
V011330,DEL028,MED1383,2024-05-18
V011656,DEL046,MED1419,2024-05-18
V011747,DEL022,MED1428,2024-05-18
V012471,DEL022,MED1496,2024-05-18
V012518,DEL011,MED1501,2024-05-18
V016099,DEL009,MED1879,2024-05-18
V016557,DEL046,MED1950,2024-05-18
V016719,DEL005,MED1973,2024-05-18
V001199,DEL036,MED0145,2024-05-19
V001456,DEL016,MED0170,2024-05-19
V002282,DEL014,MED0295,2024-05-19
V002767,DEL019,MED0350,2024-05-19
V003005,DEL008,MED0375,2024-05-19
V003396,DEL016,MED0415,2024-05-19
V003476,DEL014,MED0431,2024-05-19
V004804,DEL048,MED0586,2024-05-19
V006011,DEL003,MED0736,2024-05-19
V006332,DEL031,MED0772,2024-05-19
V008634,DEL030,MED1053,2024-05-19
V009054,DEL042,MED1094,2024-05-19
V009758,DEL002,MED1180,2024-05-19
V009821,DEL047,MED1186,2024-05-19
V009858,DEL018,MED1187,2024-05-19
V009979,DEL045,MED1196,2024-05-19
V009999,DEL019,MED1199,2024-05-19
V010934,DEL037,MED1334,2024-05-19
V012662,DEL037,MED1519,2024-05-19
V012893,DEL049,MED1542,2024-05-19
V013110,DEL034,MED1564,2024-05-19
V013187,DEL011,MED1572,2024-05-19
V014594,DEL020,MED1700,2024-05-19
V015490,DEL034,MED1806,2024-05-19
V015710,DEL049,MED1835,2024-05-19
V015758,DEL025,MED1842,2024-05-19
V016126,DEL006,MED1884,2024-05-19
V016303,DEL037,MED1907,2024-05-19
V002034,DEL020,MED0255,2024-05-20
V002641,DEL008,MED0341,2024-05-20
V003312,DEL050,MED0406,2024-05-20
V003594,DEL001,MED0442,2024-05-20
V004293,DEL027,MED0532,2024-05-20
V004631,DEL048,MED0572,2024-05-20
V004926,DEL010,MED0607,2024-05-20
V004993,DEL006,MED0622,2024-05-20
V005272,DEL022,MED0663,2024-05-20
V005447,DEL029,MED0680,2024-05-20
V006365,DEL036,MED0783,2024-05-20
V006642,DEL033,MED0818,2024-05-20
V006733,DEL006,MED0832,2024-05-20
V007119,DEL033,MED0881,2024-05-20
V007522,DEL030,MED0926,2024-05-20
V008241,DEL035,MED1005,2024-05-20
V008748,DEL049,MED1071,2024-05-20
V010971,DEL021,MED1339,2024-05-20
V011826,DEL044,MED1435,2024-05-20
V013373,DEL004,MED1588,2024-05-20
V013646,DEL032,MED1609,2024-05-20
V015359,DEL050,MED1788,2024-05-20
V015412,DEL016,MED1795,2024-05-20
V015809,DEL021,MED1849,2024-05-20
V016011,DEL011,MED1874,2024-05-20
V016476,DEL002,MED1944,2024-05-20
V016878,DEL004,MED1992,2024-05-20
V000220,DEL010,MED0035,2024-05-21
V000242,DEL024,MED0038,2024-05-21
V000842,DEL032,MED0103,2024-05-21
V000930,DEL021,MED0113,2024-05-21
V001639,DEL019,MED0200,2024-05-21
V001745,DEL010,MED0212,2024-05-21
V002913,DEL019,MED0365,2024-05-21
V003253,DEL029,MED0402,2024-05-21
V003491,DEL014,MED0431,2024-05-21
V004291,DEL027,MED0532,2024-05-21
V004667,DEL018,MED0573,2024-05-21
V004998,DEL006,MED0622,2024-05-21
V005110,DEL006,MED0637,2024-05-21
V006094,DEL046,MED0750,2024-05-21
V006242,DEL026,MED0760,2024-05-21
V006841,DEL006,MED0845,2024-05-21
V006894,DEL022,MED0851,2024-05-21
V007435,DEL044,MED0910,2024-05-21
V007615,DEL006,MED0946,2024-05-21
V008398,DEL020,MED1032,2024-05-21
V009278,DEL010,MED1112,2024-05-21
V010012,DEL019,MED1199,2024-05-21
V010308,DEL040,MED1235,2024-05-21
V011509,DEL024,MED1404,2024-05-21
V011613,DEL003,MED1415,2024-05-21
V012585,DEL036,MED1506,2024-05-21
V013473,DEL018,MED1592,2024-05-21
V014288,DEL002,MED1674,2024-05-21
V015810,DEL021,MED1849,2024-05-21
V015851,DEL026,MED1854,2024-05-21
V016143,DEL017,MED1888,2024-05-21
V016289,DEL029,MED1906,2024-05-21
V000593,DEL022,MED0069,2024-05-22
V000809,DEL042,MED0094,2024-05-22
V002590,DEL047,MED0332,2024-05-22
V002730,DEL008,MED0345,2024-05-22
V003247,DEL029,MED0402,2024-05-22
V004164,DEL017,MED0517,2024-05-22
V004305,DEL027,MED0532,2024-05-22
V006891,DEL019,MED0850,2024-05-22
V008840,DEL023,MED1076,2024-05-22
V009945,DEL013,MED1194,2024-05-22
V010509,DEL013,MED1262,2024-05-22
V010813,DEL048,MED1312,2024-05-22
V010975,DEL031,MED1341,2024-05-22
V011103,DEL018,MED1364,2024-05-22
V011627,DEL046,MED1416,2024-05-22
V012220,DEL041,MED1464,2024-05-22
V012889,DEL049,MED1542,2024-05-22
V013946,DEL003,MED1632,2024-05-22
V014655,DEL004,MED1705,2024-05-22
V015507,DEL010,MED1807,2024-05-22
V016071,DEL001,MED1876,2024-05-22
V016510,DEL021,MED1945,2024-05-22
V000607,DEL021,MED0070,2024-05-23
V001406,DEL041,MED0165,2024-05-23
V004165,DEL017,MED0517,2024-05-23
V005130,DEL024,MED0639,2024-05-23
V005539,DEL033,MED0689,2024-05-23
V005767,DEL014,MED0714,2024-05-23
V005989,DEL033,MED0734,2024-05-23
V006142,DEL048,MED0751,2024-05-23
V006931,DEL006,MED0859,2024-05-23
V007035,DEL029,MED0868,2024-05-23
V007219,DEL026,MED0890,2024-05-23
V007524,DEL030,MED0926,2024-05-23
V007904,DEL045,MED0973,2024-05-23
V008506,DEL033,MED1041,2024-05-23
V008914,DEL006,MED1087,2024-05-23
V009016,DEL035,MED1091,2024-05-23
V010409,DEL032,MED1244,2024-05-23
V010464,DEL032,MED1250,2024-05-23
V011006,DEL023,MED1350,2024-05-23
V012582,DEL049,MED1505,2024-05-23
V014221,DEL048,MED1666,2024-05-23
V014475,DEL048,MED1692,2024-05-23
V015590,DEL035,MED1812,2024-05-23
V016177,DEL025,MED1891,2024-05-23
V016220,DEL037,MED1894,2024-05-23
V001581,DEL006,MED0192,2024-05-24
V001879,DEL021,MED0229,2024-05-24
V003648,DEL043,MED0447,2024-05-24
V004029,DEL022,MED0491,2024-05-24
V004078,DEL034,MED0497,2024-05-24
V004655,DEL018,MED0573,2024-05-24
V005492,DEL045,MED0684,2024-05-24
V006159,DEL027,MED0752,2024-05-24
V007116,DEL033,MED0881,2024-05-24
V007990,DEL023,MED0983,2024-05-24
V008371,DEL004,MED1026,2024-05-24
V008796,DEL042,MED1075,2024-05-24
V010082,DEL019,MED1205,2024-05-24
V010212,DEL017,MED1221,2024-05-24
V010584,DEL033,MED1277,2024-05-24
V010682,DEL050,MED1288,2024-05-24
V012661,DEL037,MED1519,2024-05-24
V013683,DEL010,MED1615,2024-05-24
V014341,DEL031,MED1676,2024-05-24
V014560,DEL018,MED1698,2024-05-24
V015384,DEL027,MED1793,2024-05-24
V016830,DEL046,MED1983,2024-05-24
V002473,DEL023,MED0314,2024-05-25
V003739,DEL034,MED0456,2024-05-25
V003965,DEL040,MED0480,2024-05-25
V004231,DEL039,MED0527,2024-05-25
V004486,DEL004,MED0551,2024-05-25
V005034,DEL023,MED0623,2024-05-25
V005203,DEL028,MED0651,2024-05-25
V006089,DEL046,MED0750,2024-05-25
V006247,DEL042,MED0761,2024-05-25
V007185,DEL003,MED0885,2024-05-25
V009896,DEL037,MED1191,2024-05-25
V010258,DEL018,MED1225,2024-05-25
V010476,DEL023,MED1253,2024-05-25
V011602,DEL045,MED1414,2024-05-25
V011653,DEL046,MED1419,2024-05-25
V011909,DEL036,MED1438,2024-05-25
V014531,DEL021,MED1697,2024-05-25
V001735,DEL024,MED0211,2024-05-26
V003872,DEL037,MED0470,2024-05-26
V004575,DEL026,MED0560,2024-05-26
V004773,DEL003,MED0583,2024-05-26
V005360,DEL027,MED0672,2024-05-26
V005426,DEL016,MED0676,2024-05-26
V005848,DEL031,MED0725,2024-05-26
V006132,DEL048,MED0751,2024-05-26
V007575,DEL032,MED0934,2024-05-26
V007854,DEL036,MED0971,2024-05-26
V008500,DEL033,MED1041,2024-05-26
V008927,DEL006,MED1087,2024-05-26
V009336,DEL007,MED1119,2024-05-26
V009511,DEL022,MED1155,2024-05-26
V009728,DEL034,MED1179,2024-05-26
V010601,DEL010,MED1280,2024-05-26
V010726,DEL002,MED1299,2024-05-26
V011275,DEL015,MED1373,2024-05-26
V011510,DEL024,MED1404,2024-05-26
V011626,DEL046,MED1416,2024-05-26
V013046,DEL003,MED1561,2024-05-26
V013252,DEL005,MED1578,2024-05-26
V013753,DEL032,MED1620,2024-05-26
V015334,DEL035,MED1783,2024-05-26
V015341,DEL029,MED1786,2024-05-26
V015393,DEL027,MED1793,2024-05-26
V015898,DEL046,MED1856,2024-05-26
V016065,DEL001,MED1876,2024-05-26
V000582,DEL022,MED0069,2024-05-27
V001833,DEL008,MED0224,2024-05-27
V003824,DEL038,MED0466,2024-05-27
V005563,DEL023,MED0691,2024-05-27
V006433,DEL029,MED0792,2024-05-27
V006438,DEL038,MED0793,2024-05-27
V008270,DEL042,MED1009,2024-05-27
V009209,DEL016,MED1107,2024-05-27
V009395,DEL014,MED1132,2024-05-27
V009940,DEL013,MED1194,2024-05-27
V011450,DEL049,MED1399,2024-05-27
V011615,DEL003,MED1415,2024-05-27
V011970,DEL001,MED1445,2024-05-27
V012045,DEL031,MED1449,2024-05-27
V014879,DEL001,MED1736,2024-05-27
V014928,DEL034,MED1746,2024-05-27
V015072,DEL023,MED1763,2024-05-27
V015228,DEL031,MED1777,2024-05-27
V016012,DEL011,MED1874,2024-05-27
V016193,DEL001,MED1893,2024-05-27
V000448,DEL017,MED0057,2024-05-28
V000754,DEL049,MED0088,2024-05-28
V001517,DEL033,MED0189,2024-05-28
V002022,DEL041,MED0251,2024-05-28
V003006,DEL008,MED0375,2024-05-28
V004148,DEL044,MED0515,2024-05-28
V006218,DEL013,MED0758,2024-05-28
V006295,DEL021,MED0769,2024-05-28
V006401,DEL021,MED0788,2024-05-28
V007383,DEL005,MED0905,2024-05-28
V008150,DEL028,MED0998,2024-05-28
V008554,DEL015,MED1045,2024-05-28
V008920,DEL006,MED1087,2024-05-28
V008925,DEL006,MED1087,2024-05-28
V009824,DEL047,MED1186,2024-05-28
V011193,DEL034,MED1367,2024-05-28
V011932,DEL014,MED1439,2024-05-28
V012216,DEL041,MED1464,2024-05-28
V013226,DEL013,MED1575,2024-05-28
V013659,DEL007,MED1610,2024-05-28
V014238,DEL035,MED1670,2024-05-28
V014291,DEL002,MED1674,2024-05-28
V014312,DEL015,MED1675,2024-05-28
V014702,DEL014,MED1712,2024-05-28
V014970,DEL012,MED1749,2024-05-28
V015906,DEL050,MED1860,2024-05-28
V016251,DEL040,MED1900,2024-05-28
V000300,DEL049,MED0042,2024-06-01
V000569,DEL021,MED0067,2024-06-01
V001955,DEL033,MED0245,2024-06-01
V002165,DEL037,MED0278,2024-06-01
V002374,DEL049,MED0302,2024-06-01
V002430,DEL021,MED0309,2024-06-01
V003531,DEL038,MED0434,2024-06-01
V004224,DEL039,MED0527,2024-06-01
V004557,DEL034,MED0557,2024-06-01
V005004,DEL006,MED0622,2024-06-01
V005028,DEL023,MED0623,2024-06-01
V006459,DEL020,MED0795,2024-06-01
V006850,DEL023,MED0846,2024-06-01
V007036,DEL029,MED0868,2024-06-01
V007903,DEL045,MED0973,2024-06-01
V008167,DEL045,MED1000,2024-06-01
V008991,DEL021,MED1090,2024-06-01
V009595,DEL047,MED1167,2024-06-01
V011074,DEL031,MED1359,2024-06-01
V011263,DEL026,MED1371,2024-06-01
V011356,DEL013,MED1385,2024-06-01
V012160,DEL038,MED1459,2024-06-01
V012161,DEL038,MED1459,2024-06-01
V012291,DEL026,MED1470,2024-06-01
V013388,DEL027,MED1589,2024-06-01
V013608,DEL031,MED1603,2024-06-01
V014657,DEL004,MED1705,2024-06-01
V015423,DEL020,MED1797,2024-06-01
V016192,DEL001,MED1893,2024-06-01
V016444,DEL033,MED1937,2024-06-01
V016669,DEL004,MED1960,2024-06-01
V016869,DEL011,MED1988,2024-06-01
V002391,DEL042,MED0305,2024-06-02
V002547,DEL008,MED0323,2024-06-02
V002586,DEL047,MED0332,2024-06-02
V004047,DEL006,MED0495,2024-06-02
V004140,DEL026,MED0513,2024-06-02
V004356,DEL032,MED0537,2024-06-02
V004512,DEL047,MED0555,2024-06-02
V005790,DEL037,MED0715,2024-06-02
V005828,DEL010,MED0720,2024-06-02
V006943,DEL006,MED0859,2024-06-02
V007554,DEL026,MED0930,2024-06-02
V007862,DEL034,MED0972,2024-06-02
V007879,DEL034,MED0972,2024-06-02
V007940,DEL041,MED0978,2024-06-02
V009140,DEL036,MED1102,2024-06-02
V009305,DEL049,MED1114,2024-06-02
V009508,DEL022,MED1155,2024-06-02
V010077,DEL028,MED1204,2024-06-02
V010312,DEL040,MED1235,2024-06-02
V010719,DEL049,MED1298,2024-06-02
V011119,DEL015,MED1365,2024-06-02
V012946,DEL026,MED1547,2024-06-02
V013393,DEL027,MED1589,2024-06-02
V014205,DEL029,MED1661,2024-06-02
V014995,DEL003,MED1751,2024-06-02
V015102,DEL023,MED1768,2024-06-02
V016037,DEL017,MED1875,2024-06-02
V016264,DEL024,MED1901,2024-06-02
V000212,DEL034,MED0034,2024-06-03
V000461,DEL002,MED0058,2024-06-03
V000606,DEL021,MED0070,2024-06-03
V001509,DEL034,MED0186,2024-06-03
V002823,DEL039,MED0354,2024-06-03
V003344,DEL049,MED0407,2024-06-03
V003345,DEL049,MED0407,2024-06-03
V003712,DEL049,MED0452,2024-06-03
V005072,DEL042,MED0629,2024-06-03
V005632,DEL023,MED0701,2024-06-03
V006620,DEL002,MED0817,2024-06-03
V007080,DEL020,MED0876,2024-06-03
V007146,DEL025,MED0882,2024-06-03
V007180,DEL003,MED0885,2024-06-03
V007612,DEL006,MED0946,2024-06-03
V010756,DEL013,MED1304,2024-06-03
V011215,DEL046,MED1369,2024-06-03
V011361,DEL013,MED1385,2024-06-03
V011534,DEL022,MED1405,2024-06-03
V011801,DEL017,MED1432,2024-06-03
V011864,DEL033,MED1436,2024-06-03
V013184,DEL011,MED1572,2024-06-03
V015899,DEL046,MED1856,2024-06-03
V000356,DEL016,MED0048,2024-06-04
V001129,DEL033,MED0134,2024-06-04
V001282,DEL024,MED0157,2024-06-04
V001798,DEL050,MED0220,2024-06-04
V001831,DEL008,MED0224,2024-06-04
V001844,DEL008,MED0224,2024-06-04
V002306,DEL042,MED0297,2024-06-04
V002382,DEL011,MED0304,2024-06-04
V002695,DEL030,MED0342,2024-06-04
V003464,DEL025,MED0429,2024-06-04
V004043,DEL028,MED0494,2024-06-04
V005226,DEL004,MED0661,2024-06-04
V006631,DEL033,MED0818,2024-06-04
V007377,DEL005,MED0905,2024-06-04
V009484,DEL025,MED1147,2024-06-04
V009569,DEL033,MED1165,2024-06-04
V010774,DEL004,MED1308,2024-06-04
V011994,DEL021,MED1446,2024-06-04
V012057,DEL031,MED1449,2024-06-04
V012111,DEL039,MED1454,2024-06-04
V012377,DEL009,MED1491,2024-06-04
V013016,DEL031,MED1557,2024-06-04
V014261,DEL026,MED1673,2024-06-04
V014456,DEL011,MED1687,2024-06-04
V014623,DEL009,MED1702,2024-06-04
V014924,DEL034,MED1746,2024-06-04
V015460,DEL002,MED1800,2024-06-04
V015770,DEL025,MED1842,2024-06-04
V016168,DEL025,MED1891,2024-06-04
V000028,DEL002,MED0009,2024-06-05
V000370,DEL016,MED0048,2024-06-05
V001555,DEL048,MED0191,2024-06-05
V001736,DEL024,MED0211,2024-06-05
V001757,DEL035,MED0215,2024-06-05
V001894,DEL045,MED0230,2024-06-05
V002185,DEL048,MED0280,2024-06-05
V003040,DEL007,MED0381,2024-06-05
V003559,DEL033,MED0439,2024-06-05
V004453,DEL029,MED0547,2024-06-05
V004694,DEL014,MED0574,2024-06-05
V005564,DEL023,MED0691,2024-06-05
V006045,DEL044,MED0746,2024-06-05
V007930,DEL031,MED0977,2024-06-05
V008037,DEL044,MED0989,2024-06-05
V009064,DEL006,MED1096,2024-06-05
V009635,DEL022,MED1170,2024-06-05
V009904,DEL041,MED1193,2024-06-05
V010703,DEL028,MED1293,2024-06-05
V010990,DEL001,MED1347,2024-06-05
V011172,DEL034,MED1367,2024-06-05
V011228,DEL046,MED1369,2024-06-05
V011866,DEL033,MED1436,2024-06-05
V012061,DEL031,MED1449,2024-06-05
V012847,DEL017,MED1541,2024-06-05
V013216,DEL013,MED1575,2024-06-05
V013988,DEL018,MED1633,2024-06-05
V014532,DEL021,MED1697,2024-06-05
V014819,DEL043,MED1722,2024-06-05
V015784,DEL022,MED1843,2024-06-05
V015915,DEL050,MED1860,2024-06-05
V015995,DEL048,MED1869,2024-06-05
V000499,DEL007,MED0059,2024-06-06
V000732,DEL043,MED0085,2024-06-06
V001031,DEL008,MED0125,2024-06-06
V001203,DEL024,MED0146,2024-06-06
V001289,DEL024,MED0157,2024-06-06
V001907,DEL035,MED0233,2024-06-06
V002057,DEL045,MED0261,2024-06-06
V002798,DEL018,MED0353,2024-06-06
V003801,DEL003,MED0460,2024-06-06
V003843,DEL003,MED0467,2024-06-06
V005396,DEL046,MED0674,2024-06-06
V005524,DEL050,MED0687,2024-06-06
V006997,DEL025,MED0865,2024-06-06
V007592,DEL001,MED0940,2024-06-06
V007638,DEL006,MED0952,2024-06-06
V007644,DEL006,MED0952,2024-06-06
V007749,DEL049,MED0964,2024-06-06
V008397,DEL020,MED1032,2024-06-06
V008858,DEL049,MED1077,2024-06-06
V010764,DEL003,MED1307,2024-06-06
V010867,DEL010,MED1326,2024-06-06
V010926,DEL037,MED1334,2024-06-06
V012465,DEL023,MED1494,2024-06-06
V013351,DEL033,MED1586,2024-06-06
V014180,DEL016,MED1656,2024-06-06
V014925,DEL034,MED1746,2024-06-06
V015949,DEL039,MED1861,2024-06-06
V016188,DEL001,MED1893,2024-06-06
V016311,DEL025,MED1910,2024-06-06
V016458,DEL027,MED1942,2024-06-06
V016789,DEL011,MED1977,2024-06-06
V001691,DEL036,MED0207,2024-06-07
V001824,DEL008,MED0224,2024-06-07
V002175,DEL017,MED0279,2024-06-07
V002519,DEL048,MED0321,2024-06-07
V004151,DEL044,MED0515,2024-06-07
V004400,DEL007,MED0542,2024-06-07
V004777,DEL003,MED0583,2024-06-07
V006226,DEL013,MED0758,2024-06-07
V007350,DEL049,MED0900,2024-06-07
V007499,DEL034,MED0923,2024-06-07
V007939,DEL041,MED0978,2024-06-07
V008133,DEL014,MED0995,2024-06-07
V009247,DEL024,MED1111,2024-06-07
V009604,DEL047,MED1167,2024-06-07
V010692,DEL014,MED1289,2024-06-07
V012714,DEL002,MED1521,2024-06-07
V013041,DEL003,MED1561,2024-06-07
V013475,DEL018,MED1592,2024-06-07
V014961,DEL012,MED1749,2024-06-07
V015148,DEL035,MED1769,2024-06-07
V015950,DEL039,MED1861,2024-06-07
V016259,DEL024,MED1901,2024-06-07
V016688,DEL015,MED1968,2024-06-07
V001499,DEL046,MED0183,2024-06-08
V002107,DEL013,MED0272,2024-06-08
V002704,DEL030,MED0342,2024-06-08
V003421,DEL034,MED0421,2024-06-08
V003939,DEL001,MED0476,2024-06-08
V004709,DEL008,MED0576,2024-06-08
V005630,DEL023,MED0701,2024-06-08
V008056,DEL012,MED0991,2024-06-08
V008458,DEL040,MED1036,2024-06-08
V009503,DEL038,MED1154,2024-06-08
V009902,DEL041,MED1193,2024-06-08
V010693,DEL014,MED1289,2024-06-08
V011027,DEL043,MED1356,2024-06-08
V011113,DEL015,MED1365,2024-06-08
V011151,DEL001,MED1366,2024-06-08
V011746,DEL022,MED1428,2024-06-08
V012323,DEL042,MED1476,2024-06-08
V012710,DEL002,MED1521,2024-06-08
V012982,DEL013,MED1551,2024-06-08
V013125,DEL033,MED1566,2024-06-08
V013265,DEL030,MED1581,2024-06-08
V013279,DEL038,MED1582,2024-06-08
V013746,DEL014,MED1617,2024-06-08
V013941,DEL003,MED1632,2024-06-08
V014552,DEL018,MED1698,2024-06-08
V001661,DEL039,MED0202,2024-06-09
V003397,DEL016,MED0415,2024-06-09
V003741,DEL034,MED0456,2024-06-09
V003877,DEL043,MED0471,2024-06-09
V004099,DEL024,MED0504,2024-06-09
V005191,DEL039,MED0650,2024-06-09
V005326,DEL027,MED0669,2024-06-09
V006410,DEL003,MED0789,2024-06-09
V006432,DEL029,MED0792,2024-06-09
V007064,DEL006,MED0870,2024-06-09
V008168,DEL045,MED1000,2024-06-09
V008750,DEL049,MED1071,2024-06-09
V009396,DEL014,MED1132,2024-06-09
V011975,DEL001,MED1445,2024-06-09
V012850,DEL017,MED1541,2024-06-09
V013045,DEL003,MED1561,2024-06-09
V013682,DEL010,MED1615,2024-06-09
V013993,DEL018,MED1633,2024-06-09
V014711,DEL039,MED1714,2024-06-09
V015395,DEL027,MED1793,2024-06-09
V015414,DEL016,MED1795,2024-06-09
V016223,DEL037,MED1894,2024-06-09
V016660,DEL001,MED1959,2024-06-09
V000005,DEL041,MED0001,2024-06-10
V000096,DEL023,MED0019,2024-06-10
V000344,DEL002,MED0046,2024-06-10
V000843,DEL032,MED0103,2024-06-10
V001096,DEL009,MED0130,2024-06-10
V002038,DEL050,MED0257,2024-06-10
V002092,DEL041,MED0271,2024-06-10
V002226,DEL007,MED0287,2024-06-10
V002610,DEL050,MED0337,2024-06-10
V004147,DEL044,MED0515,2024-06-10
V004865,DEL043,MED0599,2024-06-10
V005852,DEL031,MED0725,2024-06-10
V006054,DEL013,MED0748,2024-06-10
V007369,DEL005,MED0905,2024-06-10
V008756,DEL049,MED1071,2024-06-10
V008909,DEL033,MED1086,2024-06-10
V009906,DEL041,MED1193,2024-06-10
V010596,DEL010,MED1280,2024-06-10
V010747,DEL004,MED1302,2024-06-10
V011191,DEL034,MED1367,2024-06-10
V011279,DEL015,MED1373,2024-06-10
V012242,DEL016,MED1466,2024-06-10
V012639,DEL016,MED1517,2024-06-10
V012744,DEL014,MED1524,2024-06-10
V013814,DEL007,MED1622,2024-06-10
V013870,DEL024,MED1624,2024-06-10
V014019,DEL044,MED1638,2024-06-10
V016069,DEL001,MED1876,2024-06-10
V000077,DEL007,MED0016,2024-06-11
V000588,DEL022,MED0069,2024-06-11
V001259,DEL017,MED0149,2024-06-11
V001699,DEL040,MED0210,2024-06-11
V001825,DEL008,MED0224,2024-06-11
V001954,DEL033,MED0245,2024-06-11
V003490,DEL014,MED0431,2024-06-11
V004055,DEL006,MED0496,2024-06-11
V004161,DEL033,MED0516,2024-06-11
V004689,DEL014,MED0574,2024-06-11
V006786,DEL031,MED0837,2024-06-11
V006920,DEL030,MED0856,2024-06-11
V007521,DEL030,MED0926,2024-06-11
V007696,DEL006,MED0957,2024-06-11
V008485,DEL018,MED1037,2024-06-11
V009072,DEL006,MED1096,2024-06-11
V011063,DEL031,MED1359,2024-06-11
V011190,DEL034,MED1367,2024-06-11
V012100,DEL022,MED1452,2024-06-11
V013795,DEL038,MED1621,2024-06-11
V014663,DEL004,MED1705,2024-06-11
V014909,DEL001,MED1744,2024-06-11
V015184,DEL024,MED1775,2024-06-11
V000657,DEL001,MED0076,2024-06-12
V003161,DEL018,MED0388,2024-06-12
V003639,DEL043,MED0447,2024-06-12
V003906,DEL007,MED0475,2024-06-12
V004944,DEL035,MED0614,2024-06-12
V006568,DEL025,MED0807,2024-06-12
V007872,DEL034,MED0972,2024-06-12
V008403,DEL020,MED1032,2024-06-12
V009137,DEL036,MED1102,2024-06-12
V010668,DEL050,MED1288,2024-06-12
V011069,DEL031,MED1359,2024-06-12
V011959,DEL018,MED1443,2024-06-12
V012289,DEL026,MED1470,2024-06-12
V013895,DEL003,MED1625,2024-06-12
V014686,DEL023,MED1709,2024-06-12
V015811,DEL021,MED1849,2024-06-12
V016197,DEL001,MED1893,2024-06-12
V016252,DEL040,MED1900,2024-06-12
V000045,DEL012,MED0011,2024-06-13
V000708,DEL011,MED0083,2024-06-13
V002897,DEL002,MED0363,2024-06-13
V003163,DEL018,MED0388,2024-06-13
V003556,DEL033,MED0439,2024-06-13
V003821,DEL038,MED0466,2024-06-13
V004051,DEL006,MED0496,2024-06-13
V005210,DEL043,MED0652,2024-06-13
V005803,DEL027,MED0719,2024-06-13
V006833,DEL027,MED0844,2024-06-13
V007337,DEL035,MED0899,2024-06-13
V007754,DEL049,MED0964,2024-06-13
V010677,DEL050,MED1288,2024-06-13
V011011,DEL010,MED1352,2024-06-13
V012201,DEL036,MED1461,2024-06-13
V012391,DEL009,MED1491,2024-06-13
V012478,DEL023,MED1497,2024-06-13
V013504,DEL036,MED1594,2024-06-13
V015362,DEL015,MED1789,2024-06-13
V015387,DEL027,MED1793,2024-06-13
V016128,DEL006,MED1884,2024-06-13
V016606,DEL012,MED1955,2024-06-13
V016681,DEL047,MED1962,2024-06-13
V000426,DEL045,MED0054,2024-06-14
V000936,DEL021,MED0113,2024-06-14
V001351,DEL006,MED0161,2024-06-14
V001551,DEL048,MED0191,2024-06-14
V001671,DEL044,MED0203,2024-06-14
V002176,DEL017,MED0279,2024-06-14
V002254,DEL035,MED0288,2024-06-14
V003649,DEL043,MED0447,2024-06-14
V004418,DEL018,MED0543,2024-06-14
V005408,DEL046,MED0674,2024-06-14
V006046,DEL044,MED0746,2024-06-14
V006256,DEL015,MED0764,2024-06-14
V009024,DEL035,MED1091,2024-06-14
V009179,DEL039,MED1103,2024-06-14
V011007,DEL023,MED1350,2024-06-14
V011434,DEL048,MED1395,2024-06-14
V011964,DEL001,MED1445,2024-06-14
V012368,DEL040,MED1489,2024-06-14
V012700,DEL002,MED1521,2024-06-14
V012918,DEL016,MED1543,2024-06-14
V013152,DEL023,MED1569,2024-06-14
V013574,DEL045,MED1601,2024-06-14
V015599,DEL003,MED1815,2024-06-14
V016169,DEL025,MED1891,2024-06-14
V016215,DEL037,MED1894,2024-06-14
V016275,DEL049,MED1902,2024-06-14
V000634,DEL039,MED0073,2024-06-15
V002417,DEL010,MED0308,2024-06-15
V003103,DEL002,MED0386,2024-06-15
V003387,DEL024,MED0414,2024-06-15
V003569,DEL033,MED0439,2024-06-15
V003673,DEL026,MED0448,2024-06-15
V004114,DEL049,MED0509,2024-06-15
V004310,DEL027,MED0532,2024-06-15
V004751,DEL026,MED0581,2024-06-15
V005276,DEL014,MED0664,2024-06-15
V006336,DEL002,MED0777,2024-06-15
V006504,DEL017,MED0800,2024-06-15
V006543,DEL028,MED0803,2024-06-15
V006941,DEL006,MED0859,2024-06-15
V007202,DEL003,MED0886,2024-06-15
V007356,DEL021,MED0901,2024-06-15
V007881,DEL034,MED0972,2024-06-15
V008033,DEL044,MED0989,2024-06-15
V008986,DEL021,MED1090,2024-06-15
V009068,DEL006,MED1096,2024-06-15
V009631,DEL022,MED1170,2024-06-15
V009678,DEL024,MED1174,2024-06-15
V009680,DEL024,MED1174,2024-06-15
V010712,DEL023,MED1296,2024-06-15
V011020,DEL027,MED1353,2024-06-15
V011756,DEL048,MED1430,2024-06-15
V013052,DEL001,MED1562,2024-06-15
V013835,DEL016,MED1623,2024-06-15
V015638,DEL009,MED1818,2024-06-15
V016111,DEL009,MED1882,2024-06-15
V016125,DEL006,MED1884,2024-06-15
V000001,DEL041,MED0001,2024-06-16
V000269,DEL018,MED0040,2024-06-16
V003399,DEL016,MED0415,2024-06-16
V005234,DEL004,MED0661,2024-06-16
V006165,DEL027,MED0752,2024-06-16
V006800,DEL031,MED0837,2024-06-16
V007307,DEL041,MED0896,2024-06-16
V007553,DEL026,MED0930,2024-06-16
V008404,DEL020,MED1032,2024-06-16
V011687,DEL002,MED1422,2024-06-16
V012709,DEL002,MED1521,2024-06-16
V013472,DEL018,MED1592,2024-06-16
V013669,DEL010,MED1615,2024-06-16
V014960,DEL012,MED1749,2024-06-16
V016398,DEL025,MED1931,2024-06-16
V000540,DEL038,MED0063,2024-06-17
V001128,DEL033,MED0134,2024-06-17
V002010,DEL024,MED0248,2024-06-17
V002432,DEL021,MED0309,2024-06-17
V002728,DEL008,MED0345,2024-06-17
V002791,DEL018,MED0353,2024-06-17
V003049,DEL049,MED0382,2024-06-17
V004663,DEL018,MED0573,2024-06-17
V004922,DEL027,MED0606,2024-06-17
V005451,DEL029,MED0680,2024-06-17
V008020,DEL035,MED0986,2024-06-17
V009092,DEL020,MED1098,2024-06-17
V009682,DEL038,MED1175,2024-06-17
V011940,DEL014,MED1439,2024-06-17
V013223,DEL013,MED1575,2024-06-17
V013666,DEL019,MED1613,2024-06-17
V014335,DEL031,MED1676,2024-06-17
V015260,DEL039,MED1778,2024-06-17
V016173,DEL025,MED1891,2024-06-17
V016189,DEL001,MED1893,2024-06-17
V000364,DEL016,MED0048,2024-06-18
V000468,DEL002,MED0058,2024-06-18
V001984,DEL004,MED0246,2024-06-18
V002115,DEL013,MED0272,2024-06-18
V002983,DEL001,MED0374,2024-06-18
V003098,DEL002,MED0386,2024-06-18
V003213,DEL019,MED0396,2024-06-18
V003357,DEL023,MED0408,2024-06-18
V003688,DEL013,MED0450,2024-06-18
V003868,DEL025,MED0469,2024-06-18
V004340,DEL024,MED0533,2024-06-18
V007171,DEL003,MED0885,2024-06-18
V007736,DEL021,MED0963,2024-06-18
V008061,DEL012,MED0991,2024-06-18
V008620,DEL023,MED1051,2024-06-18
V010698,DEL038,MED1290,2024-06-18
V011794,DEL017,MED1432,2024-06-18
V012638,DEL016,MED1517,2024-06-18
V013030,DEL019,MED1559,2024-06-18
V013306,DEL017,MED1584,2024-06-18
V014260,DEL026,MED1673,2024-06-18
V014389,DEL043,MED1678,2024-06-18
V014797,DEL016,MED1720,2024-06-18
V015472,DEL015,MED1802,2024-06-18
V016393,DEL025,MED1931,2024-06-18
V002271,DEL023,MED0292,2024-06-19
V002450,DEL043,MED0310,2024-06-19
V002637,DEL019,MED0340,2024-06-19
V002736,DEL008,MED0345,2024-06-19
V003101,DEL002,MED0386,2024-06-19
V003245,DEL029,MED0402,2024-06-19
V003413,DEL020,MED0417,2024-06-19
V003568,DEL033,MED0439,2024-06-19
V004116,DEL049,MED0509,2024-06-19
V005431,DEL016,MED0676,2024-06-19
V005561,DEL023,MED0691,2024-06-19
V006476,DEL035,MED0796,2024-06-19
V007994,DEL023,MED0983,2024-06-19
V008201,DEL022,MED1002,2024-06-19
V010927,DEL037,MED1334,2024-06-19
V011514,DEL024,MED1404,2024-06-19
V012437,DEL003,MED1492,2024-06-19
V013066,DEL024,MED1563,2024-06-19
V013350,DEL033,MED1586,2024-06-19
V014430,DEL008,MED1685,2024-06-19
V014639,DEL010,MED1703,2024-06-19
V014855,DEL022,MED1734,2024-06-19
V015974,DEL029,MED1864,2024-06-19
V000362,DEL016,MED0048,2024-06-20
V000995,DEL049,MED0122,2024-06-20
V001584,DEL030,MED0193,2024-06-20
V001606,DEL014,MED0197,2024-06-20
V002780,DEL018,MED0353,2024-06-20
V003479,DEL014,MED0431,2024-06-20
V003765,DEL014,MED0457,2024-06-20
V004747,DEL026,MED0581,2024-06-20
V005663,DEL018,MED0703,2024-06-20
V005684,DEL044,MED0707,2024-06-20
V005745,DEL039,MED0713,2024-06-20
V007667,DEL050,MED0953,2024-06-20
V008408,DEL020,MED1032,2024-06-20
V009254,DEL024,MED1111,2024-06-20
V009783,DEL023,MED1183,2024-06-20
V012752,DEL019,MED1525,2024-06-20
V012881,DEL049,MED1542,2024-06-20
V013069,DEL024,MED1563,2024-06-20
V013221,DEL013,MED1575,2024-06-20
V013432,DEL048,MED1591,2024-06-20
V013569,DEL045,MED1601,2024-06-20
V015919,DEL050,MED1860,2024-06-20
V016075,DEL001,MED1876,2024-06-20
V016219,DEL037,MED1894,2024-06-20
V016449,DEL005,MED1938,2024-06-20
V001030,DEL008,MED0125,2024-06-21
V001119,DEL033,MED0134,2024-06-21
V001557,DEL048,MED0191,2024-06-21
V001925,DEL012,MED0236,2024-06-21
V003329,DEL050,MED0406,2024-06-21
V005805,DEL027,MED0719,2024-06-21
V007069,DEL018,MED0873,2024-06-21
V007756,DEL049,MED0964,2024-06-21
V007820,DEL015,MED0970,2024-06-21
V008166,DEL045,MED1000,2024-06-21
V008234,DEL035,MED1005,2024-06-21
V008669,DEL049,MED1058,2024-06-21
V009221,DEL048,MED1108,2024-06-21
V010106,DEL005,MED1208,2024-06-21
V010837,DEL021,MED1316,2024-06-21
V012378,DEL009,MED1491,2024-06-21
V012549,DEL020,MED1503,2024-06-21
V013153,DEL023,MED1569,2024-06-21
V013454,DEL018,MED1592,2024-06-21
V014154,DEL029,MED1655,2024-06-21
V014901,DEL043,MED1742,2024-06-21
V016912,DEL023,MED2000,2024-06-21
V000127,DEL020,MED0022,2024-06-22
V000209,DEL034,MED0034,2024-06-22
V000929,DEL021,MED0113,2024-06-22
V001400,DEL041,MED0165,2024-06-22
V002214,DEL007,MED0287,2024-06-22
V003772,DEL014,MED0457,2024-06-22
V004605,DEL012,MED0568,2024-06-22
V004658,DEL018,MED0573,2024-06-22
V005500,DEL005,MED0686,2024-06-22
V006090,DEL046,MED0750,2024-06-22
V007419,DEL030,MED0909,2024-06-22
V008417,DEL020,MED1032,2024-06-22
V011117,DEL015,MED1365,2024-06-22
V011157,DEL001,MED1366,2024-06-22
V011457,DEL049,MED1399,2024-06-22
V012633,DEL016,MED1517,2024-06-22
V012792,DEL003,MED1530,2024-06-22
V013280,DEL038,MED1582,2024-06-22
V013334,DEL034,MED1585,2024-06-22
V013791,DEL038,MED1621,2024-06-22
V014602,DEL020,MED1700,2024-06-22
V014660,DEL004,MED1705,2024-06-22
V015825,DEL004,MED1851,2024-06-22
V016513,DEL021,MED1945,2024-06-22
V016778,DEL011,MED1977,2024-06-22
V001296,DEL024,MED0157,2024-06-23
V001554,DEL048,MED0191,2024-06-23
V002283,DEL014,MED0295,2024-06-23
V002645,DEL008,MED0341,2024-06-23
V005953,DEL018,MED0730,2024-06-23
V007003,DEL025,MED0865,2024-06-23
V008161,DEL007,MED0999,2024-06-23
V008509,DEL033,MED1041,2024-06-23
V010202,DEL017,MED1221,2024-06-23
V011451,DEL049,MED1399,2024-06-23
V011558,DEL028,MED1408,2024-06-23
V012059,DEL031,MED1449,2024-06-23
V012745,DEL014,MED1524,2024-06-23
V014184,DEL030,MED1657,2024-06-23
V014413,DEL006,MED1682,2024-06-23
V014911,DEL001,MED1744,2024-06-23
V000366,DEL016,MED0048,2024-06-24
V000504,DEL032,MED0060,2024-06-24
V000882,DEL049,MED0108,2024-06-24
V001061,DEL045,MED0127,2024-06-24
V001365,DEL006,MED0161,2024-06-24
V001515,DEL011,MED0188,2024-06-24
V001608,DEL014,MED0197,2024-06-24
V001711,DEL040,MED0210,2024-06-24
V002556,DEL025,MED0324,2024-06-24
V003558,DEL033,MED0439,2024-06-24
V004596,DEL035,MED0566,2024-06-24
V006529,DEL028,MED0803,2024-06-24
V006635,DEL033,MED0818,2024-06-24
V006828,DEL045,MED0843,2024-06-24
V007829,DEL015,MED0970,2024-06-24
V008666,DEL049,MED1058,2024-06-24
V009444,DEL032,MED1140,2024-06-24
V010003,DEL019,MED1199,2024-06-24
V010824,DEL049,MED1313,2024-06-24
V011148,DEL001,MED1366,2024-06-24
V011537,DEL022,MED1405,2024-06-24
V012151,DEL029,MED1458,2024-06-24
V012555,DEL020,MED1503,2024-06-24
V012685,DEL036,MED1520,2024-06-24
V014262,DEL026,MED1673,2024-06-24
V014876,DEL001,MED1736,2024-06-24
V015623,DEL009,MED1818,2024-06-24
V015998,DEL036,MED1870,2024-06-24
V016231,DEL037,MED1894,2024-06-24
V000129,DEL020,MED0022,2024-06-25
V000497,DEL007,MED0059,2024-06-25
V002204,DEL012,MED0284,2024-06-25
V002280,DEL049,MED0294,2024-06-25
V003478,DEL014,MED0431,2024-06-25
V005362,DEL027,MED0672,2024-06-25
V005686,DEL044,MED0707,2024-06-25
V006215,DEL013,MED0758,2024-06-25
V007182,DEL003,MED0885,2024-06-25
V009495,DEL011,MED1150,2024-06-25
V010002,DEL019,MED1199,2024-06-25
V010474,DEL023,MED1253,2024-06-25
V010621,DEL048,MED1284,2024-06-25
V010814,DEL048,MED1312,2024-06-25
V010915,DEL011,MED1331,2024-06-25
V011798,DEL017,MED1432,2024-06-25
V012251,DEL015,MED1467,2024-06-25
V012255,DEL020,MED1468,2024-06-25
V012969,DEL048,MED1550,2024-06-25
V013406,DEL027,MED1589,2024-06-25
V014764,DEL048,MED1717,2024-06-25
V016350,DEL033,MED1918,2024-06-25
V016867,DEL011,MED1988,2024-06-25
V000528,DEL038,MED0063,2024-06-26
V000684,DEL013,MED0080,2024-06-26
V001424,DEL028,MED0166,2024-06-26
V002407,DEL010,MED0308,2024-06-26
V002514,DEL048,MED0321,2024-06-26
V002688,DEL030,MED0342,2024-06-26
V003223,DEL026,MED0397,2024-06-26
V003912,DEL007,MED0475,2024-06-26
V006405,DEL003,MED0789,2024-06-26
V006615,DEL026,MED0816,2024-06-26
V006955,DEL014,MED0861,2024-06-26
V007364,DEL038,MED0902,2024-06-26
V007512,DEL030,MED0926,2024-06-26
V007967,DEL023,MED0979,2024-06-26
V009144,DEL036,MED1102,2024-06-26
V009494,DEL011,MED1150,2024-06-26
V010040,DEL033,MED1200,2024-06-26
V010778,DEL004,MED1308,2024-06-26
V011657,DEL046,MED1419,2024-06-26
V011800,DEL017,MED1432,2024-06-26
V013470,DEL018,MED1592,2024-06-26
V014386,DEL043,MED1678,2024-06-26
V000223,DEL010,MED0035,2024-06-27
V000750,DEL049,MED0088,2024-06-27
V001407,DEL041,MED0165,2024-06-27
V001409,DEL041,MED0165,2024-06-27
V001703,DEL040,MED0210,2024-06-27
V003073,DEL013,MED0383,2024-06-27
V003162,DEL018,MED0388,2024-06-27
V003900,DEL040,MED0474,2024-06-27
V004355,DEL032,MED0537,2024-06-27
V004691,DEL014,MED0574,2024-06-27
V004867,DEL043,MED0599,2024-06-27
V005429,DEL016,MED0676,2024-06-27
V005624,DEL023,MED0701,2024-06-27
V005690,DEL044,MED0707,2024-06-27
V005869,DEL047,MED0726,2024-06-27
V005988,DEL033,MED0734,2024-06-27
V007792,DEL024,MED0968,2024-06-27
V009327,DEL007,MED1119,2024-06-27
V009414,DEL017,MED1136,2024-06-27
V009798,DEL048,MED1185,2024-06-27
V010342,DEL037,MED1240,2024-06-27
V010932,DEL037,MED1334,2024-06-27
V011588,DEL018,MED1412,2024-06-27
V012433,DEL003,MED1492,2024-06-27
V014059,DEL013,MED1642,2024-06-27
V014546,DEL018,MED1698,2024-06-27
V015017,DEL049,MED1756,2024-06-27
V015624,DEL009,MED1818,2024-06-27
V016262,DEL024,MED1901,2024-06-27
V016868,DEL011,MED1988,2024-06-27
V000323,DEL016,MED0043,2024-06-28
V001396,DEL035,MED0164,2024-06-28
V002139,DEL036,MED0273,2024-06-28
V002457,DEL025,MED0311,2024-06-28
V002573,DEL023,MED0327,2024-06-28
V002852,DEL050,MED0356,2024-06-28
V002892,DEL038,MED0361,2024-06-28
V003159,DEL018,MED0388,2024-06-28
V003514,DEL003,MED0432,2024-06-28
V003991,DEL048,MED0485,2024-06-28
V004166,DEL017,MED0517,2024-06-28
V004374,DEL016,MED0540,2024-06-28
V004518,DEL047,MED0555,2024-06-28
V004776,DEL003,MED0583,2024-06-28
V005283,DEL050,MED0665,2024-06-28
V006710,DEL006,MED0830,2024-06-28
V007523,DEL030,MED0926,2024-06-28
V008375,DEL019,MED1027,2024-06-28
V008406,DEL020,MED1032,2024-06-28
V008648,DEL039,MED1056,2024-06-28
V008725,DEL005,MED1067,2024-06-28
V008755,DEL049,MED1071,2024-06-28
V009126,DEL036,MED1102,2024-06-28
V009397,DEL014,MED1132,2024-06-28
V009908,DEL041,MED1193,2024-06-28
V010495,DEL043,MED1260,2024-06-28
V010681,DEL050,MED1288,2024-06-28
V012851,DEL017,MED1541,2024-06-28
V013444,DEL048,MED1591,2024-06-28
V014086,DEL030,MED1647,2024-06-28
V014385,DEL043,MED1678,2024-06-28
V015966,DEL029,MED1864,2024-06-28
V000182,DEL030,MED0027,2024-07-01
V001525,DEL031,MED0190,2024-07-01
V004169,DEL017,MED0517,2024-07-01
V004456,DEL029,MED0547,2024-07-01
V004801,DEL048,MED0586,2024-07-01
V005157,DEL044,MED0644,2024-07-01
V005435,DEL006,MED0677,2024-07-01
V005601,DEL001,MED0699,2024-07-01
V006298,DEL021,MED0769,2024-07-01
V006824,DEL017,MED0842,2024-07-01
V006907,DEL001,MED0854,2024-07-01
V007026,DEL001,MED0867,2024-07-01
V007941,DEL041,MED0978,2024-07-01
V008549,DEL015,MED1045,2024-07-01
V008555,DEL015,MED1045,2024-07-01
V008835,DEL023,MED1076,2024-07-01
V009256,DEL024,MED1111,2024-07-01
V011651,DEL046,MED1419,2024-07-01
V012527,DEL011,MED1501,2024-07-01
V014528,DEL021,MED1697,2024-07-01
V014556,DEL018,MED1698,2024-07-01
V014563,DEL018,MED1698,2024-07-01
V014823,DEL048,MED1727,2024-07-01
V015566,DEL041,MED1809,2024-07-01
V016109,DEL017,MED1881,2024-07-01
V016167,DEL025,MED1891,2024-07-01
V016667,DEL004,MED1960,2024-07-01
V000070,DEL039,MED0013,2024-07-02
V000472,DEL002,MED0058,2024-07-02
V003038,DEL007,MED0381,2024-07-02
V003231,DEL023,MED0398,2024-07-02
V003330,DEL050,MED0406,2024-07-02
V004478,DEL020,MED0549,2024-07-02
V004921,DEL050,MED0605,2024-07-02
V005394,DEL046,MED0674,2024-07-02
V006442,DEL042,MED0794,2024-07-02
V006797,DEL031,MED0837,2024-07-02
V006798,DEL031,MED0837,2024-07-02
V007041,DEL029,MED0868,2024-07-02
V007353,DEL021,MED0901,2024-07-02
V009420,DEL017,MED1136,2024-07-02
V009729,DEL034,MED1179,2024-07-02
V010310,DEL040,MED1235,2024-07-02
V010953,DEL028,MED1335,2024-07-02
V012822,DEL006,MED1540,2024-07-02
V012986,DEL013,MED1551,2024-07-02
V013435,DEL048,MED1591,2024-07-02
V013831,DEL016,MED1623,2024-07-02
V014066,DEL011,MED1643,2024-07-02
V014381,DEL043,MED1678,2024-07-02
V016195,DEL001,MED1893,2024-07-02
V001104,DEL027,MED0131,2024-07-03
V001120,DEL033,MED0134,2024-07-03
V001264,DEL017,MED0149,2024-07-03
V001597,DEL013,MED0194,2024-07-03
V003021,DEL044,MED0377,2024-07-03
V003249,DEL029,MED0402,2024-07-03
V003480,DEL014,MED0431,2024-07-03
V003962,DEL040,MED0480,2024-07-03
V004710,DEL008,MED0576,2024-07-03
V005637,DEL023,MED0701,2024-07-03
V005875,DEL047,MED0726,2024-07-03
V006571,DEL042,MED0809,2024-07-03
V007607,DEL021,MED0943,2024-07-03
V007666,DEL050,MED0953,2024-07-03
V008391,DEL043,MED1030,2024-07-03
V008913,DEL006,MED1087,2024-07-03
V009312,DEL002,MED1118,2024-07-03
V009782,DEL023,MED1183,2024-07-03
V010554,DEL041,MED1271,2024-07-03
V011427,DEL048,MED1395,2024-07-03
V013607,DEL031,MED1603,2024-07-03
V013985,DEL018,MED1633,2024-07-03
V014178,DEL016,MED1656,2024-07-03
V014658,DEL004,MED1705,2024-07-03
V014758,DEL048,MED1717,2024-07-03
V014759,DEL048,MED1717,2024-07-03
V015104,DEL023,MED1768,2024-07-03
V015183,DEL019,MED1774,2024-07-03
V015484,DEL049,MED1805,2024-07-03
V015533,DEL038,MED1808,2024-07-03
V015785,DEL022,MED1843,2024-07-03
V016166,DEL025,MED1891,2024-07-03
V016285,DEL034,MED1903,2024-07-03
V016781,DEL011,MED1977,2024-07-03
V000592,DEL022,MED0069,2024-07-04
V001236,DEL033,MED0147,2024-07-04
V001320,DEL036,MED0158,2024-07-04
V002909,DEL019,MED0365,2024-07-04
V003026,DEL044,MED0377,2024-07-04
V003677,DEL026,MED0448,2024-07-04
V004495,DEL010,MED0553,2024-07-04
V007490,DEL030,MED0922,2024-07-04
V007838,DEL015,MED0970,2024-07-04
V007870,DEL034,MED0972,2024-07-04
V008273,DEL042,MED1009,2024-07-04
V009234,DEL047,MED1110,2024-07-04
V009826,DEL047,MED1186,2024-07-04
V010416,DEL032,MED1244,2024-07-04
V010488,DEL001,MED1259,2024-07-04
V010493,DEL043,MED1260,2024-07-04
V011212,DEL046,MED1369,2024-07-04
V011359,DEL013,MED1385,2024-07-04
V013106,DEL034,MED1564,2024-07-04
V013111,DEL034,MED1564,2024-07-04
V013400,DEL027,MED1589,2024-07-04
V014290,DEL002,MED1674,2024-07-04
V014760,DEL048,MED1717,2024-07-04
V014965,DEL012,MED1749,2024-07-04
V015296,DEL018,MED1779,2024-07-04
V015800,DEL001,MED1845,2024-07-04
V001717,DEL040,MED0210,2024-07-05
V001870,DEL029,MED0227,2024-07-05
V002460,DEL014,MED0312,2024-07-05
V004774,DEL003,MED0583,2024-07-05
V005061,DEL015,MED0627,2024-07-05
V005438,DEL027,MED0679,2024-07-05
V006528,DEL028,MED0803,2024-07-05
V008010,DEL023,MED0984,2024-07-05
V011154,DEL001,MED1366,2024-07-05
V012761,DEL042,MED1526,2024-07-05
V014108,DEL004,MED1649,2024-07-05
V014470,DEL048,MED1692,2024-07-05
V015500,DEL010,MED1807,2024-07-05
V016174,DEL025,MED1891,2024-07-05
V016341,DEL001,MED1915,2024-07-05
V000736,DEL043,MED0085,2024-07-06
V001501,DEL046,MED0183,2024-07-06
V001510,DEL034,MED0186,2024-07-06
V003606,DEL010,MED0443,2024-07-06
V003675,DEL026,MED0448,2024-07-06
V004444,DEL037,MED0544,2024-07-06
V004802,DEL048,MED0586,2024-07-06
V004856,DEL011,MED0597,2024-07-06
V005667,DEL018,MED0703,2024-07-06
V006168,DEL027,MED0752,2024-07-06
V008667,DEL049,MED1058,2024-07-06
V009657,DEL009,MED1171,2024-07-06
V009950,DEL013,MED1194,2024-07-06
V010032,DEL033,MED1200,2024-07-06
V010418,DEL032,MED1244,2024-07-06
V010789,DEL004,MED1308,2024-07-06
V011057,DEL013,MED1357,2024-07-06
V011179,DEL034,MED1367,2024-07-06
V011793,DEL017,MED1432,2024-07-06
V012092,DEL006,MED1451,2024-07-06
V012718,DEL002,MED1521,2024-07-06
V013864,DEL024,MED1624,2024-07-06
V014092,DEL030,MED1647,2024-07-06
V014233,DEL035,MED1670,2024-07-06
V014520,DEL023,MED1695,2024-07-06
V014899,DEL043,MED1742,2024-07-06
V014914,DEL034,MED1746,2024-07-06
V016607,DEL012,MED1955,2024-07-06
V000880,DEL049,MED0108,2024-07-07
V002489,DEL014,MED0317,2024-07-07
V003108,DEL002,MED0386,2024-07-07
V003206,DEL019,MED0396,2024-07-07
V005800,DEL027,MED0719,2024-07-07
V006207,DEL013,MED0758,2024-07-07
V006225,DEL013,MED0758,2024-07-07
V006404,DEL003,MED0789,2024-07-07
V007633,DEL006,MED0952,2024-07-07
V008036,DEL044,MED0989,2024-07-07
V008256,DEL036,MED1006,2024-07-07
V008573,DEL033,MED1046,2024-07-07
V008802,DEL042,MED1075,2024-07-07
V009543,DEL033,MED1162,2024-07-07
V010289,DEL023,MED1231,2024-07-07
V010470,DEL043,MED1251,2024-07-07
V010653,DEL038,MED1286,2024-07-07
V011830,DEL044,MED1435,2024-07-07
V013455,DEL018,MED1592,2024-07-07
V013861,DEL024,MED1624,2024-07-07
V016791,DEL011,MED1977,2024-07-07
V000603,DEL021,MED0070,2024-07-08
V002507,DEL048,MED0321,2024-07-08
V003160,DEL018,MED0388,2024-07-08
V003259,DEL029,MED0402,2024-07-08
V004050,DEL006,MED0496,2024-07-08
V004273,DEL005,MED0530,2024-07-08
V005322,DEL042,MED0668,2024-07-08
V005951,DEL018,MED0730,2024-07-08
V006728,DEL006,MED0832,2024-07-08
V006834,DEL027,MED0844,2024-07-08
V007339,DEL035,MED0899,2024-07-08
V007878,DEL034,MED0972,2024-07-08
V008658,DEL049,MED1058,2024-07-08
V008985,DEL021,MED1090,2024-07-08
V009848,DEL018,MED1187,2024-07-08
V011396,DEL048,MED1391,2024-07-08
V012212,DEL041,MED1464,2024-07-08
V012380,DEL009,MED1491,2024-07-08
V013244,DEL014,MED1576,2024-07-08
V014382,DEL043,MED1678,2024-07-08
V016517,DEL021,MED1945,2024-07-08
V016770,DEL001,MED1975,2024-07-08
V001437,DEL006,MED0167,2024-07-09
V004375,DEL016,MED0540,2024-07-09
V006035,DEL048,MED0741,2024-07-09
V006823,DEL017,MED0842,2024-07-09
V007596,DEL043,MED0941,2024-07-09
V008836,DEL023,MED1076,2024-07-09
V009698,DEL033,MED1177,2024-07-09
V009993,DEL019,MED1199,2024-07-09
V010532,DEL020,MED1268,2024-07-09
V011357,DEL013,MED1385,2024-07-09
V011456,DEL049,MED1399,2024-07-09
V011716,DEL001,MED1424,2024-07-09
V012112,DEL039,MED1454,2024-07-09
V013546,DEL049,MED1600,2024-07-09
V013992,DEL018,MED1633,2024-07-09
V015236,DEL031,MED1777,2024-07-09
V015459,DEL002,MED1800,2024-07-09
V015792,DEL012,MED1844,2024-07-09
V015806,DEL021,MED1849,2024-07-09
V015822,DEL004,MED1851,2024-07-09
V016674,DEL009,MED1961,2024-07-09
V016723,DEL005,MED1973,2024-07-09
V000862,DEL041,MED0106,2024-07-10
V001123,DEL033,MED0134,2024-07-10
V001478,DEL045,MED0176,2024-07-10
V001805,DEL050,MED0220,2024-07-10
V002130,DEL036,MED0273,2024-07-10
V003422,DEL020,MED0422,2024-07-10
V003430,DEL039,MED0423,2024-07-10
V003561,DEL033,MED0439,2024-07-10
V004442,DEL037,MED0544,2024-07-10
V004746,DEL026,MED0581,2024-07-10
V006461,DEL020,MED0795,2024-07-10
V007949,DEL041,MED0978,2024-07-10
V009626,DEL022,MED1170,2024-07-10
V009800,DEL048,MED1185,2024-07-10
V013358,DEL015,MED1587,2024-07-10
V014117,DEL004,MED1649,2024-07-10
V014656,DEL004,MED1705,2024-07-10
V015105,DEL023,MED1768,2024-07-10
V015946,DEL039,MED1861,2024-07-10
V016002,DEL033,MED1872,2024-07-10
V000706,DEL011,MED0083,2024-07-11
V001866,DEL029,MED0227,2024-07-11
V002509,DEL048,MED0321,2024-07-11
V003023,DEL044,MED0377,2024-07-11
V003389,DEL024,MED0414,2024-07-11
V004615,DEL013,MED0571,2024-07-11
V006386,DEL006,MED0786,2024-07-11
V006511,DEL047,MED0801,2024-07-11
V007115,DEL033,MED0881,2024-07-11
V009069,DEL006,MED1096,2024-07-11
V009328,DEL007,MED1119,2024-07-11
V009380,DEL023,MED1127,2024-07-11
V009485,DEL025,MED1147,2024-07-11
V009774,DEL023,MED1183,2024-07-11
V010828,DEL049,MED1313,2024-07-11
V010842,DEL009,MED1318,2024-07-11
V011418,DEL019,MED1394,2024-07-11
V011528,DEL022,MED1405,2024-07-11
V012007,DEL021,MED1446,2024-07-11
V012194,DEL036,MED1461,2024-07-11
V012825,DEL006,MED1540,2024-07-11
V013498,DEL003,MED1593,2024-07-11
V013673,DEL010,MED1615,2024-07-11
V014890,DEL003,MED1739,2024-07-11
V015147,DEL035,MED1769,2024-07-11
V016425,DEL018,MED1932,2024-07-11
V000535,DEL038,MED0063,2024-07-12
V000566,DEL043,MED0066,2024-07-12
V001828,DEL008,MED0224,2024-07-12
V002931,DEL023,MED0366,2024-07-12
V003567,DEL033,MED0439,2024-07-12
V004882,DEL026,MED0600,2024-07-12
V005402,DEL046,MED0674,2024-07-12
V006783,DEL031,MED0837,2024-07-12
V006999,DEL025,MED0865,2024-07-12
V007149,DEL025,MED0882,2024-07-12
V007306,DEL041,MED0896,2024-07-12
V007896,DEL045,MED0973,2024-07-12
V007945,DEL041,MED0978,2024-07-12
V008211,DEL022,MED1002,2024-07-12
V008980,DEL021,MED1090,2024-07-12
V009359,DEL046,MED1126,2024-07-12
V009443,DEL032,MED1140,2024-07-12
V009603,DEL047,MED1167,2024-07-12
V010276,DEL033,MED1227,2024-07-12
V011223,DEL046,MED1369,2024-07-12
V011449,DEL049,MED1399,2024-07-12
V011966,DEL001,MED1445,2024-07-12
V014555,DEL018,MED1698,2024-07-12
V014796,DEL016,MED1720,2024-07-12
V015385,DEL027,MED1793,2024-07-12
V016485,DEL002,MED1944,2024-07-12
V001200,DEL036,MED0145,2024-07-13
V002906,DEL019,MED0365,2024-07-13
V002987,DEL001,MED0374,2024-07-13
V004179,DEL018,MED0518,2024-07-13
V004620,DEL048,MED0572,2024-07-13
V005487,DEL010,MED0683,2024-07-13
V006673,DEL039,MED0819,2024-07-13
V007415,DEL030,MED0909,2024-07-13
V007578,DEL032,MED0934,2024-07-13
V007797,DEL024,MED0968,2024-07-13
V008018,DEL035,MED0986,2024-07-13
V008307,DEL039,MED1014,2024-07-13
V008613,DEL020,MED1049,2024-07-13
V008739,DEL049,MED1071,2024-07-13
V008754,DEL049,MED1071,2024-07-13
V009098,DEL020,MED1098,2024-07-13
V009447,DEL032,MED1140,2024-07-13
V010066,DEL038,MED1202,2024-07-13
V010274,DEL038,MED1226,2024-07-13
V011064,DEL031,MED1359,2024-07-13
V011937,DEL014,MED1439,2024-07-13
V016438,DEL026,MED1936,2024-07-13
V000262,DEL018,MED0040,2024-07-14
V000393,DEL018,MED0050,2024-07-14
V000704,DEL011,MED0083,2024-07-14
V001184,DEL036,MED0142,2024-07-14
V002438,DEL021,MED0309,2024-07-14
V002512,DEL048,MED0321,2024-07-14
V002891,DEL038,MED0360,2024-07-14
V002958,DEL010,MED0368,2024-07-14
V009987,DEL030,MED1198,2024-07-14
V011175,DEL034,MED1367,2024-07-14
V013873,DEL024,MED1624,2024-07-14
V015429,DEL020,MED1797,2024-07-14
V001706,DEL040,MED0210,2024-07-15
V002960,DEL010,MED0368,2024-07-15
V003621,DEL018,MED0446,2024-07-15
V003761,DEL014,MED0457,2024-07-15
V003837,DEL003,MED0467,2024-07-15
V004028,DEL022,MED0491,2024-07-15
V004312,DEL027,MED0532,2024-07-15
V005107,DEL039,MED0636,2024-07-15
V005182,DEL039,MED0650,2024-07-15
V006186,DEL019,MED0753,2024-07-15
V006703,DEL043,MED0827,2024-07-15
V006724,DEL016,MED0831,2024-07-15
V007871,DEL034,MED0972,2024-07-15
V008642,DEL034,MED1054,2024-07-15
V008728,DEL005,MED1067,2024-07-15
V010043,DEL033,MED1200,2024-07-15
V011107,DEL018,MED1364,2024-07-15
V011999,DEL021,MED1446,2024-07-15
V012390,DEL009,MED1491,2024-07-15
V012519,DEL011,MED1501,2024-07-15
V012818,DEL006,MED1540,2024-07-15
V012891,DEL049,MED1542,2024-07-15
V013538,DEL049,MED1600,2024-07-15
V015297,DEL018,MED1779,2024-07-15
V015466,DEL043,MED1801,2024-07-15
V000408,DEL002,MED0051,2024-07-16
V000434,DEL048,MED0055,2024-07-16
V001587,DEL030,MED0193,2024-07-16
V001702,DEL040,MED0210,2024-07-16
V002578,DEL048,MED0328,2024-07-16
V002660,DEL008,MED0341,2024-07-16
V003277,DEL011,MED0404,2024-07-16
V004351,DEL016,MED0536,2024-07-16
V005639,DEL023,MED0701,2024-07-16
V006704,DEL043,MED0827,2024-07-16
V006884,DEL031,MED0848,2024-07-16
V007085,DEL039,MED0877,2024-07-16
V007762,DEL049,MED0964,2024-07-16
V008350,DEL011,MED1023,2024-07-16
V008671,DEL049,MED1058,2024-07-16
V009430,DEL038,MED1138,2024-07-16
V010766,DEL003,MED1307,2024-07-16
V011499,DEL043,MED1403,2024-07-16
V011916,DEL036,MED1438,2024-07-16
V011953,DEL033,MED1440,2024-07-16
V012043,DEL031,MED1449,2024-07-16
V012322,DEL042,MED1476,2024-07-16
V012796,DEL003,MED1530,2024-07-16
V013150,DEL023,MED1569,2024-07-16
V013710,DEL010,MED1616,2024-07-16
V014244,DEL042,MED1671,2024-07-16
V014744,DEL016,MED1716,2024-07-16
V015018,DEL049,MED1756,2024-07-16
V015298,DEL018,MED1779,2024-07-16
V015499,DEL010,MED1807,2024-07-16
V015568,DEL041,MED1809,2024-07-16
V015985,DEL034,MED1866,2024-07-16
V016462,DEL027,MED1942,2024-07-16
V000080,DEL007,MED0016,2024-07-17
V001182,DEL036,MED0142,2024-07-17
V001279,DEL014,MED0153,2024-07-17
V001355,DEL006,MED0161,2024-07-17
V001384,DEL028,MED0162,2024-07-17
V002063,DEL001,MED0266,2024-07-17
V002333,DEL036,MED0298,2024-07-17
V002516,DEL048,MED0321,2024-07-17
V002772,DEL033,MED0351,2024-07-17
V003046,DEL049,MED0382,2024-07-17
V003211,DEL019,MED0396,2024-07-17
V003940,DEL046,MED0477,2024-07-17
V004209,DEL003,MED0523,2024-07-17
V004479,DEL020,MED0549,2024-07-17
V006966,DEL007,MED0863,2024-07-17
V007103,DEL040,MED0879,2024-07-17
V007387,DEL005,MED0905,2024-07-17
V008205,DEL022,MED1002,2024-07-17
V008252,DEL036,MED1006,2024-07-17
V008331,DEL045,MED1017,2024-07-17
V008552,DEL015,MED1045,2024-07-17
V008934,DEL006,MED1087,2024-07-17
V008979,DEL021,MED1090,2024-07-17
V009323,DEL007,MED1119,2024-07-17
V011863,DEL033,MED1436,2024-07-17
V014629,DEL010,MED1703,2024-07-17
V015015,DEL049,MED1756,2024-07-17
V015023,DEL049,MED1756,2024-07-17
V015103,DEL023,MED1768,2024-07-17
V015292,DEL018,MED1779,2024-07-17
V015969,DEL029,MED1864,2024-07-17
V016397,DEL025,MED1931,2024-07-17
V000658,DEL001,MED0076,2024-07-18
V001262,DEL017,MED0149,2024-07-18
V002609,DEL024,MED0333,2024-07-18
V003025,DEL044,MED0377,2024-07-18
V003250,DEL029,MED0402,2024-07-18
V004627,DEL048,MED0572,2024-07-18
V006385,DEL006,MED0786,2024-07-18
V007726,DEL027,MED0962,2024-07-18
V008446,DEL014,MED1035,2024-07-18
V009432,DEL038,MED1138,2024-07-18
V009679,DEL024,MED1174,2024-07-18
V010034,DEL033,MED1200,2024-07-18
V010171,DEL007,MED1218,2024-07-18
V010190,DEL017,MED1221,2024-07-18
V010448,DEL043,MED1248,2024-07-18
V010723,DEL002,MED1299,2024-07-18
V010808,DEL003,MED1310,2024-07-18
V011028,DEL043,MED1356,2024-07-18
V011352,DEL013,MED1385,2024-07-18
V011650,DEL046,MED1419,2024-07-18
V015471,DEL015,MED1802,2024-07-18
V015554,DEL041,MED1809,2024-07-18
V015636,DEL009,MED1818,2024-07-18
V016293,DEL029,MED1906,2024-07-18
V016423,DEL018,MED1932,2024-07-18
V016787,DEL011,MED1977,2024-07-18
V000246,DEL024,MED0038,2024-07-19
V000583,DEL022,MED0069,2024-07-19
V000611,DEL021,MED0070,2024-07-19
V000628,DEL036,MED0072,2024-07-19
V001474,DEL020,MED0174,2024-07-19
V001610,DEL014,MED0197,2024-07-19
V001744,DEL010,MED0212,2024-07-19
V001867,DEL029,MED0227,2024-07-19
V001986,DEL004,MED0246,2024-07-19
V003359,DEL023,MED0408,2024-07-19
V003513,DEL003,MED0432,2024-07-19
V003642,DEL043,MED0447,2024-07-19
V003652,DEL043,MED0447,2024-07-19
V003897,DEL040,MED0474,2024-07-19
V004111,DEL011,MED0508,2024-07-19
V004406,DEL018,MED0543,2024-07-19
V004930,DEL024,MED0610,2024-07-19
V004938,DEL035,MED0614,2024-07-19
V005055,DEL050,MED0626,2024-07-19
V005572,DEL005,MED0694,2024-07-19
V007550,DEL026,MED0930,2024-07-19
V007796,DEL024,MED0968,2024-07-19
V007911,DEL045,MED0973,2024-07-19
V008677,DEL049,MED1058,2024-07-19
V012041,DEL031,MED1449,2024-07-19
V013064,DEL024,MED1563,2024-07-19
V013618,DEL012,MED1605,2024-07-19
V014558,DEL018,MED1698,2024-07-19
V015088,DEL046,MED1764,2024-07-19
V015227,DEL031,MED1777,2024-07-19
V016505,DEL021,MED1945,2024-07-19
V000003,DEL041,MED0001,2024-07-20
V001121,DEL033,MED0134,2024-07-20
V001216,DEL033,MED0147,2024-07-20
V001807,DEL050,MED0220,2024-07-20
V002102,DEL013,MED0272,2024-07-20
V002881,DEL036,MED0357,2024-07-20
V005454,DEL029,MED0680,2024-07-20
V006526,DEL028,MED0803,2024-07-20
V006581,DEL043,MED0811,2024-07-20
V007070,DEL033,MED0874,2024-07-20
V007510,DEL030,MED0926,2024-07-20
V008411,DEL020,MED1032,2024-07-20
V008857,DEL049,MED1077,2024-07-20
V010353,DEL050,MED1241,2024-07-20
V010909,DEL034,MED1328,2024-07-20
V011118,DEL015,MED1365,2024-07-20
V011688,DEL002,MED1422,2024-07-20
V012167,DEL038,MED1459,2024-07-20
V012547,DEL020,MED1503,2024-07-20
V014165,DEL029,MED1655,2024-07-20
V015682,DEL048,MED1827,2024-07-20
V000586,DEL022,MED0069,2024-07-21
V003356,DEL023,MED0408,2024-07-21
V003489,DEL014,MED0431,2024-07-21
V003644,DEL043,MED0447,2024-07-21
V004876,DEL026,MED0600,2024-07-21
V005070,DEL042,MED0629,2024-07-21
V005240,DEL004,MED0661,2024-07-21
V006194,DEL018,MED0757,2024-07-21
V006411,DEL003,MED0789,2024-07-21
V006473,DEL035,MED0796,2024-07-21
V006734,DEL006,MED0832,2024-07-21
V009212,DEL016,MED1107,2024-07-21
V009615,DEL011,MED1168,2024-07-21
V010325,DEL041,MED1237,2024-07-21
V012244,DEL016,MED1466,2024-07-21
V014087,DEL030,MED1647,2024-07-21
V016383,DEL025,MED1931,2024-07-21
V000222,DEL010,MED0035,2024-07-22
V000861,DEL041,MED0106,2024-07-22
V001690,DEL036,MED0207,2024-07-22
V002577,DEL048,MED0328,2024-07-22
V002827,DEL039,MED0354,2024-07-22
V002915,DEL019,MED0365,2024-07-22
V004367,DEL016,MED0540,2024-07-22
V005002,DEL006,MED0622,2024-07-22
V005491,DEL045,MED0684,2024-07-22
V005504,DEL005,MED0686,2024-07-22
V005741,DEL039,MED0713,2024-07-22
V005765,DEL014,MED0714,2024-07-22
V006621,DEL002,MED0817,2024-07-22
V007039,DEL029,MED0868,2024-07-22
V008462,DEL040,MED1036,2024-07-22
V009071,DEL006,MED1096,2024-07-22
V009636,DEL022,MED1170,2024-07-22
V010482,DEL038,MED1258,2024-07-22
V010994,DEL001,MED1347,2024-07-22
V011867,DEL033,MED1436,2024-07-22
V012056,DEL031,MED1449,2024-07-22
V012250,DEL015,MED1467,2024-07-22
V013151,DEL023,MED1569,2024-07-22
V014746,DEL016,MED1716,2024-07-22
V015206,DEL024,MED1775,2024-07-22
V015528,DEL038,MED1808,2024-07-22
V016439,DEL026,MED1936,2024-07-22
V016839,DEL001,MED1984,2024-07-22
V000788,DEL041,MED0093,2024-07-23
V001275,DEL005,MED0151,2024-07-23
V001519,DEL031,MED0190,2024-07-23
V001911,DEL035,MED0233,2024-07-23
V002110,DEL013,MED0272,2024-07-23
V002788,DEL018,MED0353,2024-07-23
V003097,DEL002,MED0386,2024-07-23
V003766,DEL014,MED0457,2024-07-23
V004953,DEL019,MED0617,2024-07-23
V005620,DEL023,MED0701,2024-07-23
V005864,DEL047,MED0726,2024-07-23
V006750,DEL036,MED0833,2024-07-23
V007452,DEL028,MED0915,2024-07-23
V008727,DEL005,MED1067,2024-07-23
V008779,DEL008,MED1072,2024-07-23
V008930,DEL006,MED1087,2024-07-23
V009445,DEL032,MED1140,2024-07-23
V009822,DEL047,MED1186,2024-07-23
V009893,DEL037,MED1191,2024-07-23
V010699,DEL038,MED1290,2024-07-23
V010993,DEL001,MED1347,2024-07-23
V012586,DEL036,MED1506,2024-07-23
V013401,DEL027,MED1589,2024-07-23
V013440,DEL048,MED1591,2024-07-23
V013866,DEL024,MED1624,2024-07-23
V014551,DEL018,MED1698,2024-07-23
V015145,DEL035,MED1769,2024-07-23
V015701,DEL037,MED1830,2024-07-23
V015703,DEL037,MED1830,2024-07-23
V015997,DEL036,MED1870,2024-07-23
V016386,DEL025,MED1931,2024-07-23
V016775,DEL011,MED1977,2024-07-23
V001446,DEL041,MED0168,2024-07-24
V001766,DEL035,MED0215,2024-07-24
V005393,DEL046,MED0674,2024-07-24
V005586,DEL008,MED0698,2024-07-24
V005937,DEL018,MED0730,2024-07-24
V006582,DEL043,MED0811,2024-07-24
V006972,DEL019,MED0864,2024-07-24
V007094,DEL015,MED0878,2024-07-24
V007746,DEL049,MED0964,2024-07-24
V008086,DEL047,MED0993,2024-07-24
V008390,DEL043,MED1030,2024-07-24
V008705,DEL016,MED1064,2024-07-24
V010092,DEL030,MED1206,2024-07-24
V010277,DEL033,MED1227,2024-07-24
V010597,DEL010,MED1280,2024-07-24
V012114,DEL039,MED1454,2024-07-24
V012500,DEL007,MED1498,2024-07-24
V012605,DEL014,MED1512,2024-07-24
V012984,DEL013,MED1551,2024-07-24
V013017,DEL031,MED1557,2024-07-24
V014964,DEL012,MED1749,2024-07-24
V015259,DEL039,MED1778,2024-07-24
V015506,DEL010,MED1807,2024-07-24
V015718,DEL022,MED1836,2024-07-24
V000511,DEL047,MED0062,2024-07-25
V001283,DEL024,MED0157,2024-07-25
V003388,DEL024,MED0414,2024-07-25
V003841,DEL003,MED0467,2024-07-25
V004218,DEL048,MED0525,2024-07-25
V005001,DEL006,MED0622,2024-07-25
V005053,DEL050,MED0626,2024-07-25
V005320,DEL031,MED0667,2024-07-25
V005340,DEL045,MED0670,2024-07-25
V006863,DEL023,MED0846,2024-07-25
V007834,DEL015,MED0970,2024-07-25
V008507,DEL033,MED1041,2024-07-25
V008675,DEL049,MED1058,2024-07-25
V009171,DEL039,MED1103,2024-07-25
V009282,DEL026,MED1113,2024-07-25
V010727,DEL002,MED1299,2024-07-25
V011101,DEL018,MED1364,2024-07-25
V011533,DEL022,MED1405,2024-07-25
V013545,DEL049,MED1600,2024-07-25
V014955,DEL012,MED1749,2024-07-25
V016586,DEL029,MED1953,2024-07-25
V000305,DEL049,MED0042,2024-07-26
V001160,DEL011,MED0137,2024-07-26
V001222,DEL033,MED0147,2024-07-26
V001284,DEL024,MED0157,2024-07-26
V002218,DEL007,MED0287,2024-07-26
V003027,DEL044,MED0377,2024-07-26
V003058,DEL013,MED0383,2024-07-26
V003443,DEL016,MED0424,2024-07-26
V003776,DEL014,MED0457,2024-07-26
V005386,DEL026,MED0673,2024-07-26
V007281,DEL043,MED0895,2024-07-26
V007907,DEL045,MED0973,2024-07-26
V007935,DEL041,MED0978,2024-07-26
V008212,DEL022,MED1002,2024-07-26
V008493,DEL010,MED1038,2024-07-26
V008655,DEL049,MED1058,2024-07-26
V008751,DEL049,MED1071,2024-07-26
V009180,DEL039,MED1103,2024-07-26
V009374,DEL023,MED1127,2024-07-26
V009565,DEL033,MED1165,2024-07-26
V010806,DEL014,MED1309,2024-07-26
V010919,DEL016,MED1332,2024-07-26
V011336,DEL020,MED1384,2024-07-26
V011910,DEL036,MED1438,2024-07-26
V013213,DEL013,MED1575,2024-07-26
V013578,DEL045,MED1601,2024-07-26
V013714,DEL010,MED1616,2024-07-26
V014761,DEL048,MED1717,2024-07-26
V014895,DEL002,MED1741,2024-07-26
V015564,DEL041,MED1809,2024-07-26
V001020,DEL008,MED0125,2024-07-27
V001027,DEL008,MED0125,2024-07-27
V002633,DEL019,MED0340,2024-07-27
V002855,DEL050,MED0356,2024-07-27
V004826,DEL044,MED0593,2024-07-27
V005573,DEL005,MED0694,2024-07-27
V006509,DEL047,MED0801,2024-07-27
V007507,DEL030,MED0926,2024-07-27
V008370,DEL004,MED1026,2024-07-27
V008444,DEL014,MED1035,2024-07-27
V008548,DEL015,MED1045,2024-07-27
V010657,DEL003,MED1287,2024-07-27
V011067,DEL031,MED1359,2024-07-27
V011425,DEL048,MED1395,2024-07-27
V012248,DEL015,MED1467,2024-07-27
V012717,DEL002,MED1521,2024-07-27
V012813,DEL006,MED1540,2024-07-27
V013439,DEL048,MED1591,2024-07-27
V014373,DEL043,MED1678,2024-07-27
V014592,DEL020,MED1700,2024-07-27
V016366,DEL050,MED1924,2024-07-27
V016396,DEL025,MED1931,2024-07-27
V000629,DEL036,MED0072,2024-07-28
V001498,DEL046,MED0183,2024-07-28
V001718,DEL040,MED0210,2024-07-28
V002937,DEL001,MED0367,2024-07-28
V003321,DEL050,MED0406,2024-07-28
V003343,DEL049,MED0407,2024-07-28
V004752,DEL026,MED0581,2024-07-28
V007404,DEL033,MED0907,2024-07-28
V007876,DEL034,MED0972,2024-07-28
V008603,DEL046,MED1048,2024-07-28
V008800,DEL042,MED1075,2024-07-28
V008929,DEL006,MED1087,2024-07-28
V011996,DEL021,MED1446,2024-07-28
V012325,DEL042,MED1476,2024-07-28
V012636,DEL016,MED1517,2024-07-28
V012642,DEL016,MED1517,2024-07-28
V012888,DEL049,MED1542,2024-07-28
V013496,DEL003,MED1593,2024-07-28
V014215,DEL041,MED1663,2024-07-28
V014522,DEL012,MED1696,2024-07-28
V014659,DEL004,MED1705,2024-07-28
V015086,DEL046,MED1764,2024-07-28
V015426,DEL020,MED1797,2024-07-28
V016403,DEL025,MED1931,2024-07-28
V016901,DEL020,MED1998,2024-07-28
V000365,DEL016,MED0048,2024-08-01
V000636,DEL039,MED0073,2024-08-01
V001738,DEL024,MED0211,2024-08-01
V003214,DEL019,MED0396,2024-08-01
V003595,DEL001,MED0442,2024-08-01
V003800,DEL042,MED0459,2024-08-01
V005638,DEL023,MED0701,2024-08-01
V005830,DEL010,MED0720,2024-08-01
V006781,DEL031,MED0837,2024-08-01
V006985,DEL025,MED0865,2024-08-01
V006992,DEL025,MED0865,2024-08-01
V009668,DEL039,MED1172,2024-08-01
V011077,DEL031,MED1359,2024-08-01
V012047,DEL031,MED1449,2024-08-01
V012430,DEL003,MED1492,2024-08-01
V012797,DEL003,MED1530,2024-08-01
V013464,DEL018,MED1592,2024-08-01
V013719,DEL010,MED1616,2024-08-01
V014033,DEL043,MED1641,2024-08-01
V014467,DEL048,MED1692,2024-08-01
V014951,DEL042,MED1747,2024-08-01
V015114,DEL023,MED1768,2024-08-01
V015380,DEL027,MED1793,2024-08-01
V015647,DEL011,MED1820,2024-08-01
V015656,DEL029,MED1823,2024-08-01
V016184,DEL026,MED1892,2024-08-01
V016394,DEL025,MED1931,2024-08-01
V016608,DEL012,MED1955,2024-08-01
V000613,DEL021,MED0070,2024-08-02
V001713,DEL040,MED0210,2024-08-02
V001838,DEL008,MED0224,2024-08-02
V002032,DEL003,MED0253,2024-08-02
V002162,DEL048,MED0277,2024-08-02
V002301,DEL042,MED0297,2024-08-02
V003251,DEL029,MED0402,2024-08-02
V003254,DEL029,MED0402,2024-08-02
V003262,DEL029,MED0402,2024-08-02
V003742,DEL034,MED0456,2024-08-02
V005590,DEL008,MED0698,2024-08-02
V006063,DEL013,MED0748,2024-08-02
V007989,DEL023,MED0983,2024-08-02
V009373,DEL023,MED1127,2024-08-02
V010262,DEL018,MED1225,2024-08-02
V010542,DEL035,MED1270,2024-08-02
V011277,DEL015,MED1373,2024-08-02
V012616,DEL011,MED1513,2024-08-02
V012670,DEL037,MED1519,2024-08-02
V012704,DEL002,MED1521,2024-08-02
V014494,DEL016,MED1693,2024-08-02
V015185,DEL024,MED1775,2024-08-02
V001362,DEL006,MED0161,2024-08-03
V001391,DEL017,MED0163,2024-08-03
V001637,DEL024,MED0199,2024-08-03
V001681,DEL034,MED0206,2024-08-03
V002538,DEL026,MED0322,2024-08-03
V002623,DEL043,MED0339,2024-08-03
V003226,DEL023,MED0398,2024-08-03
V003488,DEL014,MED0431,2024-08-03
V003849,DEL003,MED0467,2024-08-03
V004370,DEL016,MED0540,2024-08-03
V004574,DEL026,MED0560,2024-08-03
V004724,DEL023,MED0579,2024-08-03
V005710,DEL049,MED0709,2024-08-03
V006102,DEL046,MED0750,2024-08-03
V007590,DEL001,MED0940,2024-08-03
V008576,DEL033,MED1046,2024-08-03
V008659,DEL049,MED1058,2024-08-03
V008746,DEL049,MED1071,2024-08-03
V009685,DEL038,MED1175,2024-08-03
V011453,DEL049,MED1399,2024-08-03
V013438,DEL048,MED1591,2024-08-03
V013460,DEL018,MED1592,2024-08-03
V013523,DEL008,MED1597,2024-08-03
V014068,DEL047,MED1644,2024-08-03
V014112,DEL004,MED1649,2024-08-03
V014498,DEL016,MED1693,2024-08-03
V015832,DEL038,MED1852,2024-08-03
V016424,DEL018,MED1932,2024-08-03
V000074,DEL007,MED0016,2024-08-04
V000231,DEL026,MED0037,2024-08-04
V000539,DEL038,MED0063,2024-08-04
V001295,DEL024,MED0157,2024-08-04
V001402,DEL041,MED0165,2024-08-04
V001791,DEL020,MED0217,2024-08-04
V002031,DEL003,MED0253,2024-08-04
V003035,DEL007,MED0381,2024-08-04
V004083,DEL034,MED0497,2024-08-04
V006573,DEL043,MED0811,2024-08-04
V006774,DEL044,MED0836,2024-08-04
V009428,DEL038,MED1138,2024-08-04
V009861,DEL018,MED1187,2024-08-04
V010195,DEL017,MED1221,2024-08-04
V010630,DEL048,MED1284,2024-08-04
V010792,DEL004,MED1308,2024-08-04
V011209,DEL030,MED1368,2024-08-04
V011557,DEL028,MED1408,2024-08-04
V012310,DEL033,MED1475,2024-08-04
V012381,DEL009,MED1491,2024-08-04
V013539,DEL049,MED1600,2024-08-04
V014072,DEL047,MED1644,2024-08-04
V014264,DEL026,MED1673,2024-08-04
V015198,DEL024,MED1775,2024-08-04
V015465,DEL043,MED1801,2024-08-04
V016815,DEL029,MED1979,2024-08-04
V000038,DEL012,MED0011,2024-08-05
V000267,DEL018,MED0040,2024-08-05
V000294,DEL049,MED0042,2024-08-05
V000447,DEL017,MED0057,2024-08-05
V001401,DEL041,MED0165,2024-08-05
V001425,DEL028,MED0166,2024-08-05
V001924,DEL012,MED0236,2024-08-05
V003039,DEL007,MED0381,2024-08-05
V003324,DEL050,MED0406,2024-08-05
V004311,DEL027,MED0532,2024-08-05
V004454,DEL029,MED0547,2024-08-05
V004587,DEL030,MED0562,2024-08-05
V004732,DEL011,MED0580,2024-08-05
V006287,DEL021,MED0769,2024-08-05
V006694,DEL009,MED0823,2024-08-05
V007814,DEL006,MED0969,2024-08-05
V007912,DEL045,MED0973,2024-08-05
V008242,DEL035,MED1005,2024-08-05
V008293,DEL033,MED1013,2024-08-05
V008460,DEL040,MED1036,2024-08-05
V009073,DEL006,MED1096,2024-08-05
V010134,DEL033,MED1213,2024-08-05
V010394,DEL020,MED1243,2024-08-05
V012659,DEL037,MED1519,2024-08-05
V013143,DEL023,MED1569,2024-08-05
V013644,DEL032,MED1609,2024-08-05
V013798,DEL038,MED1621,2024-08-05
V014392,DEL043,MED1678,2024-08-05
V014712,DEL039,MED1714,2024-08-05
V014743,DEL016,MED1716,2024-08-05
V014866,DEL049,MED1735,2024-08-05
V014971,DEL012,MED1749,2024-08-05
V015032,DEL049,MED1756,2024-08-05
V015657,DEL029,MED1823,2024-08-05
V016080,DEL001,MED1876,2024-08-05
V016572,DEL039,MED1951,2024-08-05
V000136,DEL020,MED0022,2024-08-06
V000776,DEL048,MED0092,2024-08-06
V000966,DEL008,MED0114,2024-08-06
V001760,DEL035,MED0215,2024-08-06
V002796,DEL018,MED0353,2024-08-06
V002856,DEL050,MED0356,2024-08-06
V003349,DEL023,MED0408,2024-08-06
V003541,DEL029,MED0436,2024-08-06
V003562,DEL033,MED0439,2024-08-06
V003565,DEL033,MED0439,2024-08-06
V005955,DEL018,MED0730,2024-08-06
V006197,DEL018,MED0757,2024-08-06
V006383,DEL006,MED0786,2024-08-06
V006696,DEL009,MED0823,2024-08-06
V009394,DEL014,MED1132,2024-08-06
V009594,DEL047,MED1167,2024-08-06
V010124,DEL009,MED1210,2024-08-06
V010166,DEL050,MED1216,2024-08-06
V010916,DEL011,MED1331,2024-08-06
V011913,DEL036,MED1438,2024-08-06
V013756,DEL032,MED1620,2024-08-06
V014496,DEL016,MED1693,2024-08-06
V015534,DEL038,MED1808,2024-08-06
V016342,DEL001,MED1915,2024-08-06
V016691,DEL015,MED1968,2024-08-06
V016829,DEL046,MED1983,2024-08-06
V000783,DEL041,MED0093,2024-08-07
V000846,DEL032,MED0103,2024-08-07
V001908,DEL035,MED0233,2024-08-07
V002071,DEL036,MED0268,2024-08-07
V002930,DEL023,MED0366,2024-08-07
V003875,DEL043,MED0471,2024-08-07
V003993,DEL048,MED0485,2024-08-07
V004881,DEL026,MED0600,2024-08-07
V004940,DEL035,MED0614,2024-08-07
V005162,DEL010,MED0647,2024-08-07
V005519,DEL050,MED0687,2024-08-07
V006758,DEL038,MED0834,2024-08-07
V006919,DEL030,MED0856,2024-08-07
V007453,DEL028,MED0915,2024-08-07
V008486,DEL018,MED1037,2024-08-07
V009199,DEL030,MED1104,2024-08-07
V009333,DEL007,MED1119,2024-08-07
V009755,DEL002,MED1180,2024-08-07
V010108,DEL005,MED1208,2024-08-07
V011061,DEL031,MED1359,2024-08-07
V011183,DEL034,MED1367,2024-08-07
V012004,DEL021,MED1446,2024-08-07
V013577,DEL045,MED1601,2024-08-07
V014448,DEL036,MED1686,2024-08-07
V014952,DEL042,MED1747,2024-08-07
V015144,DEL035,MED1769,2024-08-07
V016073,DEL001,MED1876,2024-08-07
V016724,DEL005,MED1973,2024-08-07
V016743,DEL010,MED1974,2024-08-07
V000292,DEL049,MED0042,2024-08-08
V000293,DEL049,MED0042,2024-08-08
V000991,DEL029,MED0121,2024-08-08
V001957,DEL033,MED0245,2024-08-08
V002112,DEL013,MED0272,2024-08-08
V002689,DEL030,MED0342,2024-08-08
V005629,DEL023,MED0701,2024-08-08
V005761,DEL014,MED0714,2024-08-08
V006760,DEL038,MED0834,2024-08-08
V008457,DEL040,MED1036,2024-08-08
V008833,DEL023,MED1076,2024-08-08
V008884,DEL009,MED1079,2024-08-08
V009310,DEL002,MED1118,2024-08-08
V011885,DEL019,MED1437,2024-08-08
V013543,DEL049,MED1600,2024-08-08
V013712,DEL010,MED1616,2024-08-08
V013789,DEL038,MED1621,2024-08-08
V013982,DEL018,MED1633,2024-08-08
V014150,DEL011,MED1654,2024-08-08
V015137,DEL035,MED1769,2024-08-08
V015240,DEL031,MED1777,2024-08-08
V015479,DEL017,MED1804,2024-08-08
V016739,DEL010,MED1974,2024-08-08
V016809,DEL015,MED1978,2024-08-08
V000232,DEL026,MED0037,2024-08-09
V000775,DEL048,MED0092,2024-08-09
V001700,DEL040,MED0210,2024-08-09
V001704,DEL040,MED0210,2024-08-09
V001982,DEL004,MED0246,2024-08-09
V002267,DEL031,MED0291,2024-08-09
V003037,DEL007,MED0381,2024-08-09
V004449,DEL050,MED0546,2024-08-09
V004516,DEL047,MED0555,2024-08-09
V006037,DEL021,MED0743,2024-08-09
V006240,DEL026,MED0760,2024-08-09
V006269,DEL011,MED0766,2024-08-09
V006590,DEL043,MED0811,2024-08-09
V007117,DEL033,MED0881,2024-08-09
V007217,DEL018,MED0888,2024-08-09
V007627,DEL021,MED0948,2024-08-09
V008745,DEL049,MED1071,2024-08-09
V010451,DEL043,MED1248,2024-08-09
V010988,DEL001,MED1347,2024-08-09
V011353,DEL013,MED1385,2024-08-09
V011712,DEL001,MED1424,2024-08-09
V013062,DEL024,MED1563,2024-08-09
V013101,DEL034,MED1564,2024-08-09
V013349,DEL033,MED1586,2024-08-09
V013611,DEL031,MED1603,2024-08-09
V014745,DEL016,MED1716,2024-08-09
V015333,DEL035,MED1783,2024-08-09
V015848,DEL026,MED1854,2024-08-09
V016209,DEL037,MED1894,2024-08-09
V016602,DEL012,MED1955,2024-08-09
V000007,DEL041,MED0001,2024-08-10
V000021,DEL042,MED0006,2024-08-10
V000514,DEL047,MED0062,2024-08-10
V001405,DEL041,MED0165,2024-08-10
V002476,DEL008,MED0315,2024-08-10
V003444,DEL016,MED0424,2024-08-10
V003826,DEL038,MED0466,2024-08-10
V003899,DEL040,MED0474,2024-08-10
V004337,DEL024,MED0533,2024-08-10
V005075,DEL042,MED0629,2024-08-10
V006025,DEL030,MED0739,2024-08-10
V006751,DEL036,MED0833,2024-08-10
V010299,DEL038,MED1233,2024-08-10
V010415,DEL032,MED1244,2024-08-10
V010417,DEL032,MED1244,2024-08-10
V010526,DEL017,MED1266,2024-08-10
V011102,DEL018,MED1364,2024-08-10
V011122,DEL015,MED1365,2024-08-10
V011484,DEL034,MED1400,2024-08-10
V011552,DEL009,MED1406,2024-08-10
V012544,DEL020,MED1503,2024-08-10
V012760,DEL042,MED1526,2024-08-10
V013471,DEL018,MED1592,2024-08-10
V013645,DEL032,MED1609,2024-08-10
V015098,DEL014,MED1766,2024-08-10
V015737,DEL037,MED1838,2024-08-10
V016133,DEL041,MED1886,2024-08-10
V000947,DEL021,MED0113,2024-08-11
V001095,DEL009,MED0130,2024-08-11
V001278,DEL003,MED0152,2024-08-11
V002131,DEL036,MED0273,2024-08-11
V002634,DEL019,MED0340,2024-08-11
V002946,DEL010,MED0368,2024-08-11
V003004,DEL008,MED0375,2024-08-11
V003482,DEL014,MED0431,2024-08-11
V004126,DEL047,MED0510,2024-08-11
V004692,DEL014,MED0574,2024-08-11
V004934,DEL023,MED0612,2024-08-11
V004941,DEL035,MED0614,2024-08-11
V004965,DEL004,MED0619,2024-08-11
V005541,DEL033,MED0689,2024-08-11
V005581,DEL039,MED0697,2024-08-11
V005607,DEL011,MED0700,2024-08-11
V008742,DEL049,MED1071,2024-08-11
V010211,DEL017,MED1221,2024-08-11
V011177,DEL034,MED1367,2024-08-11
V011914,DEL036,MED1438,2024-08-11
V012211,DEL041,MED1464,2024-08-11
V012424,DEL003,MED1492,2024-08-11
V012596,DEL036,MED1510,2024-08-11
V012640,DEL016,MED1517,2024-08-11
V014118,DEL004,MED1649,2024-08-11
V015850,DEL026,MED1854,2024-08-11
V016894,DEL040,MED1997,2024-08-11
V000298,DEL049,MED0042,2024-08-12
V000870,DEL001,MED0107,2024-08-12
V004552,DEL034,MED0557,2024-08-12
V005005,DEL006,MED0622,2024-08-12
V005332,DEL027,MED0669,2024-08-12
V005410,DEL046,MED0674,2024-08-12
V006574,DEL043,MED0811,2024-08-12
V008327,DEL045,MED1017,2024-08-12
V010360,DEL050,MED1241,2024-08-12
V010872,DEL010,MED1326,2024-08-12
V011304,DEL020,MED1379,2024-08-12
V011711,DEL001,MED1424,2024-08-12
V011834,DEL044,MED1435,2024-08-12
V012048,DEL031,MED1449,2024-08-12
V012050,DEL031,MED1449,2024-08-12
V013679,DEL010,MED1615,2024-08-12
V015754,DEL039,MED1841,2024-08-12
V016030,DEL017,MED1875,2024-08-12
V016100,DEL009,MED1879,2024-08-12
V016596,DEL012,MED1955,2024-08-12
V002621,DEL043,MED0339,2024-08-13
V002783,DEL018,MED0353,2024-08-13
V003110,DEL002,MED0386,2024-08-13
V003515,DEL003,MED0432,2024-08-13
V003814,DEL038,MED0463,2024-08-13
V004091,DEL017,MED0500,2024-08-13
V004559,DEL034,MED0557,2024-08-13
V004652,DEL018,MED0573,2024-08-13
V004833,DEL044,MED0593,2024-08-13
V005035,DEL023,MED0623,2024-08-13
V005329,DEL027,MED0669,2024-08-13
V005359,DEL027,MED0672,2024-08-13
V005682,DEL044,MED0707,2024-08-13
V005713,DEL049,MED0709,2024-08-13
V005804,DEL027,MED0719,2024-08-13
V006303,DEL021,MED0769,2024-08-13
V006475,DEL035,MED0796,2024-08-13
V006902,DEL049,MED0852,2024-08-13
V007063,DEL006,MED0870,2024-08-13
V007706,DEL038,MED0958,2024-08-13
V008791,DEL031,MED1074,2024-08-13
V009413,DEL043,MED1135,2024-08-13
V009801,DEL048,MED1185,2024-08-13
V010010,DEL019,MED1199,2024-08-13
V010761,DEL046,MED1306,2024-08-13
V010869,DEL010,MED1326,2024-08-13
V012861,DEL017,MED1541,2024-08-13
V013566,DEL045,MED1601,2024-08-13
V014691,DEL038,MED1710,2024-08-13
V016013,DEL011,MED1874,2024-08-13
V016689,DEL015,MED1968,2024-08-13
V000397,DEL018,MED0050,2024-08-14
V002896,DEL002,MED0363,2024-08-14
V002900,DEL002,MED0363,2024-08-14
V003066,DEL013,MED0383,2024-08-14
V004606,DEL012,MED0568,2024-08-14
V005711,DEL049,MED0709,2024-08-14
V006356,DEL044,MED0779,2024-08-14
V007934,DEL041,MED0978,2024-08-14
V008790,DEL031,MED1074,2024-08-14
V008900,DEL001,MED1081,2024-08-14
V008932,DEL006,MED1087,2024-08-14
V009695,DEL033,MED1177,2024-08-14
V011915,DEL036,MED1438,2024-08-14
V013242,DEL014,MED1576,2024-08-14
V014105,DEL004,MED1649,2024-08-14
V014106,DEL004,MED1649,2024-08-14
V014318,DEL015,MED1675,2024-08-14
V015012,DEL049,MED1756,2024-08-14
V016512,DEL021,MED1945,2024-08-14
V001313,DEL036,MED0158,2024-08-15
V001804,DEL050,MED0220,2024-08-15
V003149,DEL018,MED0388,2024-08-15
V004046,DEL006,MED0495,2024-08-15
V007399,DEL050,MED0906,2024-08-15
V007686,DEL029,MED0955,2024-08-15
V008057,DEL012,MED0991,2024-08-15
V008089,DEL047,MED0993,2024-08-15
V008544,DEL041,MED1044,2024-08-15
V008575,DEL033,MED1046,2024-08-15
V009766,DEL014,MED1181,2024-08-15
V010158,DEL013,MED1215,2024-08-15
V010159,DEL013,MED1215,2024-08-15
V012218,DEL041,MED1464,2024-08-15
V012631,DEL016,MED1517,2024-08-15
V013938,DEL003,MED1632,2024-08-15
V014038,DEL043,MED1641,2024-08-15
V014058,DEL013,MED1642,2024-08-15
V015235,DEL031,MED1777,2024-08-15
V015639,DEL009,MED1818,2024-08-15
V015805,DEL021,MED1849,2024-08-15
V016064,DEL001,MED1876,2024-08-15
V016224,DEL037,MED1894,2024-08-15
V016696,DEL001,MED1970,2024-08-15
V000040,DEL012,MED0011,2024-08-16
V000210,DEL034,MED0034,2024-08-16
V000462,DEL002,MED0058,2024-08-16
V000635,DEL039,MED0073,2024-08-16
V001359,DEL006,MED0161,2024-08-16
V001497,DEL046,MED0183,2024-08-16
V002074,DEL008,MED0269,2024-08-16
V002111,DEL013,MED0272,2024-08-16
V002356,DEL014,MED0300,2024-08-16
V002435,DEL021,MED0309,2024-08-16
V003048,DEL049,MED0382,2024-08-16
V003065,DEL013,MED0383,2024-08-16
V003386,DEL024,MED0414,2024-08-16
V003650,DEL043,MED0447,2024-08-16
V003698,DEL026,MED0451,2024-08-16
V004080,DEL034,MED0497,2024-08-16
V005872,DEL047,MED0726,2024-08-16
V005974,DEL012,MED0731,2024-08-16
V006413,DEL003,MED0789,2024-08-16
V006951,DEL026,MED0860,2024-08-16
V006987,DEL025,MED0865,2024-08-16
V008192,DEL019,MED1001,2024-08-16
V010356,DEL050,MED1241,2024-08-16
V010496,DEL043,MED1260,2024-08-16
V010586,DEL033,MED1277,2024-08-16
V011071,DEL031,MED1359,2024-08-16
V011855,DEL033,MED1436,2024-08-16
V011991,DEL021,MED1446,2024-08-16
V012746,DEL014,MED1524,2024-08-16
V015831,DEL038,MED1852,2024-08-16
V016139,DEL008,MED1887,2024-08-16
V001550,DEL048,MED0191,2024-08-17
V001800,DEL050,MED0220,2024-08-17
V002854,DEL050,MED0356,2024-08-17
V004212,DEL003,MED0523,2024-08-17
V005232,DEL004,MED0661,2024-08-17
V005352,DEL011,MED0671,2024-08-17
V005896,DEL046,MED0727,2024-08-17
V005898,DEL024,MED0728,2024-08-17
V006536,DEL028,MED0803,2024-08-17
V007591,DEL001,MED0940,2024-08-17
V007768,DEL049,MED0964,2024-08-17
V007793,DEL024,MED0968,2024-08-17
V008781,DEL008,MED1072,2024-08-17
V009629,DEL022,MED1170,2024-08-17
V009697,DEL033,MED1177,2024-08-17
V009823,DEL047,MED1186,2024-08-17
V009907,DEL041,MED1193,2024-08-17
V014620,DEL014,MED1701,2024-08-17
V014956,DEL012,MED1749,2024-08-17
V015436,DEL020,MED1797,2024-08-17
V015482,DEL049,MED1805,2024-08-17
V015558,DEL041,MED1809,2024-08-17
V016214,DEL037,MED1894,2024-08-17
V016546,DEL047,MED1947,2024-08-17
V016549,DEL011,MED1948,2024-08-17
V000359,DEL016,MED0048,2024-08-18
V000685,DEL013,MED0080,2024-08-18
V000758,DEL024,MED0090,2024-08-18
V000895,DEL049,MED0108,2024-08-18
V001286,DEL024,MED0157,2024-08-18
V001328,DEL036,MED0158,2024-08-18
V002132,DEL036,MED0273,2024-08-18
V002261,DEL031,MED0289,2024-08-18
V002331,DEL036,MED0298,2024-08-18
V002401,DEL038,MED0307,2024-08-18
V002491,DEL014,MED0317,2024-08-18
V002579,DEL048,MED0328,2024-08-18
V003699,DEL026,MED0451,2024-08-18
V003992,DEL048,MED0485,2024-08-18
V004226,DEL039,MED0527,2024-08-18
V004829,DEL044,MED0593,2024-08-18
V005271,DEL022,MED0663,2024-08-18
V005377,DEL026,MED0673,2024-08-18
V005944,DEL018,MED0730,2024-08-18
V006290,DEL021,MED0769,2024-08-18
V006297,DEL021,MED0769,2024-08-18
V006379,DEL006,MED0786,2024-08-18
V006855,DEL023,MED0846,2024-08-18
V007106,DEL040,MED0879,2024-08-18
V007480,DEL010,MED0921,2024-08-18
V008305,DEL039,MED1014,2024-08-18
V008407,DEL020,MED1032,2024-08-18
V010858,DEL002,MED1325,2024-08-18
V011182,DEL034,MED1367,2024-08-18
V011288,DEL042,MED1374,2024-08-18
V011498,DEL043,MED1403,2024-08-18
V012698,DEL002,MED1521,2024-08-18
V013621,DEL012,MED1605,2024-08-18
V014374,DEL043,MED1678,2024-08-18
V014920,DEL034,MED1746,2024-08-18
V015076,DEL023,MED1763,2024-08-18
V015111,DEL023,MED1768,2024-08-18
V015142,DEL035,MED1769,2024-08-18
V016312,DEL025,MED1910,2024-08-18
V000335,DEL039,MED0044,2024-08-19
V000694,DEL020,MED0081,2024-08-19
V001801,DEL050,MED0220,2024-08-19
V002103,DEL013,MED0272,2024-08-19
V003255,DEL029,MED0402,2024-08-19
V003263,DEL029,MED0402,2024-08-19
V003998,DEL015,MED0486,2024-08-19
V004113,DEL049,MED0509,2024-08-19
V004619,DEL048,MED0572,2024-08-19
V004632,DEL048,MED0572,2024-08-19
V006103,DEL046,MED0750,2024-08-19
V006589,DEL043,MED0811,2024-08-19
V007794,DEL024,MED0968,2024-08-19
V007877,DEL034,MED0972,2024-08-19
V008797,DEL042,MED1075,2024-08-19
V008856,DEL049,MED1077,2024-08-19
V008931,DEL006,MED1087,2024-08-19
V009571,DEL033,MED1165,2024-08-19
V010794,DEL004,MED1308,2024-08-19
V010928,DEL037,MED1334,2024-08-19
V011264,DEL026,MED1371,2024-08-19
V011309,DEL023,MED1381,2024-08-19
V012321,DEL042,MED1476,2024-08-19
V013171,DEL012,MED1570,2024-08-19
V013815,DEL007,MED1622,2024-08-19
V014557,DEL018,MED1698,2024-08-19
V014725,DEL017,MED1715,2024-08-19
V015493,DEL034,MED1806,2024-08-19
V015847,DEL026,MED1854,2024-08-19
V016004,DEL033,MED1872,2024-08-19
V000276,DEL018,MED0040,2024-08-20
V001019,DEL008,MED0125,2024-08-20
V001447,DEL041,MED0168,2024-08-20
V002644,DEL008,MED0341,2024-08-20
V003529,DEL038,MED0434,2024-08-20
V003654,DEL043,MED0447,2024-08-20
V004139,DEL026,MED0513,2024-08-20
V004150,DEL044,MED0515,2024-08-20
V004227,DEL039,MED0527,2024-08-20
V006953,DEL014,MED0861,2024-08-20
V007341,DEL035,MED0899,2024-08-20
V007378,DEL005,MED0905,2024-08-20
V007936,DEL041,MED0978,2024-08-20
V008935,DEL006,MED1087,2024-08-20
V009132,DEL036,MED1102,2024-08-20
V009331,DEL007,MED1119,2024-08-20
V010331,DEL006,MED1238,2024-08-20
V011658,DEL046,MED1419,2024-08-20
V012217,DEL041,MED1464,2024-08-20
V012280,DEL026,MED1470,2024-08-20
V013493,DEL003,MED1593,2024-08-20
V013685,DEL010,MED1615,2024-08-20
V014273,DEL002,MED1674,2024-08-20
V014709,DEL039,MED1714,2024-08-20
V015880,DEL006,MED1855,2024-08-20
V016221,DEL037,MED1894,2024-08-20
V000443,DEL046,MED0056,2024-08-21
V001059,DEL032,MED0126,2024-08-21
V001205,DEL024,MED0146,2024-08-21
V001219,DEL033,MED0147,2024-08-21
V001315,DEL036,MED0158,2024-08-21
V002977,DEL048,MED0371,2024-08-21
V003198,DEL027,MED0394,2024-08-21
V003748,DEL034,MED0456,2024-08-21
V003840,DEL003,MED0467,2024-08-21
V004519,DEL047,MED0555,2024-08-21
V004815,DEL006,MED0588,2024-08-21
V006447,DEL042,MED0794,2024-08-21
V007102,DEL040,MED0879,2024-08-21
V007114,DEL016,MED0880,2024-08-21
V007172,DEL003,MED0885,2024-08-21
V008416,DEL020,MED1032,2024-08-21
V009545,DEL033,MED1162,2024-08-21
V011344,DEL013,MED1385,2024-08-21
V015750,DEL042,MED1840,2024-08-21
V016437,DEL043,MED1934,2024-08-21
V000935,DEL021,MED0113,2024-08-22
V002985,DEL001,MED0374,2024-08-22
V004371,DEL016,MED0540,2024-08-22
V005161,DEL010,MED0647,2024-08-22
V005223,DEL048,MED0660,2024-08-22
V006479,DEL035,MED0796,2024-08-22
V007437,DEL044,MED0910,2024-08-22
V008442,DEL024,MED1034,2024-08-22
V008876,DEL016,MED1078,2024-08-22
V009464,DEL039,MED1144,2024-08-22
V011217,DEL046,MED1369,2024-08-22
V011524,DEL022,MED1405,2024-08-22
V011529,DEL022,MED1405,2024-08-22
V011893,DEL019,MED1437,2024-08-22
V012031,DEL030,MED1448,2024-08-22
V012277,DEL026,MED1470,2024-08-22
V013790,DEL038,MED1621,2024-08-22
V013838,DEL016,MED1623,2024-08-22
V013935,DEL003,MED1632,2024-08-22
V014227,DEL032,MED1669,2024-08-22
V014637,DEL010,MED1703,2024-08-22
V015073,DEL023,MED1763,2024-08-22
V015600,DEL003,MED1815,2024-08-22
V015607,DEL016,MED1817,2024-08-22
V000844,DEL032,MED0103,2024-08-23
V002951,DEL010,MED0368,2024-08-23
V003881,DEL043,MED0471,2024-08-23
V005073,DEL042,MED0629,2024-08-23
V006570,DEL042,MED0809,2024-08-23
V006723,DEL016,MED0831,2024-08-23
V006852,DEL023,MED0846,2024-08-23
V007821,DEL015,MED0970,2024-08-23
V007924,DEL017,MED0975,2024-08-23
V008203,DEL022,MED1002,2024-08-23
V009528,DEL016,MED1159,2024-08-23
V010503,DEL013,MED1261,2024-08-23
V010784,DEL004,MED1308,2024-08-23
V011341,DEL013,MED1385,2024-08-23
V012122,DEL016,MED1455,2024-08-23
V012283,DEL026,MED1470,2024-08-23
V012522,DEL011,MED1501,2024-08-23
V012990,DEL042,MED1552,2024-08-23
V013102,DEL034,MED1564,2024-08-23
V014160,DEL029,MED1655,2024-08-23
V014445,DEL036,MED1686,2024-08-23
V014495,DEL016,MED1693,2024-08-23
V014930,DEL034,MED1746,2024-08-23
V015306,DEL018,MED1779,2024-08-23
V016600,DEL012,MED1955,2024-08-23
V000360,DEL016,MED0048,2024-08-24
V001763,DEL035,MED0215,2024-08-24
V002698,DEL030,MED0342,2024-08-24
V004059,DEL006,MED0496,2024-08-24
V004515,DEL047,MED0555,2024-08-24
V004623,DEL048,MED0572,2024-08-24
V005984,DEL033,MED0734,2024-08-24
V006056,DEL013,MED0748,2024-08-24
V006106,DEL046,MED0750,2024-08-24
V006210,DEL013,MED0758,2024-08-24
V006829,DEL045,MED0843,2024-08-24
V007630,DEL002,MED0950,2024-08-24
V008540,DEL041,MED1044,2024-08-24
V009411,DEL013,MED1134,2024-08-24
V009830,DEL047,MED1186,2024-08-24
V010090,DEL030,MED1206,2024-08-24
V011500,DEL043,MED1403,2024-08-24
V012008,DEL021,MED1446,2024-08-24
V012346,DEL041,MED1482,2024-08-24
V012548,DEL020,MED1503,2024-08-24
V012948,DEL026,MED1547,2024-08-24
V014917,DEL034,MED1746,2024-08-24
V016025,DEL017,MED1875,2024-08-24
V016520,DEL021,MED1945,2024-08-24
V000433,DEL048,MED0055,2024-08-25
V000436,DEL048,MED0055,2024-08-25
V001598,DEL013,MED0194,2024-08-25
V001611,DEL014,MED0197,2024-08-25
V001830,DEL008,MED0224,2024-08-25
V002064,DEL001,MED0266,2024-08-25
V002701,DEL030,MED0342,2024-08-25
V003468,DEL025,MED0429,2024-08-25
V005267,DEL029,MED0662,2024-08-25
V005294,DEL050,MED0665,2024-08-25
V006633,DEL033,MED0818,2024-08-25
V006968,DEL007,MED0863,2024-08-25
V007446,DEL039,MED0911,2024-08-25
V007458,DEL014,MED0918,2024-08-25
V007468,DEL036,MED0919,2024-08-25
V008456,DEL040,MED1036,2024-08-25
V008578,DEL033,MED1046,2024-08-25
V009125,DEL036,MED1102,2024-08-25
V009363,DEL046,MED1126,2024-08-25
V009819,DEL047,MED1186,2024-08-25
V010324,DEL041,MED1237,2024-08-25
V010447,DEL043,MED1248,2024-08-25
V011276,DEL015,MED1373,2024-08-25
V011348,DEL013,MED1385,2024-08-25
V011707,DEL001,MED1424,2024-08-25
V011715,DEL001,MED1424,2024-08-25
V012164,DEL038,MED1459,2024-08-25
V012172,DEL038,MED1459,2024-08-25
V012793,DEL003,MED1530,2024-08-25
V013075,DEL024,MED1563,2024-08-25
V014316,DEL015,MED1675,2024-08-25
V014628,DEL010,MED1703,2024-08-25
V014889,DEL003,MED1739,2024-08-25
V015437,DEL020,MED1797,2024-08-25
V015483,DEL049,MED1805,2024-08-25
V015762,DEL025,MED1842,2024-08-25
V016191,DEL001,MED1893,2024-08-25
V016580,DEL046,MED1952,2024-08-25
V001189,DEL009,MED0144,2024-08-26
V001288,DEL024,MED0157,2024-08-26
V002381,DEL011,MED0304,2024-08-26
V003963,DEL040,MED0480,2024-08-26
V004160,DEL033,MED0516,2024-08-26
V004346,DEL023,MED0534,2024-08-26
V004825,DEL044,MED0593,2024-08-26
V004863,DEL043,MED0599,2024-08-26
V004997,DEL006,MED0622,2024-08-26
V005871,DEL047,MED0726,2024-08-26
V006337,DEL002,MED0777,2024-08-26
V007120,DEL033,MED0881,2024-08-26
V007143,DEL025,MED0882,2024-08-26
V007472,DEL034,MED0920,2024-08-26
V007761,DEL049,MED0964,2024-08-26
V009355,DEL009,MED1122,2024-08-26
V011345,DEL013,MED1385,2024-08-26
V013219,DEL013,MED1575,2024-08-26
V013254,DEL033,MED1579,2024-08-26
V013647,DEL032,MED1609,2024-08-26
V013906,DEL013,MED1631,2024-08-26
V014425,DEL008,MED1685,2024-08-26
V015413,DEL016,MED1795,2024-08-26
V016431,DEL015,MED1933,2024-08-26
V000131,DEL020,MED0022,2024-08-27
V000247,DEL024,MED0038,2024-08-27
V000828,DEL001,MED0101,2024-08-27
V000946,DEL021,MED0113,2024-08-27
V001433,DEL006,MED0167,2024-08-27
V001949,DEL033,MED0245,2024-08-27
V002434,DEL021,MED0309,2024-08-27
V002451,DEL043,MED0310,2024-08-27
V004278,DEL005,MED0530,2024-08-27
V005689,DEL044,MED0707,2024-08-27
V006248,DEL042,MED0761,2024-08-27
V007445,DEL039,MED0911,2024-08-27
V007863,DEL034,MED0972,2024-08-27
V008649,DEL039,MED1056,2024-08-27
V009937,DEL013,MED1194,2024-08-27
V010179,DEL034,MED1220,2024-08-27
V012150,DEL029,MED1458,2024-08-27
V012609,DEL014,MED1512,2024-08-27
V013862,DEL024,MED1624,2024-08-27
V014342,DEL031,MED1676,2024-08-27
V016452,DEL031,MED1940,2024-08-27
V000171,DEL033,MED0025,2024-08-28
V001218,DEL033,MED0147,2024-08-28
V002138,DEL036,MED0273,2024-08-28
V002294,DEL045,MED0296,2024-08-28
V002792,DEL018,MED0353,2024-08-28
V002893,DEL038,MED0361,2024-08-28
V004377,DEL016,MED0540,2024-08-28
V004488,DEL016,MED0552,2024-08-28
V005719,DEL049,MED0709,2024-08-28
V005949,DEL018,MED0730,2024-08-28
V006155,DEL027,MED0752,2024-08-28
V006714,DEL006,MED0830,2024-08-28
V007669,DEL050,MED0953,2024-08-28
V008235,DEL035,MED1005,2024-08-28
V008301,DEL039,MED1014,2024-08-28
V008453,DEL040,MED1036,2024-08-28
V010008,DEL019,MED1199,2024-08-28
V010197,DEL017,MED1221,2024-08-28
V010860,DEL002,MED1325,2024-08-28
V012504,DEL007,MED1498,2024-08-28
V012669,DEL037,MED1519,2024-08-28
V012859,DEL017,MED1541,2024-08-28
V013304,DEL017,MED1584,2024-08-28
V013636,DEL020,MED1606,2024-08-28
V013950,DEL003,MED1632,2024-08-28
V014119,DEL004,MED1649,2024-08-28
V014589,DEL010,MED1699,2024-08-28
V014701,DEL014,MED1712,2024-08-28
V015475,DEL037,MED1803,2024-08-28
V015883,DEL006,MED1855,2024-08-28
V015918,DEL050,MED1860,2024-08-28
V016113,DEL011,MED1883,2024-08-28
V016271,DEL049,MED1902,2024-08-28
V000836,DEL019,MED0102,2024-09-01
V001268,DEL017,MED0149,2024-09-01
V001662,DEL039,MED0202,2024-09-01
V002643,DEL008,MED0341,2024-09-01
V002794,DEL018,MED0353,2024-09-01
V003540,DEL029,MED0436,2024-09-01
V003643,DEL043,MED0447,2024-09-01
V004135,DEL013,MED0512,2024-09-01
V004917,DEL038,MED0604,2024-09-01
V004995,DEL006,MED0622,2024-09-01
V005769,DEL014,MED0714,2024-09-01
V006892,DEL022,MED0851,2024-09-01
V006935,DEL006,MED0859,2024-09-01
V007695,DEL006,MED0957,2024-09-01
V008088,DEL047,MED0993,2024-09-01
V008160,DEL007,MED0999,2024-09-01
V008981,DEL021,MED1090,2024-09-01
V009322,DEL007,MED1119,2024-09-01
V010465,DEL032,MED1250,2024-09-01
V010910,DEL034,MED1328,2024-09-01
V011463,DEL049,MED1399,2024-09-01
V011501,DEL043,MED1403,2024-09-01
V012276,DEL026,MED1470,2024-09-01
V012769,DEL042,MED1526,2024-09-01
V013565,DEL045,MED1601,2024-09-01
V014559,DEL018,MED1698,2024-09-01
V014622,DEL009,MED1702,2024-09-01
V000498,DEL007,MED0059,2024-09-02
V000526,DEL038,MED0063,2024-09-02
V000610,DEL021,MED0070,2024-09-02
V000983,DEL013,MED0117,2024-09-02
V001653,DEL035,MED0201,2024-09-02
V002174,DEL017,MED0279,2024-09-02
V002263,DEL040,MED0290,2024-09-02
V002292,DEL045,MED0296,2024-09-02
V002663,DEL008,MED0341,2024-09-02
V004004,DEL015,MED0486,2024-09-02
V005797,DEL027,MED0719,2024-09-02
V006140,DEL048,MED0751,2024-09-02
V006535,DEL028,MED0803,2024-09-02
V006763,DEL038,MED0834,2024-09-02
V007237,DEL041,MED0892,2024-09-02
V007408,DEL021,MED0908,2024-09-02
V008267,DEL005,MED1008,2024-09-02
V008463,DEL040,MED1036,2024-09-02
V008492,DEL010,MED1038,2024-09-02
V008965,DEL031,MED1089,2024-09-02
V009013,DEL035,MED1091,2024-09-02
V009066,DEL006,MED1096,2024-09-02
V010989,DEL001,MED1347,2024-09-02
V013147,DEL023,MED1569,2024-09-02
V013391,DEL027,MED1589,2024-09-02
V013977,DEL018,MED1633,2024-09-02
V015020,DEL049,MED1756,2024-09-02
V015101,DEL023,MED1768,2024-09-02
V015567,DEL041,MED1809,2024-09-02
V016295,DEL029,MED1906,2024-09-02
V016324,DEL007,MED1912,2024-09-02
V016837,DEL001,MED1984,2024-09-02
V000016,DEL039,MED0003,2024-09-03
V000424,DEL045,MED0054,2024-09-03
V001117,DEL033,MED0134,2024-09-03
V001404,DEL041,MED0165,2024-09-03
V001753,DEL016,MED0214,2024-09-03
V001983,DEL004,MED0246,2024-09-03
V002017,DEL019,MED0250,2024-09-03
V002043,DEL039,MED0258,2024-09-03
V004309,DEL027,MED0532,2024-09-03
V004378,DEL016,MED0540,2024-09-03
V004470,DEL020,MED0549,2024-09-03
V004886,DEL026,MED0600,2024-09-03
V004937,DEL007,MED0613,2024-09-03
V005336,DEL045,MED0670,2024-09-03
V006864,DEL023,MED0846,2024-09-03
V007165,DEL003,MED0885,2024-09-03
V008149,DEL028,MED0998,2024-09-03
V009139,DEL036,MED1102,2024-09-03
V009977,DEL045,MED1196,2024-09-03
V010466,DEL032,MED1250,2024-09-03
V010759,DEL038,MED1305,2024-09-03
V011185,DEL034,MED1367,2024-09-03
V013761,DEL032,MED1620,2024-09-03
V014289,DEL002,MED1674,2024-09-03
V014728,DEL017,MED1715,2024-09-03
V014878,DEL001,MED1736,2024-09-03
V015327,DEL035,MED1783,2024-09-03
V015538,DEL038,MED1808,2024-09-03
V015617,DEL009,MED1818,2024-09-03
V000659,DEL001,MED0076,2024-09-04
V000733,DEL043,MED0085,2024-09-04
V000890,DEL049,MED0108,2024-09-04
V001549,DEL048,MED0191,2024-09-04
V001837,DEL008,MED0224,2024-09-04
V002076,DEL008,MED0269,2024-09-04
V003204,DEL019,MED0396,2024-09-04
V003685,DEL015,MED0449,2024-09-04
V004410,DEL018,MED0543,2024-09-04
V004471,DEL020,MED0549,2024-09-04
V004494,DEL010,MED0553,2024-09-04
V004744,DEL026,MED0581,2024-09-04
V005378,DEL026,MED0673,2024-09-04
V006934,DEL006,MED0859,2024-09-04
V007167,DEL003,MED0885,2024-09-04
V007659,DEL050,MED0953,2024-09-04
V008787,DEL019,MED1073,2024-09-04
V010109,DEL005,MED1208,2024-09-04
V011818,DEL044,MED1435,2024-09-04
V012356,DEL013,MED1484,2024-09-04
V012608,DEL014,MED1512,2024-09-04
V013976,DEL018,MED1633,2024-09-04
V015200,DEL024,MED1775,2024-09-04
V015668,DEL044,MED1825,2024-09-04
V015712,DEL049,MED1835,2024-09-04
V016115,DEL011,MED1883,2024-09-04
V000162,DEL033,MED0023,2024-09-05
V000734,DEL043,MED0085,2024-09-05
V001923,DEL023,MED0235,2024-09-05
V002096,DEL041,MED0271,2024-09-05
V002368,DEL034,MED0301,2024-09-05
V002467,DEL041,MED0313,2024-09-05
V002642,DEL008,MED0341,2024-09-05
V003156,DEL018,MED0388,2024-09-05
V003423,DEL020,MED0422,2024-09-05
V003608,DEL002,MED0444,2024-09-05
V004567,DEL030,MED0559,2024-09-05
V005141,DEL019,MED0642,2024-09-05
V005677,DEL034,MED0705,2024-09-05
V007204,DEL003,MED0886,2024-09-05
V008015,DEL035,MED0986,2024-09-05
V008511,DEL033,MED1041,2024-09-05
V009446,DEL032,MED1140,2024-09-05
V009903,DEL041,MED1193,2024-09-05
V010538,DEL016,MED1269,2024-09-05
V010827,DEL049,MED1313,2024-09-05
V012222,DEL041,MED1464,2024-09-05
V012254,DEL020,MED1468,2024-09-05
V012324,DEL042,MED1476,2024-09-05
V012712,DEL002,MED1521,2024-09-05
V013224,DEL013,MED1575,2024-09-05
V013745,DEL014,MED1617,2024-09-05
V015582,DEL035,MED1810,2024-09-05
V016769,DEL001,MED1975,2024-09-05
V016777,DEL011,MED1977,2024-09-05
V001124,DEL033,MED0134,2024-09-06
V001126,DEL033,MED0134,2024-09-06
V001589,DEL030,MED0193,2024-09-06
V002075,DEL008,MED0269,2024-09-06
V002655,DEL008,MED0341,2024-09-06
V002829,DEL039,MED0354,2024-09-06
V003325,DEL050,MED0406,2024-09-06
V003596,DEL001,MED0442,2024-09-06
V003911,DEL007,MED0475,2024-09-06
V003917,DEL007,MED0475,2024-09-06
V004302,DEL027,MED0532,2024-09-06
V005190,DEL039,MED0650,2024-09-06
V005685,DEL044,MED0707,2024-09-06
V006097,DEL046,MED0750,2024-09-06
V007418,DEL030,MED0909,2024-09-06
V008263,DEL008,MED1007,2024-09-06
V008886,DEL009,MED1079,2024-09-06
V009325,DEL007,MED1119,2024-09-06
V009602,DEL047,MED1167,2024-09-06
V009883,DEL009,MED1188,2024-09-06
V010083,DEL019,MED1205,2024-09-06
V011072,DEL031,MED1359,2024-09-06
V011299,DEL048,MED1376,2024-09-06
V012341,DEL015,MED1480,2024-09-06
V012719,DEL002,MED1521,2024-09-06
V012860,DEL017,MED1541,2024-09-06
V013534,DEL049,MED1600,2024-09-06
V013909,DEL013,MED1631,2024-09-06
V014292,DEL002,MED1674,2024-09-06
V014444,DEL036,MED1686,2024-09-06
V014969,DEL012,MED1749,2024-09-06
V015652,DEL011,MED1822,2024-09-06
V000781,DEL041,MED0093,2024-09-07
V001025,DEL008,MED0125,2024-09-07
V002405,DEL010,MED0308,2024-09-07
V002735,DEL008,MED0345,2024-09-07
V004499,DEL017,MED0554,2024-09-07
V005006,DEL006,MED0622,2024-09-07
V005363,DEL027,MED0672,2024-09-07
V010552,DEL041,MED1271,2024-09-07
V010843,DEL009,MED1318,2024-09-07
V011178,DEL034,MED1367,2024-09-07
V011420,DEL019,MED1394,2024-09-07
V012281,DEL026,MED1470,2024-09-07
V012475,DEL023,MED1497,2024-09-07
V012560,DEL020,MED1503,2024-09-07
V012588,DEL036,MED1506,2024-09-07
V013056,DEL001,MED1562,2024-09-07
V014370,DEL012,MED1677,2024-09-07
V015180,DEL044,MED1772,2024-09-07
V015837,DEL011,MED1853,2024-09-07
V016172,DEL025,MED1891,2024-09-07
V016365,DEL050,MED1924,2024-09-07
V016428,DEL015,MED1933,2024-09-07
V016640,DEL021,MED1958,2024-09-07
V000169,DEL021,MED0024,2024-09-08
V000432,DEL048,MED0055,2024-09-08
V000707,DEL011,MED0083,2024-09-08
V002980,DEL023,MED0373,2024-09-08
V004624,DEL048,MED0572,2024-09-08
V005077,DEL042,MED0629,2024-09-08
V005712,DEL049,MED0709,2024-09-08
V005736,DEL039,MED0713,2024-09-08
V007040,DEL029,MED0868,2024-09-08
V007087,DEL039,MED0877,2024-09-08
V007375,DEL005,MED0905,2024-09-08
V007434,DEL044,MED0910,2024-09-08
V007937,DEL041,MED0978,2024-09-08
V008400,DEL020,MED1032,2024-09-08
V009117,DEL025,MED1101,2024-09-08
V010565,DEL033,MED1274,2024-09-08
V011347,DEL013,MED1385,2024-09-08
V011833,DEL044,MED1435,2024-09-08
V012672,DEL037,MED1519,2024-09-08
V012703,DEL002,MED1521,2024-09-08
V012981,DEL013,MED1551,2024-09-08
V014599,DEL020,MED1700,2024-09-08
V014792,DEL016,MED1720,2024-09-08
V014894,DEL002,MED1741,2024-09-08
V015082,DEL046,MED1764,2024-09-08
V015846,DEL026,MED1854,2024-09-08
V016225,DEL037,MED1894,2024-09-08
V016843,DEL001,MED1984,2024-09-08
V001177,DEL020,MED0138,2024-09-09
V001710,DEL040,MED0210,2024-09-09
V002971,DEL039,MED0369,2024-09-09
V003564,DEL033,MED0439,2024-09-09
V005404,DEL046,MED0674,2024-09-09
V005681,DEL044,MED0707,2024-09-09
V006512,DEL047,MED0801,2024-09-09
V007236,DEL041,MED0892,2024-09-09
V007249,DEL014,MED0893,2024-09-09
V007373,DEL005,MED0905,2024-09-09
V008879,DEL016,MED1078,2024-09-09
V008923,DEL006,MED1087,2024-09-09
V009507,DEL022,MED1155,2024-09-09
V009860,DEL018,MED1187,2024-09-09
V010046,DEL033,MED1200,2024-09-09
V012474,DEL023,MED1497,2024-09-09
V012559,DEL020,MED1503,2024-09-09
V013389,DEL027,MED1589,2024-09-09
V013398,DEL027,MED1589,2024-09-09
V014926,DEL034,MED1746,2024-09-09
V015328,DEL035,MED1783,2024-09-09
V015351,DEL035,MED1787,2024-09-09
V015363,DEL015,MED1789,2024-09-09
V000522,DEL038,MED0063,2024-09-10
V001527,DEL031,MED0190,2024-09-10
V001953,DEL033,MED0245,2024-09-10
V002223,DEL007,MED0287,2024-09-10
V002787,DEL018,MED0353,2024-09-10
V003827,DEL038,MED0466,2024-09-10
V004298,DEL027,MED0532,2024-09-10
V004572,DEL026,MED0560,2024-09-10
V004669,DEL018,MED0573,2024-09-10
V005129,DEL024,MED0639,2024-09-10
V005212,DEL012,MED0654,2024-09-10
V006271,DEL011,MED0766,2024-09-10
V007163,DEL029,MED0883,2024-09-10
V007340,DEL035,MED0899,2024-09-10
V007613,DEL006,MED0946,2024-09-10
V007727,DEL027,MED0962,2024-09-10
V007969,DEL009,MED0981,2024-09-10
V008191,DEL019,MED1001,2024-09-10
V008484,DEL018,MED1037,2024-09-10
V008543,DEL041,MED1044,2024-09-10
V009143,DEL036,MED1102,2024-09-10
V009454,DEL026,MED1141,2024-09-10
V010675,DEL050,MED1288,2024-09-10
V010706,DEL009,MED1295,2024-09-10
V012743,DEL013,MED1523,2024-09-10
V013619,DEL012,MED1605,2024-09-10
V014069,DEL047,MED1644,2024-09-10
V015067,DEL003,MED1759,2024-09-10
V015550,DEL041,MED1809,2024-09-10
V001029,DEL008,MED0125,2024-09-11
V001526,DEL031,MED0190,2024-09-11
V002039,DEL050,MED0257,2024-09-11
V002229,DEL007,MED0287,2024-09-11
V002390,DEL042,MED0305,2024-09-11
V003230,DEL023,MED0398,2024-09-11
V004908,DEL030,MED0603,2024-09-11
V005310,DEL036,MED0666,2024-09-11
V005768,DEL014,MED0714,2024-09-11
V006380,DEL006,MED0786,2024-09-11
V007280,DEL043,MED0895,2024-09-11
V007457,DEL031,MED0917,2024-09-11
V007511,DEL030,MED0926,2024-09-11
V007880,DEL034,MED0972,2024-09-11
V008034,DEL044,MED0989,2024-09-11
V008279,DEL049,MED1011,2024-09-11
V009011,DEL035,MED1091,2024-09-11
V010102,DEL046,MED1207,2024-09-11
V010367,DEL050,MED1241,2024-09-11
V011287,DEL042,MED1374,2024-09-11
V011395,DEL048,MED1391,2024-09-11
V012994,DEL009,MED1553,2024-09-11
V013394,DEL027,MED1589,2024-09-11
V015305,DEL018,MED1779,2024-09-11
V015824,DEL004,MED1851,2024-09-11
V016024,DEL017,MED1875,2024-09-11
V016072,DEL001,MED1876,2024-09-11
V016490,DEL002,MED1944,2024-09-11
V016556,DEL046,MED1950,2024-09-11
V000457,DEL002,MED0058,2024-09-12
V000696,DEL020,MED0081,2024-09-12
V001023,DEL008,MED0125,2024-09-12
V002884,DEL019,MED0359,2024-09-12
V004187,DEL013,MED0522,2024-09-12
V004548,DEL034,MED0557,2024-09-12
V004657,DEL018,MED0573,2024-09-12
V004957,DEL008,MED0618,2024-09-12
V005993,DEL033,MED0734,2024-09-12
V006022,DEL030,MED0739,2024-09-12
V006630,DEL033,MED0818,2024-09-12
V007145,DEL025,MED0882,2024-09-12
V007690,DEL006,MED0957,2024-09-12
V010236,DEL026,MED1222,2024-09-12
V010545,DEL035,MED1270,2024-09-12
V010652,DEL038,MED1286,2024-09-12
V012481,DEL023,MED1497,2024-09-12
V013495,DEL003,MED1593,2024-09-12
V014029,DEL043,MED1641,2024-09-12
V014035,DEL043,MED1641,2024-09-12
V014379,DEL043,MED1678,2024-09-12
V015378,DEL022,MED1792,2024-09-12
V016642,DEL021,MED1958,2024-09-12
V016700,DEL009,MED1971,2024-09-12
V000138,DEL020,MED0022,2024-09-13
V000762,DEL024,MED0090,2024-09-13
V001088,DEL013,MED0129,2024-09-13
V001683,DEL034,MED0206,2024-09-13
V002468,DEL041,MED0313,2024-09-13
V003311,DEL050,MED0406,2024-09-13
V003704,DEL049,MED0452,2024-09-13
V005409,DEL046,MED0674,2024-09-13
V005851,DEL031,MED0725,2024-09-13
V005909,DEL029,MED0729,2024-09-13
V006566,DEL025,MED0807,2024-09-13
V006938,DEL006,MED0859,2024-09-13
V008670,DEL049,MED1058,2024-09-13
V008737,DEL019,MED1070,2024-09-13
V009491,DEL050,MED1149,2024-09-13
V010743,DEL025,MED1301,2024-09-13
V011024,DEL008,MED1355,2024-09-13
V012397,DEL009,MED1491,2024-09-13
V012887,DEL049,MED1542,2024-09-13
V013375,DEL004,MED1588,2024-09-13
V000594,DEL022,MED0069,2024-09-14
V000605,DEL021,MED0070,2024-09-14
V001701,DEL040,MED0210,2024-09-14
V002846,DEL050,MED0356,2024-09-14
V003838,DEL003,MED0467,2024-09-14
V005171,DEL008,MED0649,2024-09-14
V005668,DEL018,MED0703,2024-09-14
V005809,DEL027,MED0719,2024-09-14
V006641,DEL033,MED0818,2024-09-14
V006709,DEL006,MED0830,2024-09-14
V007425,DEL030,MED0909,2024-09-14
V007482,DEL010,MED0921,2024-09-14
V008983,DEL021,MED1090,2024-09-14
V009998,DEL019,MED1199,2024-09-14
V010393,DEL020,MED1243,2024-09-14
V010514,DEL041,MED1263,2024-09-14
V010852,DEL023,MED1323,2024-09-14
V011001,DEL032,MED1349,2024-09-14
V011646,DEL046,MED1419,2024-09-14
V012169,DEL038,MED1459,2024-09-14
V012288,DEL026,MED1470,2024-09-14
V012916,DEL016,MED1543,2024-09-14
V013665,DEL039,MED1612,2024-09-14
V014163,DEL029,MED1655,2024-09-14
V016783,DEL011,MED1977,2024-09-14
V000354,DEL016,MED0048,2024-09-15
V000877,DEL049,MED0108,2024-09-15
V001208,DEL024,MED0146,2024-09-15
V001836,DEL008,MED0224,2024-09-15
V001842,DEL008,MED0224,2024-09-15
V002135,DEL036,MED0273,2024-09-15
V003134,DEL033,MED0387,2024-09-15
V003484,DEL014,MED0431,2024-09-15
V003542,DEL029,MED0436,2024-09-15
V004963,DEL004,MED0619,2024-09-15
V005405,DEL046,MED0674,2024-09-15
V005556,DEL030,MED0690,2024-09-15
V006501,DEL001,MED0799,2024-09-15
V007226,DEL041,MED0891,2024-09-15
V008839,DEL023,MED1076,2024-09-15
V008912,DEL006,MED1087,2024-09-15
V008963,DEL031,MED1089,2024-09-15
V009564,DEL033,MED1165,2024-09-15
V014332,DEL031,MED1676,2024-09-15
V014457,DEL011,MED1687,2024-09-15
V014973,DEL012,MED1749,2024-09-15
V016118,DEL011,MED1883,2024-09-15
V016391,DEL025,MED1931,2024-09-15
V016813,DEL029,MED1979,2024-09-15
V000398,DEL018,MED0050,2024-09-16
V000425,DEL045,MED0054,2024-09-16
V001034,DEL008,MED0125,2024-09-16
V001234,DEL033,MED0147,2024-09-16
V001506,DEL043,MED0184,2024-09-16
V001604,DEL014,MED0197,2024-09-16
V002325,DEL036,MED0298,2024-09-16
V002699,DEL030,MED0342,2024-09-16
V002705,DEL030,MED0342,2024-09-16
V002740,DEL008,MED0345,2024-09-16
V003549,DEL011,MED0437,2024-09-16
V003609,DEL002,MED0444,2024-09-16
V004115,DEL049,MED0509,2024-09-16
V004185,DEL046,MED0520,2024-09-16
V006067,DEL013,MED0748,2024-09-16
V006484,DEL035,MED0796,2024-09-16
V006534,DEL028,MED0803,2024-09-16
V007247,DEL014,MED0893,2024-09-16
V007410,DEL021,MED0908,2024-09-16
V007798,DEL024,MED0968,2024-09-16
V007966,DEL023,MED0979,2024-09-16
V008082,DEL032,MED0992,2024-09-16
V008085,DEL047,MED0993,2024-09-16
V010978,DEL031,MED1341,2024-09-16
V011987,DEL021,MED1446,2024-09-16
V012886,DEL049,MED1542,2024-09-16
V012927,DEL018,MED1545,2024-09-16
V014829,DEL006,MED1729,2024-09-16
V014852,DEL022,MED1734,2024-09-16
V014922,DEL034,MED1746,2024-09-16
V015348,DEL035,MED1787,2024-09-16
V015664,DEL044,MED1825,2024-09-16
V000765,DEL024,MED0090,2024-09-17
V001946,DEL045,MED0242,2024-09-17
V002025,DEL041,MED0251,2024-09-17
V002770,DEL033,MED0351,2024-09-17
V004296,DEL027,MED0532,2024-09-17
V004597,DEL035,MED0566,2024-09-17
V005101,DEL022,MED0635,2024-09-17
V006195,DEL018,MED0757,2024-09-17
V006485,DEL035,MED0796,2024-09-17
V006610,DEL003,MED0813,2024-09-17
V006791,DEL031,MED0837,2024-09-17
V007140,DEL025,MED0882,2024-09-17
V007662,DEL050,MED0953,2024-09-17
V008131,DEL014,MED0995,2024-09-17
V009287,DEL026,MED1113,2024-09-17
V011530,DEL022,MED1405,2024-09-17
V011618,DEL003,MED1415,2024-09-17
V011696,DEL021,MED1423,2024-09-17
V012001,DEL021,MED1446,2024-09-17
V012219,DEL041,MED1464,2024-09-17
V013441,DEL048,MED1591,2024-09-17
V013456,DEL018,MED1592,2024-09-17
V014115,DEL004,MED1649,2024-09-17
V015923,DEL050,MED1860,2024-09-17
V016077,DEL001,MED1876,2024-09-17
V000135,DEL020,MED0022,2024-09-18
V002136,DEL036,MED0273,2024-09-18
V003150,DEL018,MED0388,2024-09-18
V003749,DEL034,MED0456,2024-09-18
V003778,DEL014,MED0457,2024-09-18
V004521,DEL047,MED0555,2024-09-18
V004910,DEL030,MED0603,2024-09-18
V004967,DEL004,MED0619,2024-09-18
V005138,DEL019,MED0642,2024-09-18
V005775,DEL014,MED0714,2024-09-18
V006790,DEL031,MED0837,2024-09-18
V008497,DEL016,MED1039,2024-09-18
V008531,DEL031,MED1042,2024-09-18
V009093,DEL020,MED1098,2024-09-18
V009377,DEL023,MED1127,2024-09-18
V010130,DEL047,MED1212,2024-09-18
V010968,DEL021,MED1339,2024-09-18
V012485,DEL023,MED1497,2024-09-18
V012688,DEL036,MED1520,2024-09-18
V013670,DEL010,MED1615,2024-09-18
V014206,DEL029,MED1661,2024-09-18
V014258,DEL026,MED1673,2024-09-18
V015087,DEL046,MED1764,2024-09-18
V015388,DEL027,MED1793,2024-09-18
V016506,DEL021,MED1945,2024-09-18
V016814,DEL029,MED1979,2024-09-18
V000787,DEL041,MED0093,2024-09-19
V000971,DEL008,MED0114,2024-09-19
V002072,DEL036,MED0268,2024-09-19
V002151,DEL013,MED0275,2024-09-19
V003210,DEL019,MED0396,2024-09-19
V004376,DEL016,MED0540,2024-09-19
V004413,DEL018,MED0543,2024-09-19
V004653,DEL018,MED0573,2024-09-19
V005330,DEL027,MED0669,2024-09-19
V005600,DEL001,MED0699,2024-09-19
V005954,DEL018,MED0730,2024-09-19
V006527,DEL028,MED0803,2024-09-19
V006993,DEL025,MED0865,2024-09-19
V007385,DEL005,MED0905,2024-09-19
V008354,DEL015,MED1024,2024-09-19
V008380,DEL030,MED1029,2024-09-19
V008483,DEL018,MED1037,2024-09-19
V010145,DEL044,MED1214,2024-09-19
V011350,DEL013,MED1385,2024-09-19
V011829,DEL044,MED1435,2024-09-19
V013142,DEL023,MED1569,2024-09-19
V014331,DEL031,MED1676,2024-09-19
V014408,DEL040,MED1679,2024-09-19
V015389,DEL027,MED1793,2024-09-19
V016023,DEL017,MED1875,2024-09-19
V016672,DEL009,MED1961,2024-09-19
V001586,DEL030,MED0193,2024-09-20
V001912,DEL035,MED0233,2024-09-20
V002559,DEL046,MED0325,2024-09-20
V003625,DEL018,MED0446,2024-09-20
V003960,DEL040,MED0480,2024-09-20
V004178,DEL018,MED0518,2024-09-20
V008236,DEL035,MED1005,2024-09-20
V009967,DEL027,MED1195,2024-09-20
V010527,DEL017,MED1266,2024-09-20
V011753,DEL048,MED1430,2024-09-20
V013295,DEL017,MED1584,2024-09-20
V013361,DEL015,MED1587,2024-09-20
V013908,DEL013,MED1631,2024-09-20
V014235,DEL035,MED1670,2024-09-20
V014237,DEL035,MED1670,2024-09-20
V014666,DEL004,MED1705,2024-09-20
V015096,DEL049,MED1765,2024-09-20
V015879,DEL006,MED1855,2024-09-20
V016101,DEL009,MED1879,2024-09-20
V000931,DEL021,MED0113,2024-09-21
V001952,DEL033,MED0245,2024-09-21
V002284,DEL014,MED0295,2024-09-21
V002703,DEL030,MED0342,2024-09-21
V003107,DEL002,MED0386,2024-09-21
V003155,DEL018,MED0388,2024-09-21
V005521,DEL050,MED0687,2024-09-21
V005757,DEL014,MED0714,2024-09-21
V005842,DEL048,MED0724,2024-09-21
V005941,DEL018,MED0730,2024-09-21
V006839,DEL006,MED0845,2024-09-21
V007758,DEL049,MED0964,2024-09-21
V009995,DEL019,MED1199,2024-09-21
V010265,DEL018,MED1225,2024-09-21
V011708,DEL001,MED1424,2024-09-21
V012003,DEL021,MED1446,2024-09-21
V012336,DEL016,MED1477,2024-09-21
V013572,DEL045,MED1601,2024-09-21
V014094,DEL030,MED1647,2024-09-21
V014319,DEL015,MED1675,2024-09-21
V014449,DEL036,MED1686,2024-09-21
V015136,DEL035,MED1769,2024-09-21
V016492,DEL002,MED1944,2024-09-21
V001285,DEL024,MED0157,2024-09-22
V002593,DEL047,MED0332,2024-09-22
V002843,DEL050,MED0356,2024-09-22
V003481,DEL014,MED0431,2024-09-22
V005289,DEL050,MED0665,2024-09-22
V007251,DEL014,MED0893,2024-09-22
V007603,DEL024,MED0942,2024-09-22
V007765,DEL049,MED0964,2024-09-22
V008716,DEL038,MED1065,2024-09-22
V008860,DEL049,MED1077,2024-09-22
V009854,DEL018,MED1187,2024-09-22
V010120,DEL038,MED1209,2024-09-22
V012089,DEL006,MED1451,2024-09-22
V012383,DEL009,MED1491,2024-09-22
V012456,DEL022,MED1493,2024-09-22
V014668,DEL004,MED1705,2024-09-22
V016633,DEL021,MED1958,2024-09-22
V000172,DEL033,MED0025,2024-09-23
V001314,DEL036,MED0158,2024-09-23
V001448,DEL041,MED0168,2024-09-23
V002499,DEL033,MED0318,2024-09-23
V005064,DEL006,MED0628,2024-09-23
V006292,DEL021,MED0769,2024-09-23
V006400,DEL021,MED0788,2024-09-23
V006885,DEL031,MED0848,2024-09-23
V007979,DEL020,MED0982,2024-09-23
V008623,DEL049,MED1052,2024-09-23
V008989,DEL021,MED1090,2024-09-23
V009198,DEL030,MED1104,2024-09-23
V009625,DEL022,MED1170,2024-09-23
V010420,DEL032,MED1244,2024-09-23
V010569,DEL023,MED1275,2024-09-23
V010651,DEL038,MED1286,2024-09-23
V012256,DEL020,MED1468,2024-09-23
V012382,DEL009,MED1491,2024-09-23
V012463,DEL023,MED1494,2024-09-23
V012529,DEL011,MED1501,2024-09-23
V013869,DEL024,MED1624,2024-09-23
V015014,DEL049,MED1756,2024-09-23
V015024,DEL049,MED1756,2024-09-23
V016353,DEL026,MED1921,2024-09-23
V016701,DEL009,MED1971,2024-09-23
V000008,DEL041,MED0001,2024-09-24
V000019,DEL020,MED0004,2024-09-24
V000357,DEL016,MED0048,2024-09-24
V000608,DEL021,MED0070,2024-09-24
V002379,DEL011,MED0304,2024-09-24
V002517,DEL048,MED0321,2024-09-24
V003385,DEL034,MED0412,2024-09-24
V004058,DEL006,MED0496,2024-09-24
V004864,DEL043,MED0599,2024-09-24
V005358,DEL027,MED0672,2024-09-24
V006579,DEL043,MED0811,2024-09-24
V008039,DEL044,MED0989,2024-09-24
V008803,DEL042,MED1075,2024-09-24
V010121,DEL038,MED1209,2024-09-24
V010206,DEL017,MED1221,2024-09-24
V011495,DEL046,MED1402,2024-09-24
V013713,DEL010,MED1616,2024-09-24
V015004,DEL018,MED1754,2024-09-24
V015077,DEL023,MED1763,2024-09-24
V015588,DEL035,MED1812,2024-09-24
V015912,DEL050,MED1860,2024-09-24
V015968,DEL029,MED1864,2024-09-24
V015990,DEL044,MED1867,2024-09-24
V000355,DEL016,MED0048,2024-09-25
V002208,DEL016,MED0285,2024-09-25
V002413,DEL010,MED0308,2024-09-25
V002582,DEL014,MED0329,2024-09-25
V003418,DEL002,MED0419,2024-09-25
V003770,DEL014,MED0457,2024-09-25
V003945,DEL042,MED0478,2024-09-25
V004266,DEL041,MED0528,2024-09-25
V004612,DEL028,MED0570,2024-09-25
V004749,DEL026,MED0581,2024-09-25
V005076,DEL042,MED0629,2024-09-25
V005339,DEL045,MED0670,2024-09-25
V005791,DEL037,MED0715,2024-09-25
V005798,DEL027,MED0719,2024-09-25
V005956,DEL018,MED0730,2024-09-25
V006264,DEL030,MED0765,2024-09-25
V007833,DEL015,MED0970,2024-09-25
V009624,DEL022,MED1170,2024-09-25
V010125,DEL009,MED1210,2024-09-25
V010170,DEL007,MED1218,2024-09-25
V011225,DEL046,MED1369,2024-09-25
V011408,DEL001,MED1392,2024-09-25
V011933,DEL014,MED1439,2024-09-25
V012499,DEL007,MED1498,2024-09-25
V013077,DEL024,MED1563,2024-09-25
V014754,DEL048,MED1717,2024-09-25
V015094,DEL049,MED1765,2024-09-25
V015299,DEL018,MED1779,2024-09-25
V000753,DEL049,MED0088,2024-09-26
V000810,DEL042,MED0094,2024-09-26
V000812,DEL042,MED0094,2024-09-26
V000883,DEL049,MED0108,2024-09-26
V001841,DEL008,MED0224,2024-09-26
V002707,DEL030,MED0342,2024-09-26
V002737,DEL008,MED0345,2024-09-26
V005164,DEL010,MED0647,2024-09-26
V005422,DEL007,MED0675,2024-09-26
V005756,DEL014,MED0714,2024-09-26
V006066,DEL013,MED0748,2024-09-26
V006576,DEL043,MED0811,2024-09-26
V006795,DEL031,MED0837,2024-09-26
V007514,DEL030,MED0926,2024-09-26
V007985,DEL023,MED0983,2024-09-26
V010110,DEL005,MED1208,2024-09-26
V010149,DEL044,MED1214,2024-09-26
V010449,DEL043,MED1248,2024-09-26
V010679,DEL050,MED1288,2024-09-26
V011603,DEL045,MED1414,2024-09-26
V011758,DEL048,MED1430,2024-09-26
V012225,DEL041,MED1464,2024-09-26
V012853,DEL017,MED1541,2024-09-26
V013466,DEL018,MED1592,2024-09-26
V015473,DEL037,MED1803,2024-09-26
V015976,DEL029,MED1864,2024-09-26
V000299,DEL049,MED0042,2024-09-27
V001980,DEL004,MED0246,2024-09-27
V002133,DEL036,MED0273,2024-09-27
V003284,DEL011,MED0404,2024-09-27
V004208,DEL003,MED0523,2024-09-27
V006065,DEL013,MED0748,2024-09-27
V006611,DEL049,MED0815,2024-09-27
V006843,DEL006,MED0845,2024-09-27
V007105,DEL040,MED0879,2024-09-27
V007327,DEL002,MED0897,2024-09-27
V008676,DEL049,MED1058,2024-09-27
V009120,DEL025,MED1101,2024-09-27
V009799,DEL048,MED1185,2024-09-27
V010203,DEL017,MED1221,2024-09-27
V010873,DEL010,MED1326,2024-09-27
V011633,DEL036,MED1418,2024-09-27
V012054,DEL031,MED1449,2024-09-27
V013436,DEL048,MED1591,2024-09-27
V013658,DEL007,MED1610,2024-09-27
V013715,DEL010,MED1616,2024-09-27
V013948,DEL003,MED1632,2024-09-27
V015060,DEL005,MED1758,2024-09-27
V015417,DEL016,MED1795,2024-09-27
V015592,DEL035,MED1812,2024-09-27
V016039,DEL017,MED1875,2024-09-27
V016913,DEL023,MED2000,2024-09-27
V002727,DEL008,MED0345,2024-09-28
V003045,DEL049,MED0382,2024-09-28
V003281,DEL011,MED0404,2024-09-28
V004052,DEL006,MED0496,2024-09-28
V004887,DEL026,MED0600,2024-09-28
V006213,DEL013,MED0758,2024-09-28
V006265,DEL030,MED0765,2024-09-28
V007178,DEL003,MED0885,2024-09-28
V008288,DEL023,MED1012,2024-09-28
V009439,DEL018,MED1139,2024-09-28
V010489,DEL001,MED1259,2024-09-28
V010962,DEL044,MED1337,2024-09-28
V011639,DEL046,MED1419,2024-09-28
V012553,DEL020,MED1503,2024-09-28
V013068,DEL024,MED1563,2024-09-28
V013652,DEL032,MED1609,2024-09-28
V016550,DEL011,MED1948,2024-09-28
V016597,DEL012,MED1955,2024-09-28
V016702,DEL009,MED1971,2024-09-28
V000274,DEL018,MED0040,2024-10-01
V000505,DEL032,MED0060,2024-10-01
V000510,DEL047,MED0062,2024-10-01
V000524,DEL038,MED0063,2024-10-01
V000677,DEL029,MED0078,2024-10-01
V000885,DEL049,MED0108,2024-10-01
V000944,DEL021,MED0113,2024-10-01
V002918,DEL019,MED0365,2024-10-01
V003061,DEL013,MED0383,2024-10-01
V003074,DEL013,MED0383,2024-10-01
V003571,DEL033,MED0439,2024-10-01
V003747,DEL034,MED0456,2024-10-01
V004006,DEL015,MED0486,2024-10-01
V004237,DEL039,MED0527,2024-10-01
V005088,DEL002,MED0630,2024-10-01
V005658,DEL033,MED0702,2024-10-01
V005801,DEL027,MED0719,2024-10-01
V006382,DEL006,MED0786,2024-10-01
V006478,DEL035,MED0796,2024-10-01
V007095,DEL015,MED0878,2024-10-01
V007416,DEL030,MED0909,2024-10-01
V007766,DEL049,MED0964,2024-10-01
V008210,DEL022,MED1002,2024-10-01
V008382,DEL030,MED1029,2024-10-01
V008639,DEL034,MED1054,2024-10-01
V009170,DEL039,MED1103,2024-10-01
V010410,DEL032,MED1244,2024-10-01
V010622,DEL048,MED1284,2024-10-01
V011174,DEL034,MED1367,2024-10-01
V011589,DEL018,MED1412,2024-10-01
V011821,DEL044,MED1435,2024-10-01
V011951,DEL033,MED1440,2024-10-01
V012389,DEL009,MED1491,2024-10-01
V014832,DEL006,MED1729,2024-10-01
V014963,DEL012,MED1749,2024-10-01
V015295,DEL018,MED1779,2024-10-01
V015367,DEL015,MED1789,2024-10-01
V016218,DEL037,MED1894,2024-10-01
V000032,DEL010,MED0010,2024-10-02
V000986,DEL024,MED0118,2024-10-02
V001098,DEL009,MED0130,2024-10-02
V003063,DEL013,MED0383,2024-10-02
V003638,DEL043,MED0447,2024-10-02
V003653,DEL043,MED0447,2024-10-02
V003869,DEL025,MED0469,2024-10-02
V003919,DEL007,MED0475,2024-10-02
V004041,DEL028,MED0494,2024-10-02
V004122,DEL047,MED0510,2024-10-02
V005534,DEL008,MED0688,2024-10-02
V005935,DEL018,MED0730,2024-10-02
V006628,DEL033,MED0818,2024-10-02
V007938,DEL041,MED0978,2024-10-02
V008051,DEL012,MED0991,2024-10-02
V008060,DEL012,MED0991,2024-10-02
V008410,DEL020,MED1032,2024-10-02
V008640,DEL034,MED1054,2024-10-02
V008706,DEL016,MED1064,2024-10-02
V008807,DEL042,MED1075,2024-10-02
V010957,DEL028,MED1335,2024-10-02
V010991,DEL001,MED1347,2024-10-02
V012852,DEL017,MED1541,2024-10-02
V013138,DEL023,MED1569,2024-10-02
V013146,DEL023,MED1569,2024-10-02
V014562,DEL018,MED1698,2024-10-02
V015347,DEL035,MED1787,2024-10-02
V016284,DEL034,MED1903,2024-10-02
V016459,DEL027,MED1942,2024-10-02
V001524,DEL031,MED0190,2024-10-03
V002044,DEL039,MED0258,2024-10-03
V003980,DEL009,MED0482,2024-10-03
V004576,DEL026,MED0560,2024-10-03
V004824,DEL044,MED0593,2024-10-03
V005481,DEL027,MED0682,2024-10-03
V006729,DEL006,MED0832,2024-10-03
V006762,DEL038,MED0834,2024-10-03
V007813,DEL006,MED0969,2024-10-03
V007991,DEL023,MED0983,2024-10-03
V008883,DEL009,MED1079,2024-10-03
V009017,DEL035,MED1091,2024-10-03
V009296,DEL026,MED1113,2024-10-03
V009496,DEL011,MED1150,2024-10-03
V009622,DEL022,MED1170,2024-10-03
V010000,DEL019,MED1199,2024-10-03
V010365,DEL050,MED1241,2024-10-03
V010494,DEL043,MED1260,2024-10-03
V010705,DEL032,MED1294,2024-10-03
V011649,DEL046,MED1419,2024-10-03
V014075,DEL026,MED1645,2024-10-03
V014387,DEL043,MED1678,2024-10-03
V015061,DEL005,MED1758,2024-10-03
V015637,DEL009,MED1818,2024-10-03
V015916,DEL050,MED1860,2024-10-03
V001363,DEL006,MED0161,2024-10-04
V001640,DEL019,MED0200,2024-10-04
V002113,DEL013,MED0272,2024-10-04
V002137,DEL036,MED0273,2024-10-04
V002943,DEL010,MED0368,2024-10-04
V003258,DEL029,MED0402,2024-10-04
V003285,DEL011,MED0404,2024-10-04
V003560,DEL033,MED0439,2024-10-04
V004880,DEL026,MED0600,2024-10-04
V005588,DEL008,MED0698,2024-10-04
V005877,DEL047,MED0726,2024-10-04
V007227,DEL041,MED0891,2024-10-04
V007902,DEL045,MED0973,2024-10-04
V009501,DEL046,MED1152,2024-10-04
V012129,DEL016,MED1455,2024-10-04
V012361,DEL031,MED1487,2024-10-04
V012716,DEL002,MED1521,2024-10-04
V012794,DEL003,MED1530,2024-10-04
V013833,DEL016,MED1623,2024-10-04
V014317,DEL015,MED1675,2024-10-04
V015853,DEL026,MED1854,2024-10-04
V016825,DEL008,MED1981,2024-10-04
V000111,DEL034,MED0021,2024-10-05
V000185,DEL030,MED0027,2024-10-05
V000651,DEL001,MED0076,2024-10-05
V001136,DEL033,MED0134,2024-10-05
V003188,DEL002,MED0390,2024-10-05
V003483,DEL014,MED0431,2024-10-05
V003566,DEL033,MED0439,2024-10-05
V004520,DEL047,MED0555,2024-10-05
V005221,DEL020,MED0658,2024-10-05
V008459,DEL040,MED1036,2024-10-05
V009319,DEL007,MED1119,2024-10-05
V009320,DEL007,MED1119,2024-10-05
V009670,DEL039,MED1172,2024-10-05
V011310,DEL023,MED1381,2024-10-05
V011992,DEL021,MED1446,2024-10-05
V013345,DEL033,MED1586,2024-10-05
V013936,DEL003,MED1632,2024-10-05
V015556,DEL041,MED1809,2024-10-05
V015601,DEL003,MED1815,2024-10-05
V015628,DEL009,MED1818,2024-10-05
V016371,DEL032,MED1925,2024-10-05
V016479,DEL002,MED1944,2024-10-05
V000345,DEL002,MED0046,2024-10-06
V001330,DEL036,MED0158,2024-10-06
V001709,DEL040,MED0210,2024-10-06
V002377,DEL009,MED0303,2024-10-06
V003408,DEL002,MED0416,2024-10-06
V003700,DEL026,MED0451,2024-10-06
V005163,DEL010,MED0647,2024-10-06
V006725,DEL016,MED0831,2024-10-06
V007326,DEL002,MED0897,2024-10-06
V007685,DEL001,MED0954,2024-10-06
V008044,DEL008,MED0990,2024-10-06
V009398,DEL014,MED1132,2024-10-06
V009975,DEL045,MED1196,2024-10-06
V010516,DEL041,MED1263,2024-10-06
V012052,DEL031,MED1449,2024-10-06
V012551,DEL020,MED1503,2024-10-06
V013270,DEL038,MED1582,2024-10-06
V013579,DEL045,MED1601,2024-10-06
V013674,DEL010,MED1615,2024-10-06
V013916,DEL013,MED1631,2024-10-06
V014026,DEL043,MED1641,2024-10-06
V000338,DEL039,MED0044,2024-10-07
V000637,DEL039,MED0073,2024-10-07
V002161,DEL048,MED0277,2024-10-07
V003187,DEL002,MED0390,2024-10-07
V004123,DEL047,MED0510,2024-10-07
V005139,DEL019,MED0642,2024-10-07
V005523,DEL050,MED0687,2024-10-07
V005754,DEL014,MED0714,2024-10-07
V006342,DEL048,MED0778,2024-10-07
V006683,DEL016,MED0821,2024-10-07
V008239,DEL035,MED1005,2024-10-07
V009261,DEL024,MED1111,2024-10-07
V009853,DEL018,MED1187,2024-10-07
V010073,DEL034,MED1203,2024-10-07
V011098,DEL013,MED1361,2024-10-07
V011156,DEL001,MED1366,2024-10-07
V012384,DEL009,MED1491,2024-10-07
V012599,DEL022,MED1511,2024-10-07
V013256,DEL033,MED1579,2024-10-07
V014921,DEL034,MED1746,2024-10-07
V015253,DEL039,MED1778,2024-10-07
V015309,DEL018,MED1779,2024-10-07
V015709,DEL049,MED1835,2024-10-07
V001001,DEL049,MED0122,2024-10-08
V001411,DEL041,MED0165,2024-10-08
V001659,DEL039,MED0202,2024-10-08
V002978,DEL031,MED0372,2024-10-08
V003282,DEL011,MED0404,2024-10-08
V003651,DEL043,MED0447,2024-10-08
V004985,DEL026,MED0620,2024-10-08
V005947,DEL018,MED0730,2024-10-08
V006092,DEL046,MED0750,2024-10-08
V009097,DEL020,MED1098,2024-10-08
V010517,DEL041,MED1263,2024-10-08
V010850,DEL008,MED1322,2024-10-08
V012009,DEL021,MED1446,2024-10-08
V016029,DEL017,MED1875,2024-10-08
V000229,DEL026,MED0037,2024-10-09
V000609,DEL021,MED0070,2024-10-09
V001751,DEL016,MED0214,2024-10-09
V001834,DEL008,MED0224,2024-10-09
V002400,DEL038,MED0307,2024-10-09
V002523,DEL048,MED0321,2024-10-09
V002624,DEL043,MED0339,2024-10-09
V003059,DEL013,MED0383,2024-10-09
V003353,DEL023,MED0408,2024-10-09
V004338,DEL024,MED0533,2024-10-09
V005093,DEL043,MED0631,2024-10-09
V005273,DEL022,MED0663,2024-10-09
V006088,DEL046,MED0750,2024-10-09
V006632,DEL033,MED0818,2024-10-09
V007928,DEL031,MED0977,2024-10-09
V008278,DEL049,MED1011,2024-10-09
V009235,DEL047,MED1110,2024-10-09
V009362,DEL046,MED1126,2024-10-09
V009827,DEL047,MED1186,2024-10-09
V010616,DEL048,MED1282,2024-10-09
V010762,DEL046,MED1306,2024-10-09
V012947,DEL026,MED1547,2024-10-09
V012968,DEL048,MED1550,2024-10-09
V013104,DEL034,MED1564,2024-10-09
V013759,DEL032,MED1620,2024-10-09
V014544,DEL018,MED1698,2024-10-09
V014865,DEL049,MED1735,2024-10-09
V015233,DEL031,MED1777,2024-10-09
V016076,DEL001,MED1876,2024-10-09
V000604,DEL021,MED0070,2024-10-10
V001423,DEL028,MED0166,2024-10-10
V003207,DEL019,MED0396,2024-10-10
V004234,DEL039,MED0527,2024-10-10
V004939,DEL035,MED0614,2024-10-10
V008899,DEL008,MED1080,2024-10-10
V009292,DEL026,MED1113,2024-10-10
V009419,DEL017,MED1136,2024-10-10
V010500,DEL013,MED1261,2024-10-10
V011419,DEL019,MED1394,2024-10-10
V011452,DEL049,MED1399,2024-10-10
V011887,DEL019,MED1437,2024-10-10
V012359,DEL031,MED1487,2024-10-10
V012506,DEL007,MED1498,2024-10-10
V014202,DEL041,MED1660,2024-10-10
V014499,DEL016,MED1693,2024-10-10
V015146,DEL035,MED1769,2024-10-10
V015201,DEL024,MED1775,2024-10-10
V015921,DEL050,MED1860,2024-10-10
V016273,DEL049,MED1902,2024-10-10
V016554,DEL046,MED1950,2024-10-10
V001224,DEL033,MED0147,2024-10-11
V002304,DEL042,MED0297,2024-10-11
V002708,DEL030,MED0342,2024-10-11
V003876,DEL043,MED0471,2024-10-11
V005633,DEL023,MED0701,2024-10-11
V006567,DEL025,MED0807,2024-10-11
V006672,DEL039,MED0819,2024-10-11
V007322,DEL002,MED0897,2024-10-11
V007526,DEL030,MED0926,2024-10-11
V008328,DEL045,MED1017,2024-10-11
V008392,DEL043,MED1030,2024-10-11
V009237,DEL047,MED1110,2024-10-11
V009623,DEL022,MED1170,2024-10-11
V009905,DEL041,MED1193,2024-10-11
V010619,DEL003,MED1283,2024-10-11
V011523,DEL022,MED1405,2024-10-11
V012083,DEL045,MED1450,2024-10-11
V012113,DEL039,MED1454,2024-10-11
V013299,DEL017,MED1584,2024-10-11
V013858,DEL024,MED1624,2024-10-11
V014345,DEL031,MED1676,2024-10-11
V014801,DEL016,MED1720,2024-10-11
V016883,DEL033,MED1996,2024-10-11
V000039,DEL012,MED0011,2024-10-12
V001109,DEL007,MED0132,2024-10-12
V001183,DEL036,MED0142,2024-10-12
V001500,DEL046,MED0183,2024-10-12
V001902,DEL014,MED0231,2024-10-12
V003069,DEL013,MED0383,2024-10-12
V003111,DEL002,MED0386,2024-10-12
V003152,DEL018,MED0388,2024-10-12
V003474,DEL003,MED0430,2024-10-12
V003516,DEL003,MED0432,2024-10-12
V003676,DEL026,MED0448,2024-10-12
V003774,DEL014,MED0457,2024-10-12
V003836,DEL003,MED0467,2024-10-12
V003958,DEL040,MED0480,2024-10-12
V005535,DEL008,MED0688,2024-10-12
V005913,DEL029,MED0729,2024-10-12
V006634,DEL033,MED0818,2024-10-12
V006764,DEL038,MED0834,2024-10-12
V007277,DEL043,MED0895,2024-10-12
V008842,DEL023,MED1076,2024-10-12
V010815,DEL048,MED1312,2024-10-12
V013215,DEL013,MED1575,2024-10-12
V013424,DEL049,MED1590,2024-10-12
V013913,DEL013,MED1631,2024-10-12
V014020,DEL044,MED1638,2024-10-12
V014107,DEL004,MED1649,2024-10-12
V015030,DEL049,MED1756,2024-10-12
V016321,DEL007,MED1912,2024-10-12
V000078,DEL007,MED0016,2024-10-13
V000453,DEL002,MED0058,2024-10-13
V001083,DEL028,MED0128,2024-10-13
V002508,DEL048,MED0321,2024-10-13
V002988,DEL001,MED0374,2024-10-13
V005355,DEL027,MED0672,2024-10-13
V005376,DEL026,MED0673,2024-10-13
V005831,DEL010,MED0720,2024-10-13
V006446,DEL042,MED0794,2024-10-13
V006748,DEL036,MED0833,2024-10-13
V007372,DEL005,MED0905,2024-10-13
V008556,DEL015,MED1045,2024-10-13
V008674,DEL049,MED1058,2024-10-13
V008987,DEL021,MED1090,2024-10-13
V011415,DEL006,MED1393,2024-10-13
V011761,DEL048,MED1430,2024-10-13
V014423,DEL008,MED1685,2024-10-13
V015435,DEL020,MED1797,2024-10-13
V015707,DEL006,MED1832,2024-10-13
V016081,DEL001,MED1876,2024-10-13
V016571,DEL039,MED1951,2024-10-13
V016742,DEL010,MED1974,2024-10-13
V000090,DEL042,MED0017,2024-10-14
V001552,DEL048,MED0191,2024-10-14
V001956,DEL033,MED0245,2024-10-14
V002019,DEL019,MED0250,2024-10-14
V003833,DEL003,MED0467,2024-10-14
V004060,DEL006,MED0496,2024-10-14
V005636,DEL023,MED0701,2024-10-14
V005799,DEL027,MED0719,2024-10-14
V006192,DEL016,MED0755,2024-10-14
V006629,DEL033,MED0818,2024-10-14
V006639,DEL033,MED0818,2024-10-14
V006773,DEL044,MED0836,2024-10-14
V008237,DEL035,MED1005,2024-10-14
V008780,DEL008,MED1072,2024-10-14
V009063,DEL006,MED1096,2024-10-14
V015252,DEL039,MED1778,2024-10-14
V016304,DEL037,MED1907,2024-10-14
V016320,DEL007,MED1912,2024-10-14
V016595,DEL012,MED1955,2024-10-14
V001192,DEL009,MED0144,2024-10-15
V001861,DEL006,MED0226,2024-10-15
V001979,DEL004,MED0246,2024-10-15
V002373,DEL049,MED0302,2024-10-15
V002576,DEL048,MED0328,2024-10-15
V003407,DEL002,MED0416,2024-10-15
V004159,DEL033,MED0516,2024-10-15
V004902,DEL038,MED0601,2024-10-15
V005087,DEL002,MED0630,2024-10-15
V006253,DEL038,MED0762,2024-10-15
V007347,DEL049,MED0900,2024-10-15
V010337,DEL033,MED1239,2024-10-15
V011123,DEL015,MED1365,2024-10-15
V011397,DEL048,MED1391,2024-10-15
V012144,DEL016,MED1456,2024-10-15
V012158,DEL038,MED1459,2024-10-15
V012326,DEL042,MED1476,2024-10-15
V012505,DEL007,MED1498,2024-10-15
V012557,DEL020,MED1503,2024-10-15
V012655,DEL020,MED1518,2024-10-15
V012668,DEL037,MED1519,2024-10-15
V015332,DEL035,MED1783,2024-10-15
V001826,DEL008,MED0224,2024-10-16
V001835,DEL008,MED0224,2024-10-16
V002367,DEL034,MED0301,2024-10-16
V004038,DEL026,MED0492,2024-10-16
V004602,DEL012,MED0568,2024-10-16
V006327,DEL038,MED0771,2024-10-16
V008096,DEL047,MED0993,2024-10-16
V008583,DEL033,MED1046,2024-10-16
V009118,DEL025,MED1101,2024-10-16
V010182,DEL034,MED1220,2024-10-16
V010955,DEL028,MED1335,2024-10-16
V012096,DEL022,MED1452,2024-10-16
V014900,DEL043,MED1742,2024-10-16
V016032,DEL017,MED1875,2024-10-16
V016388,DEL025,MED1931,2024-10-16
V016902,DEL020,MED1998,2024-10-16
V000020,DEL047,MED0005,2024-10-17
V000023,DEL042,MED0006,2024-10-17
V000456,DEL002,MED0058,2024-10-17
V001883,DEL021,MED0229,2024-10-17
V001895,DEL045,MED0230,2024-10-17
V002826,DEL039,MED0354,2024-10-17
V003286,DEL011,MED0404,2024-10-17
V003534,DEL038,MED0434,2024-10-17
V004230,DEL039,MED0527,2024-10-17
V005204,DEL028,MED0651,2024-10-17
V005401,DEL046,MED0674,2024-10-17
V007479,DEL010,MED0921,2024-10-17
V009257,DEL024,MED1111,2024-10-17
V009600,DEL047,MED1167,2024-10-17
V009759,DEL002,MED1180,2024-10-17
V009992,DEL019,MED1199,2024-10-17
V010396,DEL020,MED1243,2024-10-17
V010795,DEL004,MED1308,2024-10-17
V010823,DEL049,MED1313,2024-10-17
V010826,DEL049,MED1313,2024-10-17
V011230,DEL046,MED1369,2024-10-17
V011324,DEL027,MED1382,2024-10-17
V013949,DEL003,MED1632,2024-10-17
V014491,DEL016,MED1693,2024-10-17
V014627,DEL010,MED1703,2024-10-17
V016445,DEL033,MED1937,2024-10-17
V016605,DEL012,MED1955,2024-10-17
V000941,DEL021,MED0113,2024-10-18
V002278,DEL049,MED0293,2024-10-18
V003327,DEL050,MED0406,2024-10-18
V003718,DEL049,MED0452,2024-10-18
V003915,DEL007,MED0475,2024-10-18
V007245,DEL014,MED0893,2024-10-18
V007278,DEL043,MED0895,2024-10-18
V009481,DEL030,MED1145,2024-10-18
V009978,DEL045,MED1196,2024-10-18
V010207,DEL017,MED1221,2024-10-18
V010326,DEL041,MED1237,2024-10-18
V010544,DEL035,MED1270,2024-10-18
V011342,DEL013,MED1385,2024-10-18
V011832,DEL044,MED1435,2024-10-18
V012550,DEL020,MED1503,2024-10-18
V013872,DEL024,MED1624,2024-10-18
V015202,DEL024,MED1775,2024-10-18
V016594,DEL012,MED1955,2024-10-18
V016790,DEL011,MED1977,2024-10-18
V002732,DEL008,MED0345,2024-10-19
V004088,DEL043,MED0499,2024-10-19
V004690,DEL014,MED0574,2024-10-19
V005587,DEL008,MED0698,2024-10-19
V006008,DEL003,MED0736,2024-10-19
V006540,DEL028,MED0803,2024-10-19
V006861,DEL023,MED0846,2024-10-19
V008574,DEL033,MED1046,2024-10-19
V008657,DEL049,MED1058,2024-10-19
V009364,DEL046,MED1126,2024-10-19
V009407,DEL036,MED1133,2024-10-19
V010952,DEL028,MED1335,2024-10-19
V012051,DEL031,MED1449,2024-10-19
V012790,DEL035,MED1528,2024-10-19
V012855,DEL017,MED1541,2024-10-19
V012970,DEL048,MED1550,2024-10-19
V012995,DEL009,MED1553,2024-10-19
V013188,DEL011,MED1572,2024-10-19
V013222,DEL013,MED1575,2024-10-19
V013433,DEL048,MED1591,2024-10-19
V015505,DEL010,MED1807,2024-10-19
V015924,DEL050,MED1860,2024-10-19
V016211,DEL037,MED1894,2024-10-19
V016313,DEL025,MED1910,2024-10-19
V000911,DEL009,MED0109,2024-10-20
V003918,DEL007,MED0475,2024-10-20
V004292,DEL027,MED0532,2024-10-20
V004491,DEL010,MED0553,2024-10-20
V005185,DEL039,MED0650,2024-10-20
V005286,DEL050,MED0665,2024-10-20
V005287,DEL050,MED0665,2024-10-20
V010072,DEL034,MED1203,2024-10-20
V010868,DEL010,MED1326,2024-10-20
V011645,DEL046,MED1419,2024-10-20
V012523,DEL011,MED1501,2024-10-20
V012587,DEL036,MED1506,2024-10-20
V013570,DEL045,MED1601,2024-10-20
V014120,DEL004,MED1649,2024-10-20
V014916,DEL034,MED1746,2024-10-20
V015188,DEL024,MED1775,2024-10-20
V015361,DEL015,MED1789,2024-10-20
V015491,DEL034,MED1806,2024-10-20
V015608,DEL016,MED1817,2024-10-20
V015738,DEL037,MED1838,2024-10-20
V016096,DEL034,MED1877,2024-10-20
V016568,DEL039,MED1951,2024-10-20
V016900,DEL020,MED1998,2024-10-20
V000785,DEL041,MED0093,2024-10-21
V000876,DEL049,MED0108,2024-10-21
V000933,DEL021,MED0113,2024-10-21
V001975,DEL004,MED0246,2024-10-21
V002221,DEL007,MED0287,2024-10-21
V003640,DEL043,MED0447,2024-10-21
V004417,DEL018,MED0543,2024-10-21
V004654,DEL018,MED0573,2024-10-21
V004950,DEL014,MED0616,2024-10-21
V006381,DEL006,MED0786,2024-10-21
V006627,DEL033,MED0818,2024-10-21
V007861,DEL034,MED0972,2024-10-21
V008123,DEL049,MED0994,2024-10-21
V008170,DEL045,MED1000,2024-10-21
V008673,DEL049,MED1058,2024-10-21
V008922,DEL006,MED1087,2024-10-21
V008988,DEL021,MED1090,2024-10-21
V011289,DEL042,MED1374,2024-10-21
V011360,DEL013,MED1385,2024-10-21
V011458,DEL049,MED1399,2024-10-21
V011511,DEL024,MED1404,2024-10-21
V011744,DEL036,MED1427,2024-10-21
V011763,DEL048,MED1430,2024-10-21
V012460,DEL023,MED1494,2024-10-21
V012641,DEL016,MED1517,2024-10-21
V013305,DEL017,MED1584,2024-10-21
V013762,DEL032,MED1620,2024-10-21
V013894,DEL003,MED1625,2024-10-21
V014561,DEL018,MED1698,2024-10-21
V015621,DEL009,MED1818,2024-10-21
V015764,DEL025,MED1842,2024-10-21
V015790,DEL012,MED1844,2024-10-21
V016401,DEL025,MED1931,2024-10-21
V000530,DEL038,MED0063,2024-10-22
V000894,DEL049,MED0108,2024-10-22
V001358,DEL006,MED0161,2024-10-22
V002215,DEL007,MED0287,2024-10-22
V002779,DEL050,MED0352,2024-10-22
V003060,DEL013,MED0383,2024-10-22
V003326,DEL050,MED0406,2024-10-22
V004992,DEL006,MED0622,2024-10-22
V005950,DEL018,MED0730,2024-10-22
V006136,DEL048,MED0751,2024-10-22
V006508,DEL047,MED0801,2024-10-22
V007000,DEL025,MED0865,2024-10-22
V007170,DEL003,MED0885,2024-10-22
V008744,DEL049,MED1071,2024-10-22
V010259,DEL018,MED1225,2024-10-22
V010543,DEL035,MED1270,2024-10-22
V010680,DEL050,MED1288,2024-10-22
V010714,DEL023,MED1296,2024-10-22
V012856,DEL017,MED1541,2024-10-22
V012880,DEL049,MED1542,2024-10-22
V013181,DEL011,MED1572,2024-10-22
V013214,DEL013,MED1575,2024-10-22
V013408,DEL027,MED1589,2024-10-22
V014070,DEL047,MED1644,2024-10-22
V014597,DEL020,MED1700,2024-10-22
V015722,DEL022,MED1836,2024-10-22
V016639,DEL021,MED1958,2024-10-22
V000275,DEL018,MED0040,2024-10-23
V001547,DEL048,MED0191,2024-10-23
V002047,DEL035,MED0259,2024-10-23
V002077,DEL008,MED0269,2024-10-23
V003459,DEL031,MED0426,2024-10-23
V003713,DEL049,MED0452,2024-10-23
V004473,DEL020,MED0549,2024-10-23
V004635,DEL048,MED0572,2024-10-23
V004932,DEL041,MED0611,2024-10-23
V005120,DEL042,MED0638,2024-10-23
V005406,DEL046,MED0674,2024-10-23
V005506,DEL005,MED0686,2024-10-23
V005987,DEL033,MED0734,2024-10-23
V006167,DEL027,MED0752,2024-10-23
V006183,DEL019,MED0753,2024-10-23
V007025,DEL001,MED0867,2024-10-23
V007101,DEL040,MED0879,2024-10-23
V007602,DEL024,MED0942,2024-10-23
V007767,DEL049,MED0964,2024-10-23
V009558,DEL011,MED1164,2024-10-23
V010169,DEL007,MED1218,2024-10-23
V012967,DEL048,MED1550,2024-10-23
V013300,DEL017,MED1584,2024-10-23
V013331,DEL034,MED1585,2024-10-23
V013568,DEL045,MED1601,2024-10-23
V014800,DEL016,MED1720,2024-10-23
V015329,DEL035,MED1783,2024-10-23
V016773,DEL020,MED1976,2024-10-23
V000206,DEL021,MED0033,2024-10-24
V000395,DEL018,MED0050,2024-10-24
V002949,DEL010,MED0368,2024-10-24
V003351,DEL023,MED0408,2024-10-24
V003847,DEL003,MED0467,2024-10-24
V005759,DEL014,MED0714,2024-10-24
V005789,DEL037,MED0715,2024-10-24
V005908,DEL029,MED0729,2024-10-24
V006017,DEL033,MED0738,2024-10-24
V006415,DEL003,MED0789,2024-10-24
V008646,DEL039,MED1056,2024-10-24
V010327,DEL041,MED1237,2024-10-24
V011189,DEL034,MED1367,2024-10-24
V011532,DEL022,MED1405,2024-10-24
V012483,DEL023,MED1497,2024-10-24
V012747,DEL014,MED1524,2024-10-24
V013249,DEL047,MED1577,2024-10-24
V013623,DEL012,MED1605,2024-10-24
V014109,DEL004,MED1649,2024-10-24
V014654,DEL035,MED1704,2024-10-24
V015230,DEL031,MED1777,2024-10-24
V015557,DEL041,MED1809,2024-10-24
V016364,DEL050,MED1924,2024-10-24
V016463,DEL027,MED1942,2024-10-24
V000654,DEL001,MED0076,2024-10-25
V000730,DEL043,MED0085,2024-10-25
V001068,DEL045,MED0127,2024-10-25
V001974,DEL004,MED0246,2024-10-25
V003260,DEL029,MED0402,2024-10-25
V003280,DEL011,MED0404,2024-10-25
V003557,DEL033,MED0439,2024-10-25
V003979,DEL009,MED0482,2024-10-25
V004217,DEL048,MED0525,2024-10-25
V004571,DEL026,MED0560,2024-10-25
V005338,DEL045,MED0670,2024-10-25
V007398,DEL050,MED0906,2024-10-25
V009025,DEL035,MED1091,2024-10-25
V009128,DEL036,MED1102,2024-10-25
V009760,DEL002,MED1180,2024-10-25
V010833,DEL010,MED1315,2024-10-25
V011259,DEL032,MED1370,2024-10-25
V012929,DEL018,MED1545,2024-10-25
V014667,DEL004,MED1705,2024-10-25
V015687,DEL048,MED1827,2024-10-25
V016196,DEL001,MED1893,2024-10-25
V016548,DEL011,MED1948,2024-10-25
V016776,DEL011,MED1977,2024-10-25
V016836,DEL001,MED1984,2024-10-25
V000589,DEL022,MED0069,2024-10-26
V001130,DEL033,MED0134,2024-10-26
V001231,DEL033,MED0147,2024-10-26
V002009,DEL024,MED0248,2024-10-26
V003154,DEL018,MED0388,2024-10-26
V003533,DEL038,MED0434,2024-10-26
V004551,DEL034,MED0557,2024-10-26
V006730,DEL006,MED0832,2024-10-26
V008464,DEL040,MED1036,2024-10-26
V008672,DEL049,MED1058,2024-10-26
V009510,DEL022,MED1155,2024-10-26
V009632,DEL022,MED1170,2024-10-26
V011080,DEL031,MED1359,2024-10-26
V011227,DEL046,MED1369,2024-10-26
V011596,DEL025,MED1413,2024-10-26
V011643,DEL046,MED1419,2024-10-26
V011648,DEL046,MED1419,2024-10-26
V012812,DEL006,MED1540,2024-10-26
V013055,DEL001,MED1562,2024-10-26
V013063,DEL024,MED1563,2024-10-26
V013945,DEL003,MED1632,2024-10-26
V014151,DEL011,MED1654,2024-10-26
V014285,DEL002,MED1674,2024-10-26
V014336,DEL031,MED1676,2024-10-26
V014529,DEL021,MED1697,2024-10-26
V015107,DEL023,MED1768,2024-10-26
V015622,DEL009,MED1818,2024-10-26
V015913,DEL050,MED1860,2024-10-26
V016027,DEL017,MED1875,2024-10-26
V001269,DEL017,MED0149,2024-10-27
V001366,DEL006,MED0161,2024-10-27
V001490,DEL008,MED0181,2024-10-27
V002591,DEL047,MED0332,2024-10-27
V004409,DEL018,MED0543,2024-10-27
V004618,DEL048,MED0572,2024-10-27
V004634,DEL048,MED0572,2024-10-27
V005361,DEL027,MED0672,2024-10-27
V005421,DEL007,MED0675,2024-10-27
V005905,DEL029,MED0729,2024-10-27
V006158,DEL027,MED0752,2024-10-27
V006503,DEL017,MED0800,2024-10-27
V007027,DEL001,MED0867,2024-10-27
V008095,DEL047,MED0993,2024-10-27
V008233,DEL035,MED1005,2024-10-27
V008412,DEL020,MED1032,2024-10-27
V009135,DEL036,MED1102,2024-10-27
V012858,DEL017,MED1541,2024-10-27
V013074,DEL024,MED1563,2024-10-27
V013462,DEL018,MED1592,2024-10-27
V014464,DEL025,MED1690,2024-10-27
V016740,DEL010,MED1974,2024-10-27
V001065,DEL045,MED0127,2024-10-28
V001263,DEL017,MED0149,2024-10-28
V001553,DEL048,MED0191,2024-10-28
V001712,DEL040,MED0210,2024-10-28
V002114,DEL013,MED0272,2024-10-28
V003780,DEL014,MED0457,2024-10-28
V003782,DEL014,MED0457,2024-10-28
V005094,DEL043,MED0631,2024-10-28
V005525,DEL050,MED0687,2024-10-28
V005903,DEL029,MED0729,2024-10-28
V006487,DEL035,MED0796,2024-10-28
V007520,DEL030,MED0926,2024-10-28
V007860,DEL034,MED0972,2024-10-28
V008571,DEL033,MED1046,2024-10-28
V009378,DEL023,MED1127,2024-10-28
V009493,DEL011,MED1150,2024-10-28
V010504,DEL013,MED1261,2024-10-28
V010531,DEL020,MED1268,2024-10-28
V010740,DEL025,MED1301,2024-10-28
V011014,DEL010,MED1352,2024-10-28
V012290,DEL026,MED1470,2024-10-28
V012477,DEL023,MED1497,2024-10-28
V012956,DEL034,MED1549,2024-10-28
V013128,DEL033,MED1566,2024-10-28
V013189,DEL011,MED1572,2024-10-28
V014166,DEL029,MED1655,2024-10-28
V014191,DEL011,MED1658,2024-10-28
V014377,DEL043,MED1678,2024-10-28
V014553,DEL018,MED1698,2024-10-28
V015113,DEL023,MED1768,2024-10-28
V015303,DEL018,MED1779,2024-10-28
V016000,DEL033,MED1872,2024-10-28
V001774,DEL035,MED0215,2024-11-01
V002018,DEL019,MED0250,2024-11-01
V002853,DEL050,MED0356,2024-11-01
V003692,DEL013,MED0450,2024-11-01
V004604,DEL012,MED0568,2024-11-01
V005281,DEL050,MED0665,2024-11-01
V005771,DEL014,MED0714,2024-11-01
V005853,DEL031,MED0725,2024-11-01
V006214,DEL013,MED0758,2024-11-01
V006288,DEL021,MED0769,2024-11-01
V006799,DEL031,MED0837,2024-11-01
V007357,DEL021,MED0901,2024-11-01
V007565,DEL040,MED0931,2024-11-01
V007643,DEL006,MED0952,2024-11-01
V008052,DEL012,MED0991,2024-11-01
V008143,DEL019,MED0997,2024-11-01
V009306,DEL007,MED1116,2024-11-01
V009375,DEL023,MED1127,2024-11-01
V009599,DEL047,MED1167,2024-11-01
V010045,DEL033,MED1200,2024-11-01
V012257,DEL020,MED1468,2024-11-01
V013067,DEL024,MED1563,2024-11-01
V013332,DEL034,MED1585,2024-11-01
V015106,DEL023,MED1768,2024-11-01
V015192,DEL024,MED1775,2024-11-01
V015975,DEL029,MED1864,2024-11-01
V016337,DEL001,MED1915,2024-11-01
V016483,DEL002,MED1944,2024-11-01
V000254,DEL028,MED0039,2024-11-02
V001204,DEL024,MED0146,2024-11-02
V001793,DEL020,MED0217,2024-11-02
V002439,DEL021,MED0309,2024-11-02
V002477,DEL008,MED0315,2024-11-02
V002953,DEL010,MED0368,2024-11-02
V003744,DEL034,MED0456,2024-11-02
V003845,DEL003,MED0467,2024-11-02
V006933,DEL006,MED0859,2024-11-02
V008612,DEL020,MED1049,2024-11-02
V009562,DEL033,MED1165,2024-11-02
V009941,DEL013,MED1194,2024-11-02
V009986,DEL030,MED1198,2024-11-02
V010366,DEL050,MED1241,2024-11-02
V011335,DEL020,MED1384,2024-11-02
V011601,DEL045,MED1414,2024-11-02
V014824,DEL048,MED1727,2024-11-02
V015665,DEL044,MED1825,2024-11-02
V016028,DEL017,MED1875,2024-11-02
V000786,DEL041,MED0093,2024-11-03
V001191,DEL009,MED0144,2024-11-03
V003135,DEL033,MED0387,2024-11-03
V003365,DEL023,MED0408,2024-11-03
V004183,DEL004,MED0519,2024-11-03
V004505,DEL047,MED0555,2024-11-03
V005319,DEL031,MED0667,2024-11-03
V005737,DEL039,MED0713,2024-11-03
V006216,DEL013,MED0758,2024-11-03
V006241,DEL026,MED0760,2024-11-03
V006444,DEL042,MED0794,2024-11-03
V007084,DEL039,MED0877,2024-11-03
V007177,DEL003,MED0885,2024-11-03
V007225,DEL041,MED0891,2024-11-03
V007365,DEL038,MED0902,2024-11-03
V007660,DEL050,MED0953,2024-11-03
V008121,DEL049,MED0994,2024-11-03
V008401,DEL020,MED1032,2024-11-03
V008632,DEL030,MED1053,2024-11-03
V009211,DEL016,MED1107,2024-11-03
V009725,DEL034,MED1179,2024-11-03
V010571,DEL023,MED1275,2024-11-03
V011343,DEL013,MED1385,2024-11-03
V011483,DEL034,MED1400,2024-11-03
V012171,DEL038,MED1459,2024-11-03
V014424,DEL008,MED1685,2024-11-03
V016035,DEL017,MED1875,2024-11-03
V016390,DEL025,MED1931,2024-11-03
V000811,DEL042,MED0094,2024-11-04
V001114,DEL033,MED0134,2024-11-04
V001164,DEL011,MED0137,2024-11-04
V002164,DEL037,MED0278,2024-11-04
V002184,DEL048,MED0280,2024-11-04
V002225,DEL007,MED0287,2024-11-04
V003197,DEL036,MED0393,2024-11-04
V003796,DEL017,MED0458,2024-11-04
V005678,DEL034,MED0705,2024-11-04
V006221,DEL013,MED0758,2024-11-04
V006239,DEL026,MED0760,2024-11-04
V007086,DEL039,MED0877,2024-11-04
V008704,DEL016,MED1064,2024-11-04
V009127,DEL036,MED1102,2024-11-04
V009391,DEL015,MED1130,2024-11-04
V009527,DEL016,MED1159,2024-11-04
V009938,DEL013,MED1194,2024-11-04
V010413,DEL032,MED1244,2024-11-04
V011231,DEL046,MED1369,2024-11-04
V012108,DEL006,MED1453,2024-11-04
V012882,DEL049,MED1542,2024-11-04
V013034,DEL003,MED1560,2024-11-04
V013403,DEL027,MED1589,2024-11-04
V013423,DEL049,MED1590,2024-11-04
V013990,DEL018,MED1633,2024-11-04
V014432,DEL008,MED1685,2024-11-04
V015555,DEL041,MED1809,2024-11-04
V016135,DEL041,MED1886,2024-11-04
V000878,DEL049,MED0108,2024-11-05
V001033,DEL008,MED0125,2024-11-05
V001291,DEL024,MED0157,2024-11-05
V003795,DEL017,MED0458,2024-11-05
V004098,DEL024,MED0504,2024-11-05
V005331,DEL027,MED0669,2024-11-05
V008551,DEL015,MED1045,2024-11-05
V009023,DEL035,MED1091,2024-11-05
V009932,DEL013,MED1194,2024-11-05
V010741,DEL025,MED1301,2024-11-05
V011799,DEL017,MED1432,2024-11-05
V014076,DEL026,MED1645,2024-11-05
V014158,DEL029,MED1655,2024-11-05
V015481,DEL049,MED1805,2024-11-05
V015489,DEL034,MED1806,2024-11-05
V015807,DEL021,MED1849,2024-11-05
V016176,DEL025,MED1891,2024-11-05
V016679,DEL047,MED1962,2024-11-05
V000390,DEL018,MED0050,2024-11-06
V000909,DEL009,MED0109,2024-11-06
V001719,DEL040,MED0210,2024-11-06
V002493,DEL014,MED0317,2024-11-06
V002739,DEL008,MED0345,2024-11-06
V005505,DEL005,MED0686,2024-11-06
V005552,DEL030,MED0690,2024-11-06
V006060,DEL013,MED0748,2024-11-06
V007509,DEL030,MED0926,2024-11-06
V007518,DEL030,MED0926,2024-11-06
V009732,DEL034,MED1179,2024-11-06
V009845,DEL018,MED1187,2024-11-06
V010240,DEL026,MED1222,2024-11-06
V011105,DEL018,MED1364,2024-11-06
V011660,DEL046,MED1419,2024-11-06
V012388,DEL009,MED1491,2024-11-06
V013170,DEL012,MED1570,2024-11-06
V013907,DEL013,MED1631,2024-11-06
V014369,DEL012,MED1677,2024-11-06
V000399,DEL018,MED0050,2024-11-07
V000948,DEL021,MED0113,2024-11-07
V001132,DEL033,MED0134,2024-11-07
V001233,DEL033,MED0147,2024-11-07
V001326,DEL036,MED0158,2024-11-07
V002093,DEL041,MED0271,2024-11-07
V003323,DEL050,MED0406,2024-11-07
V003442,DEL016,MED0424,2024-11-07
V003823,DEL038,MED0466,2024-11-07
V005074,DEL042,MED0629,2024-11-07
V005282,DEL050,MED0665,2024-11-07
V005309,DEL036,MED0666,2024-11-07
V006626,DEL033,MED0818,2024-11-07
V007062,DEL006,MED0870,2024-11-07
V007478,DEL010,MED0921,2024-11-07
V010876,DEL010,MED1326,2024-11-07
V010905,DEL011,MED1327,2024-11-07
V011337,DEL020,MED1384,2024-11-07
V011591,DEL018,MED1412,2024-11-07
V011967,DEL001,MED1445,2024-11-07
V012561,DEL020,MED1503,2024-11-07
V012762,DEL042,MED1526,2024-11-07
V013022,DEL010,MED1558,2024-11-07
V013172,DEL012,MED1570,2024-11-07
V013357,DEL015,MED1587,2024-11-07
V013402,DEL027,MED1589,2024-11-07
V014032,DEL043,MED1641,2024-11-07
V015561,DEL041,MED1809,2024-11-07
V015627,DEL009,MED1818,2024-11-07
V016488,DEL002,MED1944,2024-11-07
V000794,DEL041,MED0093,2024-11-08
V000910,DEL009,MED0109,2024-11-08
V000990,DEL029,MED0121,2024-11-08
V001087,DEL013,MED0129,2024-11-08
V002766,DEL013,MED0349,2024-11-08
V003647,DEL043,MED0447,2024-11-08
V004513,DEL047,MED0555,2024-11-08
V004651,DEL018,MED0573,2024-11-08
V004884,DEL026,MED0600,2024-11-08
V006636,DEL033,MED0818,2024-11-08
V008049,DEL012,MED0991,2024-11-08
V009172,DEL039,MED1103,2024-11-08
V009260,DEL024,MED1111,2024-11-08
V009276,DEL010,MED1112,2024-11-08
V009601,DEL047,MED1167,2024-11-08
V010628,DEL048,MED1284,2024-11-08
V011308,DEL023,MED1381,2024-11-08
V011754,DEL048,MED1430,2024-11-08
V011973,DEL001,MED1445,2024-11-08
V012347,DEL041,MED1482,2024-11-08
V012805,DEL001,MED1535,2024-11-08
V013573,DEL045,MED1601,2024-11-08
V013708,DEL010,MED1616,2024-11-08
V014265,DEL026,MED1673,2024-11-08
V015817,DEL020,MED1850,2024-11-08
V016038,DEL017,MED1875,2024-11-08
V016194,DEL001,MED1893,2024-11-08
V016325,DEL007,MED1912,2024-11-08
V016542,DEL047,MED1947,2024-11-08
V000110,DEL034,MED0021,2024-11-09
V000469,DEL002,MED0058,2024-11-09
V000703,DEL011,MED0083,2024-11-09
V001682,DEL034,MED0206,2024-11-09
V004120,DEL047,MED0510,2024-11-09
V004170,DEL017,MED0517,2024-11-09
V004190,DEL013,MED0522,2024-11-09
V004345,DEL023,MED0534,2024-11-09
V004785,DEL007,MED0584,2024-11-09
V005445,DEL029,MED0680,2024-11-09
V005717,DEL049,MED0709,2024-11-09
V006293,DEL021,MED0769,2024-11-09
V006693,DEL041,MED0822,2024-11-09
V006796,DEL031,MED0837,2024-11-09
V006842,DEL006,MED0845,2024-11-09
V007028,DEL001,MED0867,2024-11-09
V007835,DEL015,MED0970,2024-11-09
V007977,DEL020,MED0982,2024-11-09
V010853,DEL042,MED1324,2024-11-09
V010857,DEL002,MED1325,2024-11-09
V011421,DEL019,MED1394,2024-11-09
V011888,DEL019,MED1437,2024-11-09
V012142,DEL016,MED1456,2024-11-09
V012350,DEL009,MED1483,2024-11-09
V012379,DEL009,MED1491,2024-11-09
V012663,DEL037,MED1519,2024-11-09
V012708,DEL002,MED1521,2024-11-09
V013029,DEL019,MED1559,2024-11-09
V013140,DEL023,MED1569,2024-11-09
V013549,DEL049,MED1600,2024-11-09
V013787,DEL038,MED1621,2024-11-09
V013974,DEL018,MED1633,2024-11-09
V014093,DEL030,MED1647,2024-11-09
V014185,DEL030,MED1657,2024-11-09
V015646,DEL011,MED1820,2024-11-09
V016722,DEL005,MED1973,2024-11-09
V000853,DEL020,MED0104,2024-11-10
V001069,DEL045,MED0127,2024-11-10
V001445,DEL041,MED0168,2024-11-10
V001737,DEL024,MED0211,2024-11-10
V002270,DEL023,MED0292,2024-11-10
V002281,DEL014,MED0295,2024-11-10
V002905,DEL039,MED0364,2024-11-10
V004121,DEL047,MED0510,2024-11-10
V004970,DEL004,MED0619,2024-11-10
V005003,DEL006,MED0622,2024-11-10
V005100,DEL022,MED0635,2024-11-10
V006712,DEL006,MED0830,2024-11-10
V008035,DEL044,MED0989,2024-11-10
V009560,DEL033,MED1165,2024-11-10
V010084,DEL019,MED1205,2024-11-10
V011706,DEL001,MED1424,2024-11-10
V011757,DEL048,MED1430,2024-11-10
V012284,DEL026,MED1470,2024-11-10
V012425,DEL003,MED1492,2024-11-10
V012472,DEL023,MED1497,2024-11-10
V012524,DEL011,MED1501,2024-11-10
V012665,DEL037,MED1519,2024-11-10
V013717,DEL010,MED1616,2024-11-10
V014213,DEL041,MED1663,2024-11-10
V014310,DEL015,MED1675,2024-11-10
V014429,DEL008,MED1685,2024-11-10
V015364,DEL015,MED1789,2024-11-10
V016477,DEL002,MED1944,2024-11-10
V016842,DEL001,MED1984,2024-11-10
V000759,DEL024,MED0090,2024-11-11
V002326,DEL036,MED0298,2024-11-11
V003350,DEL023,MED0408,2024-11-11
V003363,DEL023,MED0408,2024-11-11
V004828,DEL044,MED0593,2024-11-11
V004962,DEL004,MED0619,2024-11-11
V005173,DEL008,MED0649,2024-11-11
V005266,DEL029,MED0662,2024-11-11
V008383,DEL030,MED1029,2024-11-11
V009250,DEL024,MED1111,2024-11-11
V009360,DEL046,MED1126,2024-11-11
V010533,DEL020,MED1268,2024-11-11
V010623,DEL048,MED1284,2024-11-11
V012098,DEL022,MED1452,2024-11-11
V012814,DEL006,MED1540,2024-11-11
V012842,DEL017,MED1541,2024-11-11
V014217,DEL041,MED1663,2024-11-11
V015193,DEL024,MED1775,2024-11-11
V000538,DEL038,MED0063,2024-11-12
V000923,DEL048,MED0111,2024-11-12
V001127,DEL033,MED0134,2024-11-12
V002062,DEL001,MED0266,2024-11-12
V002078,DEL008,MED0269,2024-11-12
V002570,DEL023,MED0327,2024-11-12
V005205,DEL028,MED0651,2024-11-12
V005284,DEL050,MED0665,2024-11-12
V005739,DEL039,MED0713,2024-11-12
V005844,DEL031,MED0725,2024-11-12
V006364,DEL036,MED0783,2024-11-12
V006991,DEL025,MED0865,2024-11-12
V007213,DEL026,MED0887,2024-11-12
V007584,DEL042,MED0938,2024-11-12
V008503,DEL033,MED1041,2024-11-12
V010956,DEL028,MED1335,2024-11-12
V011173,DEL034,MED1367,2024-11-12
V011258,DEL032,MED1370,2024-11-12
V014721,DEL017,MED1715,2024-11-12
V015498,DEL010,MED1807,2024-11-12
V015767,DEL025,MED1842,2024-11-12
V016272,DEL049,MED1902,2024-11-12
V016357,DEL016,MED1923,2024-11-12
V000006,DEL041,MED0001,2024-11-13
V000632,DEL039,MED0073,2024-11-13
V000717,DEL028,MED0084,2024-11-13
V001011,DEL043,MED0124,2024-11-13
V001935,DEL044,MED0238,2024-11-13
V004300,DEL027,MED0532,2024-11-13
V004831,DEL044,MED0593,2024-11-13
V005027,DEL023,MED0623,2024-11-13
V005863,DEL047,MED0726,2024-11-13
V006139,DEL048,MED0751,2024-11-13
V006577,DEL043,MED0811,2024-11-13
V007376,DEL005,MED0905,2024-11-13
V007409,DEL021,MED0908,2024-11-13
V007634,DEL006,MED0952,2024-11-13
V007925,DEL017,MED0975,2024-11-13
V008887,DEL009,MED1079,2024-11-13
V011351,DEL013,MED1385,2024-11-13
V012125,DEL016,MED1455,2024-11-13
V012173,DEL038,MED1459,2024-11-13
V012394,DEL009,MED1491,2024-11-13
V012473,DEL023,MED1497,2024-11-13
V012755,DEL042,MED1526,2024-11-13
V013302,DEL017,MED1584,2024-11-13
V013671,DEL010,MED1615,2024-11-13
V014565,DEL018,MED1698,2024-11-13
V014905,DEL008,MED1743,2024-11-13
V015358,DEL050,MED1788,2024-11-13
V015424,DEL020,MED1797,2024-11-13
V015589,DEL035,MED1812,2024-11-13
V016343,DEL001,MED1915,2024-11-13
V016380,DEL049,MED1930,2024-11-13
V000728,DEL043,MED0085,2024-11-14
V000970,DEL008,MED0114,2024-11-14
V001840,DEL008,MED0224,2024-11-14
V002042,DEL039,MED0258,2024-11-14
V002568,DEL023,MED0327,2024-11-14
V002910,DEL019,MED0365,2024-11-14
V002932,DEL023,MED0366,2024-11-14
V003100,DEL002,MED0386,2024-11-14
V003798,DEL017,MED0458,2024-11-14
V004885,DEL026,MED0600,2024-11-14
V005231,DEL004,MED0661,2024-11-14
V005403,DEL046,MED0674,2024-11-14
V005770,DEL014,MED0714,2024-11-14
V005946,DEL018,MED0730,2024-11-14
V006098,DEL046,MED0750,2024-11-14
V006143,DEL048,MED0751,2024-11-14
V006409,DEL003,MED0789,2024-11-14
V006998,DEL025,MED0865,2024-11-14
V007506,DEL009,MED0925,2024-11-14
V007942,DEL041,MED0978,2024-11-14
V009946,DEL013,MED1194,2024-11-14
V011954,DEL033,MED1440,2024-11-14
V012502,DEL007,MED1498,2024-11-14
V013528,DEL048,MED1598,2024-11-14
V013932,DEL003,MED1632,2024-11-14
V014287,DEL002,MED1674,2024-11-14
V014704,DEL014,MED1712,2024-11-14
V015019,DEL049,MED1756,2024-11-14
V015415,DEL016,MED1795,2024-11-14
V015616,DEL009,MED1818,2024-11-14
V015972,DEL029,MED1864,2024-11-14
V016604,DEL012,MED1955,2024-11-14
V016715,DEL005,MED1973,2024-11-14
V000927,DEL021,MED0113,2024-11-15
V002510,DEL048,MED0321,2024-11-15
V003424,DEL020,MED0422,2024-11-15
V003802,DEL003,MED0460,2024-11-15
V004294,DEL027,MED0532,2024-11-15
V004502,DEL017,MED0554,2024-11-15
V004914,DEL038,MED0604,2024-11-15
V005098,DEL002,MED0634,2024-11-15
V005285,DEL050,MED0665,2024-11-15
V005758,DEL014,MED0714,2024-11-15
V008050,DEL012,MED0991,2024-11-15
V008341,DEL048,MED1020,2024-11-15
V008668,DEL049,MED1058,2024-11-15
V009277,DEL010,MED1112,2024-11-15
V009704,DEL033,MED1177,2024-11-15
V009756,DEL002,MED1180,2024-11-15
V010198,DEL017,MED1221,2024-11-15
V011551,DEL009,MED1406,2024-11-15
V011820,DEL044,MED1435,2024-11-15
V012196,DEL036,MED1461,2024-11-15
V012766,DEL042,MED1526,2024-11-15
V013021,DEL010,MED1558,2024-11-15
V013173,DEL012,MED1570,2024-11-15
V013220,DEL013,MED1575,2024-11-15
V013225,DEL013,MED1575,2024-11-15
V014833,DEL006,MED1729,2024-11-15
V015013,DEL049,MED1756,2024-11-15
V015110,DEL023,MED1768,2024-11-15
V016270,DEL049,MED1902,2024-11-15
V016690,DEL015,MED1968,2024-11-15
V001383,DEL028,MED0162,2024-11-16
V001530,DEL031,MED0190,2024-11-16
V001651,DEL035,MED0201,2024-11-16
V002797,DEL018,MED0353,2024-11-16
V003022,DEL044,MED0377,2024-11-16
V003466,DEL025,MED0429,2024-11-16
V003589,DEL036,MED0441,2024-11-16
V005729,DEL020,MED0710,2024-11-16
V007636,DEL006,MED0952,2024-11-16
V007822,DEL015,MED0970,2024-11-16
V007947,DEL041,MED0978,2024-11-16
V008966,DEL031,MED1089,2024-11-16
V009408,DEL036,MED1133,2024-11-16
V011466,DEL049,MED1399,2024-11-16
V011642,DEL046,MED1419,2024-11-16
V011717,DEL001,MED1424,2024-11-16
V011721,DEL001,MED1424,2024-11-16
V012895,DEL049,MED1542,2024-11-16
V014034,DEL043,MED1641,2024-11-16
V014145,DEL012,MED1652,2024-11-16
V014665,DEL004,MED1705,2024-11-16
V016518,DEL021,MED1945,2024-11-16
V000859,DEL041,MED0106,2024-11-17
V000993,DEL049,MED0122,2024-11-17
V001217,DEL033,MED0147,2024-11-17
V001483,DEL038,MED0177,2024-11-17
V002411,DEL010,MED0308,2024-11-17
V003328,DEL050,MED0406,2024-11-17
V004002,DEL015,MED0486,2024-11-17
V004061,DEL006,MED0496,2024-11-17
V006193,DEL036,MED0756,2024-11-17
V006977,DEL019,MED0864,2024-11-17
V007707,DEL038,MED0958,2024-11-17
V009177,DEL039,MED1103,2024-11-17
V009311,DEL002,MED1118,2024-11-17
V010352,DEL050,MED1241,2024-11-17
V010874,DEL010,MED1326,2024-11-17
V011150,DEL001,MED1366,2024-11-17
V011222,DEL046,MED1369,2024-11-17
V013360,DEL015,MED1587,2024-11-17
V014039,DEL043,MED1641,2024-11-17
V014071,DEL047,MED1644,2024-11-17
V014635,DEL010,MED1703,2024-11-17
V015059,DEL005,MED1758,2024-11-17
V001294,DEL024,MED0157,2024-11-18
V001392,DEL017,MED0163,2024-11-18
V001909,DEL035,MED0233,2024-11-18
V002149,DEL013,MED0275,2024-11-18
V002569,DEL023,MED0327,2024-11-18
V002839,DEL041,MED0355,2024-11-18
V003068,DEL013,MED0383,2024-11-18
V003409,DEL002,MED0416,2024-11-18
V003689,DEL013,MED0450,2024-11-18
V006222,DEL013,MED0758,2024-11-18
V006794,DEL031,MED0837,2024-11-18
V006925,DEL028,MED0857,2024-11-18
V010676,DEL050,MED1288,2024-11-18
V010903,DEL011,MED1327,2024-11-18
V011221,DEL046,MED1369,2024-11-18
V011436,DEL048,MED1395,2024-11-18
V012053,DEL031,MED1449,2024-11-18
V012360,DEL031,MED1487,2024-11-18
V013754,DEL032,MED1620,2024-11-18
V014095,DEL030,MED1647,2024-11-18
V014314,DEL015,MED1675,2024-11-18
V015474,DEL037,MED1803,2024-11-18
V015911,DEL050,MED1860,2024-11-18
V016104,DEL009,MED1879,2024-11-18
V016473,DEL046,MED1943,2024-11-18
V000391,DEL018,MED0050,2024-11-19
V000790,DEL041,MED0093,2024-11-19
V001086,DEL013,MED0129,2024-11-19
V001206,DEL024,MED0146,2024-11-19
V001477,DEL045,MED0176,2024-11-19
V001762,DEL035,MED0215,2024-11-19
V001948,DEL028,MED0244,2024-11-19
V002428,DEL021,MED0309,2024-11-19
V004056,DEL006,MED0496,2024-11-19
V005140,DEL019,MED0642,2024-11-19
V007250,DEL014,MED0893,2024-11-19
V007489,DEL030,MED0922,2024-11-19
V008202,DEL022,MED1002,2024-11-19
V009020,DEL035,MED1091,2024-11-19
V009533,DEL023,MED1161,2024-11-19
V009667,DEL039,MED1172,2024-11-19
V010088,DEL030,MED1206,2024-11-19
V011036,DEL043,MED1356,2024-11-19
V011233,DEL046,MED1369,2024-11-19
V012292,DEL026,MED1470,2024-11-19
V012689,DEL036,MED1520,2024-11-19
V013144,DEL023,MED1569,2024-11-19
V013405,DEL027,MED1589,2024-11-19
V013617,DEL012,MED1605,2024-11-19
V014259,DEL026,MED1673,2024-11-19
V015288,DEL018,MED1779,2024-11-19
V016226,DEL037,MED1894,2024-11-19
V016354,DEL026,MED1921,2024-11-19
V000581,DEL022,MED0069,2024-11-20
V001163,DEL011,MED0137,2024-11-20
V001488,DEL021,MED0179,2024-11-20
V002299,DEL042,MED0297,2024-11-20
V002849,DEL050,MED0356,2024-11-20
V004008,DEL015,MED0486,2024-11-20
V005228,DEL004,MED0661,2024-11-20
V006127,DEL048,MED0751,2024-11-20
V006324,DEL038,MED0771,2024-11-20
V009210,DEL016,MED1107,2024-11-20
V010209,DEL017,MED1221,2024-11-20
V010678,DEL050,MED1288,2024-11-20
V010707,DEL009,MED1295,2024-11-20
V011187,DEL034,MED1367,2024-11-20
V011329,DEL028,MED1383,2024-11-20
V012962,DEL048,MED1550,2024-11-20
V013135,DEL033,MED1568,2024-11-20
V014593,DEL020,MED1700,2024-11-20
V015294,DEL018,MED1779,2024-11-20
V015392,DEL027,MED1793,2024-11-20
V015833,DEL038,MED1852,2024-11-20
V015951,DEL039,MED1861,2024-11-20
V015963,DEL001,MED1863,2024-11-20
V016144,DEL017,MED1888,2024-11-20
V016706,DEL009,MED1971,2024-11-20
V000884,DEL049,MED0108,2024-11-21
V000938,DEL021,MED0113,2024-11-21
V001024,DEL008,MED0125,2024-11-21
V001398,DEL041,MED0165,2024-11-21
V001461,DEL020,MED0173,2024-11-21
V001556,DEL048,MED0191,2024-11-21
V001776,DEL035,MED0215,2024-11-21
V002883,DEL019,MED0359,2024-11-21
V003439,DEL016,MED0424,2024-11-21
V003804,DEL003,MED0460,2024-11-21
V004775,DEL003,MED0583,2024-11-21
V005121,DEL042,MED0638,2024-11-21
V005755,DEL014,MED0714,2024-11-21
V006443,DEL042,MED0794,2024-11-21
V007181,DEL003,MED0885,2024-11-21
V007200,DEL003,MED0886,2024-11-21
V007473,DEL034,MED0920,2024-11-21
V009214,DEL016,MED1107,2024-11-21
V009614,DEL011,MED1168,2024-11-21
V010191,DEL017,MED1221,2024-11-21
V013540,DEL049,MED1600,2024-11-21
V014474,DEL048,MED1692,2024-11-21
V015492,DEL034,MED1806,2024-11-21
V015729,DEL009,MED1837,2024-11-21
V016155,DEL013,MED1890,2024-11-21
V016507,DEL021,MED1945,2024-11-21
V016638,DEL021,MED1958,2024-11-21
V000942,DEL021,MED0113,2024-11-22
V001485,DEL038,MED0177,2024-11-22
V002825,DEL039,MED0354,2024-11-22
V003157,DEL018,MED0388,2024-11-22
V003362,DEL023,MED0408,2024-11-22
V004299,DEL027,MED0532,2024-11-22
V004509,DEL047,MED0555,2024-11-22
V005063,DEL006,MED0628,2024-11-22
V005111,DEL006,MED0637,2024-11-22
V005814,DEL027,MED0719,2024-11-22
V006406,DEL003,MED0789,2024-11-22
V006414,DEL003,MED0789,2024-11-22
V008017,DEL035,MED0986,2024-11-22
V009329,DEL007,MED1119,2024-11-22
V009669,DEL039,MED1172,2024-11-22
V009935,DEL013,MED1194,2024-11-22
V010119,DEL038,MED1209,2024-11-22
V010136,DEL033,MED1213,2024-11-22
V010585,DEL033,MED1277,2024-11-22
V010618,DEL003,MED1283,2024-11-22
V011229,DEL046,MED1369,2024-11-22
V012845,DEL017,MED1541,2024-11-22
V012955,DEL034,MED1549,2024-11-22
V014821,DEL010,MED1726,2024-11-22
V014867,DEL049,MED1735,2024-11-22
V014915,DEL034,MED1746,2024-11-22
V015034,DEL049,MED1756,2024-11-22
V015291,DEL018,MED1779,2024-11-22
V015562,DEL041,MED1809,2024-11-22
V000529,DEL038,MED0063,2024-11-23
V001318,DEL036,MED0158,2024-11-23
V001642,DEL019,MED0200,2024-11-23
V002466,DEL041,MED0313,2024-11-23
V003416,DEL050,MED0418,2024-11-23
V005543,DEL033,MED0689,2024-11-23
V005579,DEL039,MED0697,2024-11-23
V005742,DEL039,MED0713,2024-11-23
V006819,DEL011,MED0838,2024-11-23
V007184,DEL003,MED0885,2024-11-23
V007379,DEL005,MED0905,2024-11-23
V007865,DEL034,MED0972,2024-11-23
V008144,DEL019,MED0997,2024-11-23
V008254,DEL036,MED1006,2024-11-23
V008300,DEL039,MED1014,2024-11-23
V008510,DEL033,MED1041,2024-11-23
V009293,DEL026,MED1113,2024-11-23
V009546,DEL033,MED1162,2024-11-23
V011181,DEL034,MED1367,2024-11-23
V011824,DEL044,MED1435,2024-11-23
V013004,DEL019,MED1556,2024-11-23
V013281,DEL038,MED1582,2024-11-23
V013467,DEL018,MED1592,2024-11-23
V014088,DEL030,MED1647,2024-11-23
V014162,DEL029,MED1655,2024-11-23
V014275,DEL002,MED1674,2024-11-23
V014344,DEL031,MED1676,2024-11-23
V014713,DEL039,MED1714,2024-11-23
V015071,DEL044,MED1762,2024-11-23
V015178,DEL016,MED1771,2024-11-23
V015264,DEL039,MED1778,2024-11-23
V015799,DEL001,MED1845,2024-11-23
V016036,DEL017,MED1875,2024-11-23
V000105,DEL007,MED0020,2024-11-24
V002231,DEL007,MED0287,2024-11-24
V003358,DEL023,MED0408,2024-11-24
V003947,DEL042,MED0478,2024-11-24
V005277,DEL014,MED0664,2024-11-24
V006223,DEL013,MED0758,2024-11-24
V007179,DEL003,MED0885,2024-11-24
V008318,DEL040,MED1016,2024-11-24
V008542,DEL041,MED1044,2024-11-24
V008832,DEL023,MED1076,2024-11-24
V009053,DEL042,MED1094,2024-11-24
V009200,DEL030,MED1104,2024-11-24
V009666,DEL039,MED1172,2024-11-24
V010076,DEL028,MED1204,2024-11-24
V010933,DEL037,MED1334,2024-11-24
V011079,DEL031,MED1359,2024-11-24
V011271,DEL049,MED1372,2024-11-24
V011433,DEL048,MED1395,2024-11-24
V011502,DEL043,MED1403,2024-11-24
V012342,DEL015,MED1480,2024-11-24
V012630,DEL016,MED1517,2024-11-24
V013465,DEL018,MED1592,2024-11-24
V014337,DEL031,MED1676,2024-11-24
V015083,DEL046,MED1764,2024-11-24
V016033,DEL017,MED1875,2024-11-24
V001590,DEL030,MED0193,2024-11-25
V003256,DEL029,MED0402,2024-11-25
V004838,DEL044,MED0593,2024-11-25
V005480,DEL027,MED0682,2024-11-25
V006538,DEL028,MED0803,2024-11-25
V007611,DEL018,MED0945,2024-11-25
V010266,DEL018,MED1225,2024-11-25
V010362,DEL050,MED1241,2024-11-25
V011714,DEL001,MED1424,2024-11-25
V012141,DEL016,MED1456,2024-11-25
V012224,DEL041,MED1464,2024-11-25
V013027,DEL019,MED1559,2024-11-25
V013243,DEL014,MED1576,2024-11-25
V013797,DEL038,MED1621,2024-11-25
V014142,DEL038,MED1651,2024-11-25
V015326,DEL008,MED1782,2024-11-25
V015685,DEL048,MED1827,2024-11-25
V001364,DEL006,MED0161,2024-11-26
V001806,DEL050,MED0220,2024-11-26
V002049,DEL035,MED0259,2024-11-26
V003024,DEL044,MED0377,2024-11-26
V003781,DEL014,MED0457,2024-11-26
V004304,DEL027,MED0532,2024-11-26
V004943,DEL035,MED0614,2024-11-26
V005452,DEL029,MED0680,2024-11-26
V005766,DEL014,MED0714,2024-11-26
V005773,DEL014,MED0714,2024-11-26
V006198,DEL018,MED0757,2024-11-26
V007471,DEL034,MED0920,2024-11-26
V009894,DEL037,MED1191,2024-11-26
V010502,DEL013,MED1261,2024-11-26
V011032,DEL043,MED1356,2024-11-26
V012226,DEL041,MED1464,2024-11-26
V012754,DEL042,MED1526,2024-11-26
V012930,DEL018,MED1545,2024-11-26
V013939,DEL003,MED1632,2024-11-26
V013980,DEL018,MED1633,2024-11-26
V014923,DEL034,MED1746,2024-11-26
V015381,DEL027,MED1793,2024-11-26
V015536,DEL038,MED1808,2024-11-26
V000181,DEL022,MED0026,2024-11-27
V001987,DEL004,MED0246,2024-11-27
V002105,DEL013,MED0272,2024-11-27
V002561,DEL046,MED0325,2024-11-27
V003246,DEL029,MED0402,2024-11-27
V003619,DEL018,MED0446,2024-11-27
V006135,DEL048,MED0751,2024-11-27
V006211,DEL013,MED0758,2024-11-27
V006772,DEL044,MED0836,2024-11-27
V007354,DEL021,MED0901,2024-11-27
V008917,DEL006,MED1087,2024-11-27
V009130,DEL036,MED1102,2024-11-27
V009519,DEL011,MED1158,2024-11-27
V010296,DEL038,MED1233,2024-11-27
V012152,DEL029,MED1458,2024-11-27
V012275,DEL026,MED1470,2024-11-27
V012482,DEL023,MED1497,2024-11-27
V013434,DEL048,MED1591,2024-11-27
V013829,DEL016,MED1623,2024-11-27
V013877,DEL024,MED1624,2024-11-27
V014910,DEL001,MED1744,2024-11-27
V015203,DEL024,MED1775,2024-11-27
V015763,DEL025,MED1842,2024-11-27
V000427,DEL045,MED0054,2024-11-28
V001746,DEL010,MED0212,2024-11-28
V002914,DEL019,MED0365,2024-11-28
V003354,DEL023,MED0408,2024-11-28
V003959,DEL040,MED0480,2024-11-28
V004708,DEL008,MED0576,2024-11-28
V006237,DEL045,MED0759,2024-11-28
V006270,DEL011,MED0766,2024-11-28
V006289,DEL021,MED0769,2024-11-28
V006399,DEL021,MED0788,2024-11-28
V006883,DEL031,MED0848,2024-11-28
V008022,DEL035,MED0986,2024-11-28
V008087,DEL047,MED0993,2024-11-28
V010555,DEL041,MED1271,2024-11-28
V010877,DEL010,MED1326,2024-11-28
V011005,DEL023,MED1350,2024-11-28
V011286,DEL042,MED1374,2024-11-28
V011920,DEL036,MED1438,2024-11-28
V012366,DEL028,MED1488,2024-11-28
V012764,DEL042,MED1526,2024-11-28
V013132,DEL030,MED1567,2024-11-28
V013536,DEL049,MED1600,2024-11-28
V013686,DEL010,MED1615,2024-11-28
V014234,DEL035,MED1670,2024-11-28
V014246,DEL042,MED1671,2024-11-28
V014391,DEL043,MED1678,2024-11-28
V014415,DEL006,MED1682,2024-11-28
V014548,DEL018,MED1698,2024-11-28
V014598,DEL020,MED1700,2024-11-28
V014601,DEL020,MED1700,2024-11-28
V015187,DEL024,MED1775,2024-11-28
V016296,DEL029,MED1906,2024-11-28
V016494,DEL002,MED1944,2024-11-28
V000027,DEL002,MED0009,2024-12-01
V000392,DEL018,MED0050,2024-12-01
V000464,DEL002,MED0058,2024-12-01
V002619,DEL043,MED0339,2024-12-01
V002848,DEL050,MED0356,2024-12-01
V003671,DEL026,MED0448,2024-12-01
V004960,DEL004,MED0619,2024-12-01
V005112,DEL006,MED0637,2024-12-01
V005542,DEL033,MED0689,2024-12-01
V005982,DEL030,MED0733,2024-12-01
V006708,DEL006,MED0830,2024-12-01
V006771,DEL044,MED0836,2024-12-01
V007030,DEL001,MED0867,2024-12-01
V007500,DEL034,MED0923,2024-12-01
V007714,DEL010,MED0960,2024-12-01
V009470,DEL039,MED1144,2024-12-01
V009692,DEL033,MED1177,2024-12-01
V009884,DEL009,MED1188,2024-12-01
V010250,DEL041,MED1223,2024-12-01
V010515,DEL041,MED1263,2024-12-01
V010788,DEL004,MED1308,2024-12-01
V012123,DEL016,MED1455,2024-12-01
V013620,DEL012,MED1605,2024-12-01
V015907,DEL050,MED1860,2024-12-01
V000682,DEL013,MED0080,2024-12-02
V001108,DEL007,MED0132,2024-12-02
V001287,DEL024,MED0157,2024-12-02
V001292,DEL024,MED0157,2024-12-02
V001361,DEL006,MED0161,2024-12-02
V002101,DEL013,MED0272,2024-12-02
V002205,DEL012,MED0284,2024-12-02
V002545,DEL008,MED0323,2024-12-02
V002622,DEL043,MED0339,2024-12-02
V003610,DEL002,MED0444,2024-12-02
V003645,DEL043,MED0447,2024-12-02
V004794,DEL001,MED0585,2024-12-02
V004832,DEL044,MED0593,2024-12-02
V006299,DEL021,MED0769,2024-12-02
V006921,DEL030,MED0856,2024-12-02
V007763,DEL049,MED0964,2024-12-02
V007873,DEL034,MED0972,2024-12-02
V008332,DEL045,MED1017,2024-12-02
V009010,DEL035,MED1091,2024-12-02
V009638,DEL022,MED1170,2024-12-02
V011153,DEL001,MED1366,2024-12-02
V011192,DEL034,MED1367,2024-12-02
V012126,DEL016,MED1455,2024-12-02
V012287,DEL026,MED1470,2024-12-02
V013218,DEL013,MED1575,2024-12-02
V013755,DEL032,MED1620,2024-12-02
V014661,DEL004,MED1705,2024-12-02
V015418,DEL016,MED1795,2024-12-02
V016230,DEL037,MED1894,2024-12-02
V016718,DEL005,MED1973,2024-12-02
V000337,DEL039,MED0044,2024-12-03
V000973,DEL008,MED0114,2024-12-03
V004523,DEL047,MED0555,2024-12-03
V004835,DEL044,MED0593,2024-12-03
V005841,DEL044,MED0723,2024-12-03
V006865,DEL023,MED0846,2024-12-03
V007334,DEL025,MED0898,2024-12-03
V007422,DEL030,MED0909,2024-12-03
V007642,DEL006,MED0952,2024-12-03
V008016,DEL035,MED0986,2024-12-03
V008119,DEL049,MED0994,2024-12-03
V008280,DEL049,MED1011,2024-12-03
V008367,DEL027,MED1025,2024-12-03
V009415,DEL017,MED1136,2024-12-03
V009532,DEL023,MED1161,2024-12-03
V009605,DEL047,MED1167,2024-12-03
V009691,DEL033,MED1177,2024-12-03
V009778,DEL023,MED1183,2024-12-03
V009901,DEL041,MED1193,2024-12-03
V011890,DEL019,MED1437,2024-12-03
V011963,DEL001,MED1445,2024-12-03
V011988,DEL021,MED1446,2024-12-03
V013397,DEL027,MED1589,2024-12-03
V013878,DEL024,MED1624,2024-12-03
V014724,DEL017,MED1715,2024-12-03
V015878,DEL006,MED1855,2024-12-03
V000419,DEL015,MED0052,2024-12-04
V002095,DEL041,MED0271,2024-12-04
V002406,DEL010,MED0308,2024-12-04
V004369,DEL016,MED0540,2024-12-04
V004553,DEL034,MED0557,2024-12-04
V005683,DEL044,MED0707,2024-12-04
V005813,DEL027,MED0719,2024-12-04
V006328,DEL038,MED0771,2024-12-04
V007901,DEL045,MED0973,2024-12-04
V008357,DEL015,MED1024,2024-12-04
V008838,DEL023,MED1076,2024-12-04
V009976,DEL045,MED1196,2024-12-04
V010445,DEL012,MED1247,2024-12-04
V010566,DEL023,MED1275,2024-12-04
V012371,DEL028,MED1490,2024-12-04
V013261,DEL042,MED1580,2024-12-04
V013395,DEL027,MED1589,2024-12-04
V015684,DEL048,MED1827,2024-12-04
V002436,DEL021,MED0309,2024-12-05
V002592,DEL047,MED0332,2024-12-05
V003200,DEL027,MED0394,2024-12-05
V004959,DEL004,MED0619,2024-12-05
V006010,DEL003,MED0736,2024-12-05
V006363,DEL036,MED0783,2024-12-05
V007338,DEL035,MED0899,2024-12-05
V008439,DEL041,MED1033,2024-12-05
V008921,DEL006,MED1087,2024-12-05
V009116,DEL025,MED1101,2024-12-05
V009857,DEL018,MED1187,2024-12-05
V011076,DEL031,MED1359,2024-12-05
V011207,DEL030,MED1368,2024-12-05
V011526,DEL022,MED1405,2024-12-05
V011637,DEL046,MED1419,2024-12-05
V011693,DEL021,MED1423,2024-12-05
V012589,DEL036,MED1506,2024-12-05
V012667,DEL037,MED1519,2024-12-05
V015308,DEL018,MED1779,2024-12-05
V015457,DEL048,MED1799,2024-12-05
V015635,DEL009,MED1818,2024-12-05
V016592,DEL041,MED1954,2024-12-05
V000161,DEL033,MED0023,2024-12-06
V001134,DEL033,MED0134,2024-12-06
V001223,DEL033,MED0147,2024-12-06
V001605,DEL014,MED0197,2024-12-06
V001773,DEL035,MED0215,2024-12-06
V002116,DEL013,MED0272,2024-12-06
V002511,DEL048,MED0321,2024-12-06
V002647,DEL008,MED0341,2024-12-06
V003036,DEL007,MED0381,2024-12-06
V005137,DEL019,MED0642,2024-12-06
V005189,DEL039,MED0650,2024-12-06
V005479,DEL027,MED0682,2024-12-06
V005806,DEL027,MED0719,2024-12-06
V005906,DEL029,MED0729,2024-12-06
V005990,DEL033,MED0734,2024-12-06
V008120,DEL049,MED0994,2024-12-06
V009852,DEL018,MED1187,2024-12-06
V011280,DEL015,MED1373,2024-12-06
V012165,DEL038,MED1459,2024-12-06
V012484,DEL023,MED1497,2024-12-06
V012628,DEL016,MED1517,2024-12-06
V012848,DEL017,MED1541,2024-12-06
V013276,DEL038,MED1582,2024-12-06
V013378,DEL004,MED1588,2024-12-06
V014103,DEL010,MED1648,2024-12-06
V014710,DEL039,MED1714,2024-12-06
V015761,DEL025,MED1842,2024-12-06
V015788,DEL012,MED1844,2024-12-06
V015910,DEL050,MED1860,2024-12-06
V016070,DEL001,MED1876,2024-12-06
V000308,DEL049,MED0042,2024-12-07
V001176,DEL020,MED0138,2024-12-07
V002353,DEL014,MED0300,2024-12-07
V002588,DEL047,MED0332,2024-12-07
V002620,DEL043,MED0339,2024-12-07
V002771,DEL033,MED0351,2024-12-07
V003047,DEL049,MED0382,2024-12-07
V003136,DEL033,MED0387,2024-12-07
V003832,DEL003,MED0467,2024-12-07
V004167,DEL017,MED0517,2024-12-07
V004888,DEL026,MED0600,2024-12-07
V004964,DEL004,MED0619,2024-12-07
V005054,DEL050,MED0626,2024-12-07
V005442,DEL029,MED0680,2024-12-07
V005606,DEL011,MED0700,2024-12-07
V007232,DEL041,MED0892,2024-12-07
V007380,DEL005,MED0905,2024-12-07
V007474,DEL034,MED0920,2024-12-07
V007751,DEL049,MED0964,2024-12-07
V009295,DEL026,MED1113,2024-12-07
V009805,DEL048,MED1185,2024-12-07
V011115,DEL015,MED1365,2024-12-07
V011755,DEL048,MED1430,2024-12-07
V011762,DEL048,MED1430,2024-12-07
V012265,DEL029,MED1469,2024-12-07
V012711,DEL002,MED1521,2024-12-07
V013425,DEL049,MED1590,2024-12-07
V014090,DEL030,MED1647,2024-12-07
V014313,DEL015,MED1675,2024-12-07
V015527,DEL038,MED1808,2024-12-07
V016261,DEL024,MED1901,2024-12-07
V016482,DEL002,MED1944,2024-12-07
V016882,DEL033,MED1996,2024-12-07
V000199,DEL027,MED0030,2024-12-08
V000830,DEL001,MED0101,2024-12-08
V001235,DEL033,MED0147,2024-12-08
V001585,DEL030,MED0193,2024-12-08
V002515,DEL048,MED0321,2024-12-08
V003563,DEL033,MED0439,2024-12-08
V003590,DEL036,MED0441,2024-12-08
V004656,DEL018,MED0573,2024-12-08
V005236,DEL004,MED0661,2024-12-08
V005576,DEL005,MED0694,2024-12-08
V006093,DEL046,MED0750,2024-12-08
V006937,DEL006,MED0859,2024-12-08
V008660,DEL049,MED1058,2024-12-08
V009051,DEL042,MED1094,2024-12-08
V010632,DEL048,MED1284,2024-12-08
V011114,DEL015,MED1365,2024-12-08
V011977,DEL001,MED1445,2024-12-08
V012503,DEL007,MED1498,2024-12-08
V012883,DEL049,MED1542,2024-12-08
V013363,DEL015,MED1587,2024-12-08
V013648,DEL032,MED1609,2024-12-08
V014856,DEL022,MED1734,2024-12-08
V015256,DEL039,MED1778,2024-12-08
V016171,DEL025,MED1891,2024-12-08
V016862,DEL048,MED1986,2024-12-08
V000295,DEL049,MED0042,2024-12-09
V000999,DEL049,MED0122,2024-12-09
V001266,DEL017,MED0149,2024-12-09
V002228,DEL007,MED0287,2024-12-09
V002636,DEL019,MED0340,2024-12-09
V003355,DEL023,MED0408,2024-12-09
V004784,DEL007,MED0584,2024-12-09
V006091,DEL046,MED0750,2024-12-09
V006974,DEL019,MED0864,2024-12-09
V007144,DEL025,MED0882,2024-12-09
V007668,DEL050,MED0953,2024-12-09
V008142,DEL043,MED0996,2024-12-09
V008197,DEL019,MED1001,2024-12-09
V008916,DEL006,MED1087,2024-12-09
V009067,DEL006,MED1096,2024-12-09
V009285,DEL026,MED1113,2024-12-09
V010093,DEL030,MED1206,2024-12-09
V010930,DEL037,MED1334,2024-12-09
V012030,DEL030,MED1448,2024-12-09
V012156,DEL038,MED1459,2024-12-09
V015150,DEL035,MED1769,2024-12-09
V015263,DEL039,MED1778,2024-12-09
V016686,DEL026,MED1964,2024-12-09
V016746,DEL010,MED1974,2024-12-09
V000088,DEL042,MED0017,2024-12-10
V000095,DEL023,MED0019,2024-12-10
V000471,DEL002,MED0058,2024-12-10
V000531,DEL038,MED0063,2024-12-10
V000663,DEL001,MED0076,2024-12-10
V000693,DEL020,MED0081,2024-12-10
V000852,DEL020,MED0104,2024-12-10
V003719,DEL049,MED0452,2024-12-10
V004184,DEL046,MED0520,2024-12-10
V004269,DEL029,MED0529,2024-12-10
V005184,DEL039,MED0650,2024-12-10
V006157,DEL027,MED0752,2024-12-10
V006732,DEL006,MED0832,2024-12-10
V007632,DEL006,MED0952,2024-12-10
V007635,DEL006,MED0952,2024-12-10
V010911,DEL034,MED1328,2024-12-10
V010969,DEL021,MED1339,2024-12-10
V011448,DEL049,MED1399,2024-12-10
V011462,DEL049,MED1399,2024-12-10
V012028,DEL030,MED1448,2024-12-10
V012435,DEL003,MED1492,2024-12-10
V013137,DEL023,MED1569,2024-12-10
V013264,DEL030,MED1581,2024-12-10
V013407,DEL027,MED1589,2024-12-10
V013533,DEL049,MED1600,2024-12-10
V014473,DEL048,MED1692,2024-12-10
V015112,DEL023,MED1768,2024-12-10
V015909,DEL050,MED1860,2024-12-10
V016103,DEL009,MED1879,2024-12-10
V016141,DEL017,MED1888,2024-12-10
V000871,DEL001,MED0107,2024-12-11
V000892,DEL049,MED0108,2024-12-11
V001000,DEL049,MED0122,2024-12-11
V002408,DEL010,MED0308,2024-12-11
V003492,DEL014,MED0431,2024-12-11
V004267,DEL041,MED0528,2024-12-11
V005343,DEL045,MED0670,2024-12-11
V005837,DEL046,MED0721,2024-12-11
V006016,DEL033,MED0738,2024-12-11
V006184,DEL019,MED0753,2024-12-11
V006371,DEL017,MED0784,2024-12-11
V006851,DEL023,MED0846,2024-12-11
V007141,DEL025,MED0882,2024-12-11
V009252,DEL024,MED1111,2024-12-11
V011409,DEL001,MED1392,2024-12-11
V013169,DEL012,MED1570,2024-12-11
V014040,DEL043,MED1641,2024-12-11
V014550,DEL018,MED1698,2024-12-11
V014722,DEL017,MED1715,2024-12-11
V000857,DEL002,MED0105,2024-12-12
V001390,DEL017,MED0163,2024-12-12
V002106,DEL013,MED0272,2024-12-12
V002502,DEL034,MED0319,2024-12-12
V006219,DEL013,MED0758,2024-12-12
V006583,DEL043,MED0811,2024-12-12
V007104,DEL040,MED0879,2024-12-12
V007759,DEL049,MED0964,2024-12-12
V009026,DEL035,MED1091,2024-12-12
V009334,DEL007,MED1119,2024-12-12
V009804,DEL048,MED1185,2024-12-12
V010344,DEL037,MED1240,2024-12-12
V010600,DEL010,MED1280,2024-12-12
V013463,DEL018,MED1592,2024-12-12
V013468,DEL018,MED1592,2024-12-12
V014414,DEL006,MED1682,2024-12-12
V014633,DEL010,MED1703,2024-12-12
V015238,DEL031,MED1777,2024-12-12
V015432,DEL020,MED1797,2024-12-12
V016183,DEL026,MED1892,2024-12-12
V000037,DEL012,MED0011,2024-12-13
V000567,DEL043,MED0066,2024-12-13
V001230,DEL033,MED0147,2024-12-13
V001449,DEL041,MED0168,2024-12-13
V002649,DEL008,MED0341,2024-12-13
V002719,DEL026,MED0344,2024-12-13
V002942,DEL010,MED0368,2024-12-13
V003153,DEL018,MED0388,2024-12-13
V003164,DEL018,MED0388,2024-12-13
V003909,DEL007,MED0475,2024-12-13
V004001,DEL015,MED0486,2024-12-13
V004878,DEL026,MED0600,2024-12-13
V005337,DEL045,MED0670,2024-12-13
V005385,DEL026,MED0673,2024-12-13
V006296,DEL021,MED0769,2024-12-13
V006988,DEL025,MED0865,2024-12-13
V007585,DEL042,MED0938,2024-12-13
V008502,DEL033,MED1041,2024-12-13
V008641,DEL034,MED1054,2024-12-13
V008795,DEL042,MED1075,2024-12-13
V009225,DEL035,MED1109,2024-12-13
V009775,DEL023,MED1183,2024-12-13
V009785,DEL023,MED1183,2024-12-13
V010442,DEL001,MED1245,2024-12-13
V010757,DEL013,MED1304,2024-12-13
V011262,DEL026,MED1371,2024-12-13
V011398,DEL048,MED1391,2024-12-13
V012263,DEL029,MED1469,2024-12-13
V012604,DEL014,MED1512,2024-12-13
V012772,DEL042,MED1526,2024-12-13
V014089,DEL030,MED1647,2024-12-13
V000537,DEL038,MED0063,2024-12-14
V001516,DEL033,MED0189,2024-12-14
V002209,DEL016,MED0285,2024-12-14
V002302,DEL042,MED0297,2024-12-14
V003017,DEL041,MED0376,2024-12-14
V003319,DEL050,MED0406,2024-12-14
V003487,DEL014,MED0431,2024-12-14
V005032,DEL023,MED0623,2024-12-14
V006160,DEL027,MED0752,2024-12-14
V006161,DEL027,MED0752,2024-12-14
V006541,DEL028,MED0803,2024-12-14
V007164,DEL003,MED0885,2024-12-14
V007303,DEL041,MED0896,2024-12-14
V007552,DEL026,MED0930,2024-12-14
V007715,DEL010,MED0960,2024-12-14
V007752,DEL049,MED0964,2024-12-14
V007946,DEL041,MED0978,2024-12-14
V009174,DEL039,MED1103,2024-12-14
V010728,DEL002,MED1299,2024-12-14
V011121,DEL015,MED1365,2024-12-14
V011211,DEL046,MED1369,2024-12-14
V011654,DEL046,MED1419,2024-12-14
V011861,DEL033,MED1436,2024-12-14
V012308,DEL041,MED1472,2024-12-14
V012820,DEL006,MED1540,2024-12-14
V013303,DEL017,MED1584,2024-12-14
V014280,DEL002,MED1674,2024-12-14
V014523,DEL012,MED1696,2024-12-14
V014831,DEL006,MED1729,2024-12-14
V015331,DEL035,MED1783,2024-12-14
V015852,DEL026,MED1854,2024-12-14
V016288,DEL039,MED1905,2024-12-14
V016840,DEL001,MED1984,2024-12-14
V000792,DEL041,MED0093,2024-12-15
V001290,DEL024,MED0157,2024-12-15
V001529,DEL031,MED0190,2024-12-15
V001769,DEL035,MED0215,2024-12-15
V002190,DEL004,MED0282,2024-12-15
V002702,DEL030,MED0342,2024-12-15
V005692,DEL044,MED0707,2024-12-15
V006196,DEL018,MED0757,2024-12-15
V006388,DEL006,MED0786,2024-12-15
V006640,DEL033,MED0818,2024-12-15
V007382,DEL005,MED0905,2024-12-15
V008204,DEL022,MED1002,2024-12-15
V008738,DEL049,MED1071,2024-12-15
V010387,DEL013,MED1242,2024-12-15
V010672,DEL050,MED1288,2024-12-15
V010739,DEL025,MED1301,2024-12-15
V010785,DEL004,MED1308,2024-12-15
V011582,DEL023,MED1410,2024-12-15
V011632,DEL036,MED1418,2024-12-15
V014726,DEL017,MED1715,2024-12-15
V015759,DEL025,MED1842,2024-12-15
V015970,DEL029,MED1864,2024-12-15
V016229,DEL037,MED1894,2024-12-15
V016714,DEL005,MED1973,2024-12-15
V001408,DEL041,MED0165,2024-12-16
V001479,DEL045,MED0176,2024-12-16
V003524,DEL011,MED0433,2024-12-16
V003572,DEL033,MED0439,2024-12-16
V005870,DEL047,MED0726,2024-12-16
V006637,DEL033,MED0818,2024-12-16
V011073,DEL031,MED1359,2024-12-16
V011410,DEL001,MED1392,2024-12-16
V011431,DEL048,MED1395,2024-12-16
V011446,DEL049,MED1399,2024-12-16
V011494,DEL046,MED1402,2024-12-16
V012058,DEL031,MED1449,2024-12-16
V012432,DEL003,MED1492,2024-12-16
V012436,DEL003,MED1492,2024-12-16
V012525,DEL011,MED1501,2024-12-16
V012768,DEL042,MED1526,2024-12-16
V013399,DEL027,MED1589,2024-12-16
V013637,DEL020,MED1606,2024-12-16
V014220,DEL037,MED1664,2024-12-16
V014830,DEL006,MED1729,2024-12-16
V016402,DEL025,MED1931,2024-12-16
V001267,DEL017,MED0149,2024-12-17
V001463,DEL020,MED0173,2024-12-17
V004379,DEL016,MED0540,2024-12-17
V004786,DEL007,MED0584,2024-12-17
V004991,DEL006,MED0622,2024-12-17
V005631,DEL023,MED0701,2024-12-17
V006163,DEL027,MED0752,2024-12-17
V006286,DEL021,MED0769,2024-12-17
V006858,DEL023,MED0846,2024-12-17
V007235,DEL041,MED0892,2024-12-17
V007459,DEL014,MED0918,2024-12-17
V007515,DEL030,MED0926,2024-12-17
V008048,DEL012,MED0991,2024-12-17
V008271,DEL042,MED1009,2024-12-17
V008306,DEL039,MED1014,2024-12-17
V008443,DEL014,MED1035,2024-12-17
V009526,DEL016,MED1159,2024-12-17
V010977,DEL031,MED1341,2024-12-17
V011066,DEL031,MED1359,2024-12-17
V011311,DEL023,MED1381,2024-12-17
V011868,DEL033,MED1436,2024-12-17
V013461,DEL018,MED1592,2024-12-17
V014247,DEL042,MED1671,2024-12-17
V014284,DEL002,MED1674,2024-12-17
V014723,DEL017,MED1715,2024-12-17
V016187,DEL001,MED1893,2024-12-17
V016673,DEL009,MED1961,2024-12-17
V001021,DEL008,MED0125,2024-12-18
V001877,DEL021,MED0229,2024-12-18
V003057,DEL013,MED0383,2024-12-18
V004365,DEL016,MED0540,2024-12-18
V004487,DEL016,MED0552,2024-12-18
V005497,DEL009,MED0685,2024-12-18
V006015,DEL033,MED0738,2024-12-18
V006357,DEL044,MED0779,2024-12-18
V006645,DEL033,MED0818,2024-12-18
V007909,DEL045,MED0973,2024-12-18
V008209,DEL022,MED1002,2024-12-18
V009939,DEL013,MED1194,2024-12-18
V010157,DEL013,MED1215,2024-12-18
V010253,DEL041,MED1223,2024-12-18
V010419,DEL032,MED1244,2024-12-18
V011278,DEL015,MED1373,2024-12-18
V011426,DEL048,MED1395,2024-12-18
V012099,DEL022,MED1452,2024-12-18
V014036,DEL043,MED1641,2024-12-18
V014245,DEL042,MED1671,2024-12-18
V014891,DEL003,MED1739,2024-12-18
V015383,DEL027,MED1793,2024-12-18
V015410,DEL046,MED1794,2024-12-18
V015530,DEL038,MED1808,2024-12-18
V016884,DEL033,MED1996,2024-12-18
V000123,DEL020,MED0022,2024-12-19
V000454,DEL002,MED0058,2024-12-19
V001265,DEL017,MED0149,2024-12-19
V001906,DEL035,MED0233,2024-12-19
V002327,DEL036,MED0298,2024-12-19
V003672,DEL026,MED0448,2024-12-19
V003942,DEL042,MED0478,2024-12-19
V004507,DEL047,MED0555,2024-12-19
V004821,DEL048,MED0591,2024-12-19
V005170,DEL008,MED0649,2024-12-19
V005457,DEL029,MED0680,2024-12-19
V005654,DEL033,MED0702,2024-12-19
V006053,DEL013,MED0748,2024-12-19
V006647,DEL033,MED0818,2024-12-19
V007432,DEL044,MED0910,2024-12-19
V009659,DEL009,MED1171,2024-12-19
V010602,DEL010,MED1280,2024-12-19
V010738,DEL025,MED1301,2024-12-19
V011219,DEL046,MED1369,2024-12-19
V011584,DEL018,MED1411,2024-12-19
V012429,DEL003,MED1492,2024-12-19
V013296,DEL017,MED1584,2024-12-19
V013371,DEL004,MED1588,2024-12-19
V013828,DEL016,MED1623,2024-12-19
V015029,DEL049,MED1756,2024-12-19
V015821,DEL004,MED1851,2024-12-19
V000069,DEL039,MED0013,2024-12-20
V000102,DEL007,MED0020,2024-12-20
V000764,DEL024,MED0090,2024-12-20
V001028,DEL008,MED0125,2024-12-20
V001749,DEL047,MED0213,2024-12-20
V002202,DEL024,MED0283,2024-12-20
V002718,DEL025,MED0343,2024-12-20
V002938,DEL010,MED0368,2024-12-20
V004368,DEL016,MED0540,2024-12-20
V005866,DEL047,MED0726,2024-12-20
V007728,DEL027,MED0962,2024-12-20
V007906,DEL045,MED0973,2024-12-20
V009286,DEL026,MED1113,2024-12-20
V009850,DEL018,MED1187,2024-12-20
V010175,DEL034,MED1220,2024-12-20
V010479,DEL031,MED1255,2024-12-20
V011152,DEL001,MED1366,2024-12-20
V012006,DEL021,MED1446,2024-12-20
V012044,DEL031,MED1449,2024-12-20
V012809,DEL029,MED1539,2024-12-20
V012849,DEL017,MED1541,2024-12-20
V013183,DEL011,MED1572,2024-12-20
V013953,DEL003,MED1632,2024-12-20
V015565,DEL041,MED1809,2024-12-20
V000396,DEL018,MED0050,2024-12-21
V000949,DEL021,MED0113,2024-12-21
V001113,DEL033,MED0134,2024-12-21
V002944,DEL010,MED0368,2024-12-21
V003257,DEL029,MED0402,2024-12-21
V003878,DEL043,MED0471,2024-12-21
V003946,DEL042,MED0478,2024-12-21
V005235,DEL004,MED0661,2024-12-21
V005662,DEL018,MED0703,2024-12-21
V006095,DEL046,MED0750,2024-12-21
V008302,DEL039,MED1014,2024-12-21
V008351,DEL011,MED1023,2024-12-21
V009178,DEL039,MED1103,2024-12-21
V009429,DEL038,MED1138,2024-12-21
V009931,DEL013,MED1194,2024-12-21
V010089,DEL030,MED1206,2024-12-21
V010359,DEL050,MED1241,2024-12-21
V011029,DEL043,MED1356,2024-12-21
V013680,DEL010,MED1615,2024-12-21
V013823,DEL016,MED1623,2024-12-21
V015349,DEL035,MED1787,2024-12-21
V015702,DEL037,MED1830,2024-12-21
V016228,DEL037,MED1894,2024-12-21
V016309,DEL025,MED1910,2024-12-21
V000079,DEL007,MED0016,2024-12-22
V000686,DEL013,MED0080,2024-12-22
V000968,DEL008,MED0114,2024-12-22
V001759,DEL035,MED0215,2024-12-22
V003738,DEL034,MED0456,2024-12-22
V004665,DEL018,MED0573,2024-12-22
V005008,DEL006,MED0622,2024-12-22
V005071,DEL042,MED0629,2024-12-22
V005119,DEL042,MED0638,2024-12-22
V005868,DEL047,MED0726,2024-12-22
V007212,DEL026,MED0887,2024-12-22
V008055,DEL012,MED0991,2024-12-22
V008152,DEL028,MED0998,2024-12-22
V010035,DEL033,MED1200,2024-12-22
V010181,DEL034,MED1220,2024-12-22
V010625,DEL048,MED1284,2024-12-22
V011934,DEL014,MED1439,2024-12-22
V012143,DEL016,MED1456,2024-12-22
V014294,DEL002,MED1674,2024-12-22
V014850,DEL022,MED1734,2024-12-22
V015196,DEL024,MED1775,2024-12-22
V000097,DEL023,MED0019,2024-12-23
V000982,DEL034,MED0116,2024-12-23
V002646,DEL008,MED0341,2024-12-23
V004189,DEL013,MED0522,2024-12-23
V004469,DEL020,MED0549,2024-12-23
V004570,DEL026,MED0560,2024-12-23
V005227,DEL004,MED0661,2024-12-23
V005740,DEL039,MED0713,2024-12-23
V006141,DEL048,MED0751,2024-12-23
V007670,DEL050,MED0953,2024-12-23
V008707,DEL016,MED1064,2024-12-23
V008918,DEL006,MED1087,2024-12-23
V009361,DEL046,MED1126,2024-12-23
V009486,DEL025,MED1147,2024-12-23
V009909,DEL041,MED1193,2024-12-23
V010009,DEL019,MED1199,2024-12-23
V010321,DEL023,MED1236,2024-12-23
V010593,DEL023,MED1278,2024-12-23
V011647,DEL046,MED1419,2024-12-23
V012027,DEL030,MED1448,2024-12-23
V013859,DEL024,MED1624,2024-12-23
V014630,DEL010,MED1703,2024-12-23
V014822,DEL048,MED1727,2024-12-23
V015189,DEL024,MED1775,2024-12-23
V015504,DEL010,MED1807,2024-12-23
V015629,DEL009,MED1818,2024-12-23
V000264,DEL018,MED0040,2024-12-24
V000271,DEL018,MED0040,2024-12-24
V000301,DEL049,MED0042,2024-12-24
V001558,DEL048,MED0191,2024-12-24
V002109,DEL013,MED0272,2024-12-24
V002778,DEL050,MED0352,2024-12-24
V003310,DEL050,MED0406,2024-12-24
V003622,DEL018,MED0446,2024-12-24
V004363,DEL016,MED0540,2024-12-24
V004734,DEL011,MED0580,2024-12-24
V004745,DEL026,MED0581,2024-12-24
V005626,DEL023,MED0701,2024-12-24
V006486,DEL035,MED0796,2024-12-24
V006788,DEL031,MED0837,2024-12-24
V006910,DEL001,MED0854,2024-12-24
V007325,DEL002,MED0897,2024-12-24
V007995,DEL023,MED0983,2024-12-24
V008019,DEL035,MED0986,2024-12-24
V008292,DEL033,MED1013,2024-12-24
V008990,DEL021,MED1090,2024-12-24
V009288,DEL026,MED1113,2024-12-24
V009294,DEL026,MED1113,2024-12-24
V009730,DEL034,MED1179,2024-12-24
V009930,DEL013,MED1194,2024-12-24
V010658,DEL003,MED1287,2024-12-24
V011445,DEL045,MED1397,2024-12-24
V011455,DEL049,MED1399,2024-12-24
V011592,DEL018,MED1412,2024-12-24
V011989,DEL021,MED1446,2024-12-24
V012042,DEL031,MED1449,2024-12-24
V012202,DEL036,MED1461,2024-12-24
V013330,DEL034,MED1585,2024-12-24
V013459,DEL018,MED1592,2024-12-24
V013476,DEL018,MED1592,2024-12-24
V013709,DEL010,MED1616,2024-12-24
V013991,DEL018,MED1633,2024-12-24
V014458,DEL011,MED1687,2024-12-24
V000407,DEL002,MED0051,2024-12-25
V000449,DEL017,MED0057,2024-12-25
V001523,DEL031,MED0190,2024-12-25
V001531,DEL031,MED0190,2024-12-25
V002661,DEL008,MED0341,2024-12-25
V002945,DEL010,MED0368,2024-12-25
V003075,DEL013,MED0383,2024-12-25
V003420,DEL031,MED0420,2024-12-25
V004416,DEL018,MED0543,2024-12-25
V004909,DEL030,MED0603,2024-12-25
V006412,DEL003,MED0789,2024-12-25
V007864,DEL034,MED0972,2024-12-25
V007980,DEL020,MED0982,2024-12-25
V008440,DEL041,MED1033,2024-12-25
V009694,DEL033,MED1177,2024-12-25
V009900,DEL041,MED1193,2024-12-25
V010341,DEL037,MED1240,2024-12-25
V011460,DEL049,MED1399,2024-12-25
V012023,DEL014,MED1447,2024-12-25
V012162,DEL038,MED1459,2024-12-25
V012823,DEL006,MED1540,2024-12-25
V012963,DEL048,MED1550,2024-12-25
V013134,DEL033,MED1568,2024-12-25
V013813,DEL007,MED1622,2024-12-25
V013817,DEL007,MED1622,2024-12-25
V014232,DEL035,MED1670,2024-12-25
V014419,DEL039,MED1684,2024-12-25
V016142,DEL017,MED1888,2024-12-25
V016213,DEL037,MED1894,2024-12-25
V016461,DEL027,MED1942,2024-12-25
V016841,DEL001,MED1984,2024-12-25
V000014,DEL008,MED0002,2024-12-26
V000695,DEL020,MED0081,2024-12-26
V002094,DEL041,MED0271,2024-12-26
V005229,DEL004,MED0661,2024-12-26
V005580,DEL039,MED0697,2024-12-26
V006695,DEL009,MED0823,2024-12-26
V007004,DEL025,MED0865,2024-12-26
V007661,DEL050,MED0953,2024-12-26
V007975,DEL020,MED0982,2024-12-26
V008092,DEL047,MED0993,2024-12-26
V009379,DEL023,MED1127,2024-12-26
V011760,DEL048,MED1430,2024-12-26
V011936,DEL014,MED1439,2024-12-26
V012632,DEL016,MED1517,2024-12-26
V012707,DEL002,MED1521,2024-12-26
V013937,DEL003,MED1632,2024-12-26
V014193,DEL011,MED1658,2024-12-26
V014383,DEL043,MED1678,2024-12-26
V014962,DEL012,MED1749,2024-12-26
V016704,DEL009,MED1971,2024-12-26
V000351,DEL016,MED0048,2024-12-27
V000564,DEL045,MED0065,2024-12-27
V000737,DEL043,MED0085,2024-12-27
V002192,DEL004,MED0282,2024-12-27
V002461,DEL014,MED0312,2024-12-27
V003199,DEL027,MED0394,2024-12-27
V003990,DEL048,MED0485,2024-12-27
V004549,DEL034,MED0557,2024-12-27
V006162,DEL027,MED0752,2024-12-27
V006335,DEL003,MED0775,2024-12-27
V006586,DEL043,MED0811,2024-12-27
V007037,DEL029,MED0868,2024-12-27
V007950,DEL041,MED0978,2024-12-27
V008148,DEL028,MED0998,2024-12-27
V008413,DEL020,MED1032,2024-12-27
V008582,DEL033,MED1046,2024-12-27
V009777,DEL023,MED1183,2024-12-27
V009803,DEL048,MED1185,2024-12-27
V010697,DEL038,MED1290,2024-12-27
V010730,DEL002,MED1299,2024-12-27
V011713,DEL001,MED1424,2024-12-27
V014207,DEL029,MED1661,2024-12-27
V014334,DEL031,MED1676,2024-12-27
V014384,DEL043,MED1678,2024-12-27
V015971,DEL029,MED1864,2024-12-27
V016870,DEL011,MED1988,2024-12-27
V000183,DEL030,MED0027,2024-12-28
V003746,DEL034,MED0456,2024-12-28
V004037,DEL026,MED0492,2024-12-28
V004137,DEL026,MED0513,2024-12-28
V004401,DEL007,MED0542,2024-12-28
V004661,DEL018,MED0573,2024-12-28
V004662,DEL018,MED0573,2024-12-28
V005496,DEL009,MED0685,2024-12-28
V005952,DEL018,MED0730,2024-12-28
V007417,DEL030,MED0909,2024-12-28
V007420,DEL030,MED0909,2024-12-28
V007748,DEL049,MED0964,2024-12-28
V008550,DEL015,MED1045,2024-12-28
V008804,DEL042,MED1075,2024-12-28
V009112,DEL022,MED1099,2024-12-28
V010103,DEL046,MED1207,2024-12-28
V010160,DEL013,MED1215,2024-12-28
V011318,DEL023,MED1381,2024-12-28
V012091,DEL006,MED1451,2024-12-28
V012464,DEL023,MED1494,2024-12-28
V012686,DEL036,MED1520,2024-12-28
V013297,DEL017,MED1584,2024-12-28
V013983,DEL018,MED1633,2024-12-28
V015551,DEL041,MED1809,2024-12-28
V016697,DEL001,MED1970,2024-12-28
V001538,DEL031,MED0190,2025-01-01
V002297,DEL045,MED0296,2025-01-01
V002337,DEL036,MED0298,2025-01-01
V003630,DEL018,MED0446,2025-01-01
V004152,DEL044,MED0515,2025-01-01
V004322,DEL027,MED0532,2025-01-01
V004768,DEL026,MED0581,2025-01-01
V005176,DEL008,MED0649,2025-01-01
V006232,DEL013,MED0758,2025-01-01
V006915,DEL001,MED0854,2025-01-01
V007889,DEL034,MED0972,2025-01-01
V008290,DEL023,MED1012,2025-01-01
V009351,DEL007,MED1119,2025-01-01
V009572,DEL033,MED1165,2025-01-01
V010064,DEL022,MED1201,2025-01-01
V010539,DEL016,MED1269,2025-01-01
V010548,DEL035,MED1270,2025-01-01
V011472,DEL049,MED1399,2025-01-01
V011635,DEL036,MED1418,2025-01-01
V011847,DEL044,MED1435,2025-01-01
V012021,DEL021,MED1446,2025-01-01
V012203,DEL036,MED1461,2025-01-01
V012419,DEL009,MED1491,2025-01-01
V013200,DEL011,MED1572,2025-01-01
V015444,DEL020,MED1797,2025-01-01
V015983,DEL029,MED1864,2025-01-01
V016677,DEL009,MED1961,2025-01-01
V000650,DEL025,MED0075,2025-01-02
V001145,DEL033,MED0134,2025-01-02
V001537,DEL031,MED0190,2025-01-02
V002262,DEL031,MED0289,2025-01-02
V002687,DEL008,MED0341,2025-01-02
V003752,DEL034,MED0456,2025-01-02
V004899,DEL026,MED0600,2025-01-02
V005014,DEL006,MED0622,2025-01-02
V005060,DEL050,MED0626,2025-01-02
V005353,DEL011,MED0671,2025-01-02
V006203,DEL018,MED0757,2025-01-02
V007362,DEL021,MED0901,2025-01-02
V008111,DEL047,MED0993,2025-01-02
V008698,DEL036,MED1060,2025-01-02
V008944,DEL006,MED1087,2025-01-02
V009345,DEL007,MED1119,2025-01-02
V010689,DEL050,MED1288,2025-01-02
V013290,DEL038,MED1582,2025-01-02
V013318,DEL017,MED1584,2025-01-02
V013339,DEL034,MED1585,2025-01-02
V015596,DEL035,MED1812,2025-01-02
V001299,DEL024,MED0157,2025-01-03
V001722,DEL040,MED0210,2025-01-03
V002553,DEL008,MED0323,2025-01-03
V002775,DEL033,MED0351,2025-01-03
V004394,DEL016,MED0540,2025-01-03
V005127,DEL042,MED0638,2025-01-03
V005881,DEL047,MED0726,2025-01-03
V005887,DEL047,MED0726,2025-01-03
V007891,DEL034,MED0972,2025-01-03
V008247,DEL035,MED1005,2025-01-03
V008325,DEL040,MED1016,2025-01-03
V009500,DEL011,MED1150,2025-01-03
V013024,DEL010,MED1558,2025-01-03
V013059,DEL001,MED1562,2025-01-03
V014747,DEL016,MED1716,2025-01-03
V016758,DEL010,MED1974,2025-01-03
V000561,DEL038,MED0063,2025-01-04
V000621,DEL021,MED0070,2025-01-04
V001884,DEL021,MED0229,2025-01-04
V002836,DEL039,MED0354,2025-01-04
V003169,DEL018,MED0388,2025-01-04
V003378,DEL023,MED0408,2025-01-04
V004643,DEL048,MED0572,2025-01-04
V005585,DEL039,MED0697,2025-01-04
V005779,DEL014,MED0714,2025-01-04
V006804,DEL031,MED0837,2025-01-04
V008137,DEL014,MED0995,2025-01-04
V008155,DEL028,MED0998,2025-01-04
V010114,DEL005,MED1208,2025-01-04
V010690,DEL050,MED1288,2025-01-04
V012015,DEL021,MED1446,2025-01-04
V013453,DEL048,MED1591,2025-01-04
V013512,DEL042,MED1595,2025-01-04
V014693,DEL038,MED1710,2025-01-04
V015116,DEL023,MED1768,2025-01-04
V015678,DEL044,MED1825,2025-01-04
V015742,DEL037,MED1838,2025-01-04
V016436,DEL015,MED1933,2025-01-04
V016583,DEL046,MED1952,2025-01-04
V000180,DEL033,MED0025,2025-01-05
V000420,DEL015,MED0052,2025-01-05
V000493,DEL002,MED0058,2025-01-05
V001101,DEL009,MED0130,2025-01-05
V001331,DEL036,MED0158,2025-01-05
V001542,DEL031,MED0190,2025-01-05
V002055,DEL046,MED0260,2025-01-05
V002172,DEL037,MED0278,2025-01-05
V004260,DEL039,MED0527,2025-01-05
V004650,DEL048,MED0572,2025-01-05
V004840,DEL044,MED0593,2025-01-05
V005782,DEL014,MED0714,2025-01-05
V006769,DEL038,MED0834,2025-01-05
V007652,DEL006,MED0952,2025-01-05
V007817,DEL006,MED0969,2025-01-05
V008186,DEL045,MED1000,2025-01-05
V010605,DEL010,MED1280,2025-01-05
V011053,DEL043,MED1356,2025-01-05
V014295,DEL002,MED1674,2025-01-05
V014323,DEL015,MED1675,2025-01-05
V016620,DEL012,MED1955,2025-01-05
V016624,DEL012,MED1955,2025-01-05
V000203,DEL013,MED0031,2025-01-06
V000639,DEL039,MED0073,2025-01-06
V001350,DEL008,MED0160,2025-01-06
V004070,DEL006,MED0496,2025-01-06
V004536,DEL047,MED0555,2025-01-06
V004858,DEL011,MED0597,2025-01-06
V004990,DEL003,MED0621,2025-01-06
V006125,DEL046,MED0750,2025-01-06
V006368,DEL036,MED0783,2025-01-06
V006559,DEL028,MED0803,2025-01-06
V007733,DEL027,MED0962,2025-01-06
V009197,DEL039,MED1103,2025-01-06
V010345,DEL037,MED1240,2025-01-06
V010745,DEL025,MED1301,2025-01-06
V011983,DEL001,MED1445,2025-01-06
V013114,DEL034,MED1564,2025-01-06
V014420,DEL039,MED1684,2025-01-06
V014811,DEL016,MED1720,2025-01-06
V014984,DEL012,MED1749,2025-01-06
V015055,DEL049,MED1756,2025-01-06
V016708,DEL009,MED1971,2025-01-06
V000284,DEL018,MED0040,2025-01-07
V002148,DEL036,MED0273,2025-01-07
V002167,DEL037,MED0278,2025-01-07
V002396,DEL042,MED0305,2025-01-07
V002595,DEL047,MED0332,2025-01-07
V002970,DEL010,MED0368,2025-01-07
V003552,DEL011,MED0437,2025-01-07
V004912,DEL030,MED0603,2025-01-07
V005370,DEL027,MED0672,2025-01-07
V006353,DEL048,MED0778,2025-01-07
V007493,DEL030,MED0922,2025-01-07
V007502,DEL034,MED0923,2025-01-07
V007968,DEL023,MED0979,2025-01-07
V008031,DEL026,MED0987,2025-01-07
V008956,DEL006,MED1087,2025-01-07
V009104,DEL020,MED1098,2025-01-07
V010546,DEL035,MED1270,2025-01-07
V010744,DEL025,MED1301,2025-01-07
V010882,DEL010,MED1326,2025-01-07
V012898,DEL049,MED1542,2025-01-07
V014052,DEL043,MED1641,2025-01-07
V014507,DEL016,MED1693,2025-01-07
V016122,DEL011,MED1883,2025-01-07
V016609,DEL012,MED1955,2025-01-07
V000626,DEL021,MED0070,2025-01-08
V000985,DEL013,MED0117,2025-01-08
V001201,DEL036,MED0145,2025-01-08
V001967,DEL033,MED0245,2025-01-08
V002080,DEL008,MED0269,2025-01-08
V002713,DEL030,MED0342,2025-01-08
V002744,DEL008,MED0345,2025-01-08
V002993,DEL001,MED0374,2025-01-08
V004062,DEL006,MED0496,2025-01-08
V006572,DEL042,MED0809,2025-01-08
V006698,DEL009,MED0823,2025-01-08
V007649,DEL006,MED0952,2025-01-08
V008377,DEL019,MED1027,2025-01-08
V008764,DEL049,MED1071,2025-01-08
V009648,DEL022,MED1170,2025-01-08
V009708,DEL033,MED1177,2025-01-08
V011676,DEL046,MED1419,2025-01-08
V013051,DEL003,MED1561,2025-01-08
V013082,DEL024,MED1563,2025-01-08
V014516,DEL016,MED1693,2025-01-08
V014541,DEL021,MED1697,2025-01-08
V015354,DEL035,MED1787,2025-01-08
V016753,DEL010,MED1974,2025-01-08
V000981,DEL008,MED0114,2025-01-09
V001338,DEL036,MED0158,2025-01-09
V001493,DEL008,MED0181,2025-01-09
V001625,DEL014,MED0197,2025-01-09
V002385,DEL011,MED0304,2025-01-09
V003373,DEL023,MED0408,2025-01-09
V008945,DEL006,MED1087,2025-01-09
V009589,DEL033,MED1165,2025-01-09
V010427,DEL032,MED1244,2025-01-09
V011267,DEL026,MED1371,2025-01-09
V011928,DEL036,MED1438,2025-01-09
V012925,DEL016,MED1543,2025-01-09
V012926,DEL016,MED1543,2025-01-09
V013429,DEL049,MED1590,2025-01-09
V015749,DEL050,MED1839,2025-01-09
V002268,DEL031,MED0291,2025-01-10
V004593,DEL010,MED0563,2025-01-10
V006593,DEL043,MED0811,2025-01-10
V006775,DEL044,MED0836,2025-01-10
V006918,DEL006,MED0855,2025-01-10
V007320,DEL041,MED0896,2025-01-10
V008829,DEL042,MED1075,2025-01-10
V008970,DEL031,MED1089,2025-01-10
V009923,DEL041,MED1193,2025-01-10
V010060,DEL033,MED1200,2025-01-10
V012363,DEL031,MED1487,2025-01-10
V012415,DEL009,MED1491,2025-01-10
V013613,DEL031,MED1603,2025-01-10
V014673,DEL004,MED1705,2025-01-10
V014835,DEL006,MED1729,2025-01-10
V015978,DEL029,MED1864,2025-01-10
V015980,DEL029,MED1864,2025-01-10
V016240,DEL037,MED1894,2025-01-10
V016858,DEL001,MED1984,2025-01-10
V001431,DEL028,MED0166,2025-01-11
V002100,DEL041,MED0271,2025-01-11
V004246,DEL039,MED0527,2025-01-11
V004704,DEL029,MED0575,2025-01-11
V004849,DEL044,MED0593,2025-01-11
V004974,DEL004,MED0619,2025-01-11
V005820,DEL027,MED0719,2025-01-11
V006112,DEL046,MED0750,2025-01-11
V006350,DEL048,MED0778,2025-01-11
V007847,DEL015,MED0970,2025-01-11
V008116,DEL047,MED0993,2025-01-11
V008130,DEL049,MED0994,2025-01-11
V008529,DEL033,MED1041,2025-01-11
V008626,DEL049,MED1052,2025-01-11
V009688,DEL038,MED1175,2025-01-11
V010138,DEL033,MED1213,2025-01-11
V010822,DEL048,MED1312,2025-01-11
V015400,DEL027,MED1793,2025-01-11
V016059,DEL017,MED1875,2025-01-11
V016375,DEL032,MED1925,2025-01-11
V001471,DEL020,MED0173,2025-01-12
V002015,DEL030,MED0249,2025-01-12
V002601,DEL047,MED0332,2025-01-12
V002990,DEL001,MED0374,2025-01-12
V004430,DEL018,MED0543,2025-01-12
V005372,DEL027,MED0672,2025-01-12
V007238,DEL041,MED0892,2025-01-12
V007617,DEL006,MED0946,2025-01-12
V008761,DEL049,MED1071,2025-01-12
V009608,DEL047,MED1167,2025-01-12
V010390,DEL013,MED1242,2025-01-12
V010982,DEL031,MED1341,2025-01-12
V011837,DEL044,MED1435,2025-01-12
V011924,DEL036,MED1438,2025-01-12
V012245,DEL016,MED1466,2025-01-12
V012444,DEL003,MED1492,2025-01-12
V012939,DEL018,MED1545,2025-01-12
V012976,DEL048,MED1550,2025-01-12
V013961,DEL003,MED1632,2025-01-12
V014018,DEL046,MED1637,2025-01-12
V014325,DEL015,MED1675,2025-01-12
V014567,DEL018,MED1698,2025-01-12
V014699,DEL038,MED1710,2025-01-12
V015286,DEL039,MED1778,2025-01-12
V016279,DEL049,MED1902,2025-01-12
V016526,DEL021,MED1945,2025-01-12
V000091,DEL042,MED0017,2025-01-13
V000178,DEL033,MED0025,2025-01-13
V002129,DEL013,MED0272,2025-01-13
V002236,DEL007,MED0287,2025-01-13
V002418,DEL010,MED0308,2025-01-13
V002525,DEL048,MED0321,2025-01-13
V002528,DEL048,MED0321,2025-01-13
V003682,DEL026,MED0448,2025-01-13
V003941,DEL046,MED0477,2025-01-13
V005514,DEL005,MED0686,2025-01-13
V006916,DEL001,MED0854,2025-01-13
V007646,DEL006,MED0952,2025-01-13
V008826,DEL042,MED1075,2025-01-13
V009719,DEL033,MED1177,2025-01-13
V011109,DEL018,MED1364,2025-01-13
V011902,DEL019,MED1437,2025-01-13
V012026,DEL014,MED1447,2025-01-13
V012566,DEL020,MED1503,2025-01-13
V013031,DEL019,MED1559,2025-01-13
V013615,DEL031,MED1603,2025-01-13
V013847,DEL016,MED1623,2025-01-13
V014695,DEL038,MED1710,2025-01-13
V000401,DEL018,MED0050,2025-01-14
V002830,DEL039,MED0354,2025-01-14
V003030,DEL044,MED0377,2025-01-14
V003507,DEL014,MED0431,2025-01-14
V004132,DEL047,MED0510,2025-01-14
V005274,DEL022,MED0663,2025-01-14
V006521,DEL047,MED0801,2025-01-14
V007450,DEL032,MED0913,2025-01-14
V007734,DEL027,MED0962,2025-01-14
V008077,DEL012,MED0991,2025-01-14
V008284,DEL049,MED1011,2025-01-14
V008608,DEL046,MED1048,2025-01-14
V009793,DEL023,MED1183,2025-01-14
V010351,DEL037,MED1240,2025-01-14
V011489,DEL034,MED1400,2025-01-14
V011609,DEL045,MED1414,2025-01-14
V012085,DEL045,MED1450,2025-01-14
V012316,DEL033,MED1475,2025-01-14
V015886,DEL006,MED1855,2025-01-14
V000627,DEL021,MED0070,2025-01-15
V003605,DEL001,MED0442,2025-01-15
V003894,DEL043,MED0471,2025-01-15
V004142,DEL026,MED0513,2025-01-15
V005298,DEL050,MED0665,2025-01-15
V005645,DEL023,MED0701,2025-01-15
V006200,DEL018,MED0757,2025-01-15
V007739,DEL021,MED0963,2025-01-15
V009582,DEL033,MED1165,2025-01-15
V009878,DEL018,MED1187,2025-01-15
V010095,DEL030,MED1206,2025-01-15
V010685,DEL050,MED1288,2025-01-15
V010695,DEL014,MED1289,2025-01-15
V011092,DEL031,MED1359,2025-01-15
V013593,DEL045,MED1601,2025-01-15
V013701,DEL010,MED1615,2025-01-15
V014175,DEL029,MED1655,2025-01-15
V014574,DEL018,MED1698,2025-01-15
V014732,DEL017,MED1715,2025-01-15
V014740,DEL017,MED1715,2025-01-15
V000081,DEL007,MED0016,2025-01-16
V000714,DEL011,MED0083,2025-01-16
V001495,DEL008,MED0181,2025-01-16
V001822,DEL028,MED0223,2025-01-16
V002603,DEL047,MED0332,2025-01-16
V002709,DEL030,MED0342,2025-01-16
V004975,DEL004,MED0619,2025-01-16
V005532,DEL050,MED0687,2025-01-16
V006740,DEL006,MED0832,2025-01-16
V007466,DEL014,MED0918,2025-01-16
V008285,DEL049,MED1011,2025-01-16
V009099,DEL020,MED1098,2025-01-16
V009339,DEL007,MED1119,2025-01-16
V009555,DEL041,MED1163,2025-01-16
V009772,DEL008,MED1182,2025-01-16
V010018,DEL019,MED1199,2025-01-16
V011573,DEL028,MED1408,2025-01-16
V012467,DEL023,MED1494,2025-01-16
V013205,DEL011,MED1572,2025-01-16
V013293,DEL038,MED1582,2025-01-16
V013748,DEL014,MED1617,2025-01-16
V013808,DEL038,MED1621,2025-01-16
V015158,DEL035,MED1769,2025-01-16
V015313,DEL018,MED1779,2025-01-16
V015409,DEL027,MED1793,2025-01-16
V015779,DEL025,MED1842,2025-01-16
V015992,DEL044,MED1867,2025-01-16
V016420,DEL025,MED1931,2025-01-16
V016497,DEL002,MED1944,2025-01-16
V000699,DEL020,MED0081,2025-01-17
V000864,DEL041,MED0106,2025-01-17
V000925,DEL048,MED0111,2025-01-17
V001688,DEL034,MED0206,2025-01-17
V004117,DEL049,MED0509,2025-01-17
V006113,DEL046,MED0750,2025-01-17
V006173,DEL027,MED0752,2025-01-17
V006278,DEL011,MED0766,2025-01-17
V007299,DEL043,MED0895,2025-01-17
V007451,DEL032,MED0913,2025-01-17
V007915,DEL045,MED0973,2025-01-17
V008075,DEL012,MED0991,2025-01-17
V008478,DEL040,MED1036,2025-01-17
V009451,DEL032,MED1140,2025-01-17
V009639,DEL022,MED1170,2025-01-17
V009983,DEL045,MED1196,2025-01-17
V010640,DEL048,MED1284,2025-01-17
V011905,DEL019,MED1437,2025-01-17
V012400,DEL009,MED1491,2025-01-17
V012922,DEL016,MED1543,2025-01-17
V013329,DEL017,MED1584,2025-01-17
V013767,DEL032,MED1620,2025-01-17
V014077,DEL026,MED1645,2025-01-17
V014947,DEL034,MED1746,2025-01-17
V015571,DEL041,MED1809,2025-01-17
V016455,DEL031,MED1940,2025-01-17
V001015,DEL043,MED0124,2025-01-18
V001174,DEL011,MED0137,2025-01-18
V001931,DEL012,MED0236,2025-01-18
V003192,DEL002,MED0390,2025-01-18
V004177,DEL017,MED0517,2025-01-18
V004219,DEL048,MED0525,2025-01-18
V006395,DEL006,MED0786,2025-01-18
V006717,DEL006,MED0830,2025-01-18
V007010,DEL025,MED0865,2025-01-18
V007625,DEL026,MED0947,2025-01-18
V008429,DEL020,MED1032,2025-01-18
V009954,DEL013,MED1194,2025-01-18
V010799,DEL004,MED1308,2025-01-18
V010838,DEL021,MED1316,2025-01-18
V012071,DEL031,MED1449,2025-01-18
V013354,DEL033,MED1586,2025-01-18
V014774,DEL048,MED1717,2025-01-18
V015161,DEL035,MED1769,2025-01-18
V015698,DEL011,MED1829,2025-01-18
V016060,DEL017,MED1875,2025-01-18
V016433,DEL015,MED1933,2025-01-18
V016807,DEL011,MED1977,2025-01-18
V016832,DEL046,MED1983,2025-01-18
V001451,DEL041,MED0168,2025-01-19
V002563,DEL046,MED0325,2025-01-19
V004112,DEL011,MED0508,2025-01-19
V005039,DEL023,MED0623,2025-01-19
V005278,DEL014,MED0664,2025-01-19
V005889,DEL047,MED0726,2025-01-19
V007329,DEL002,MED0897,2025-01-19
V007952,DEL041,MED0978,2025-01-19
V008264,DEL008,MED1007,2025-01-19
V008596,DEL033,MED1046,2025-01-19
V010013,DEL019,MED1199,2025-01-19
V011691,DEL002,MED1422,2025-01-19
V012228,DEL041,MED1464,2025-01-19
V012328,DEL042,MED1476,2025-01-19
V013023,DEL010,MED1558,2025-01-19
V015001,DEL015,MED1752,2025-01-19
V016762,DEL010,MED1974,2025-01-19
V000445,DEL046,MED0056,2025-01-20
V000743,DEL043,MED0085,2025-01-20
V001173,DEL011,MED0137,2025-01-20
V001903,DEL014,MED0231,2025-01-20
V002099,DEL041,MED0271,2025-01-20
V002833,DEL039,MED0354,2025-01-20
V002995,DEL001,MED0374,2025-01-20
V003520,DEL003,MED0432,2025-01-20
V004194,DEL013,MED0522,2025-01-20
V005145,DEL019,MED0642,2025-01-20
V006362,DEL021,MED0782,2025-01-20
V006492,DEL035,MED0796,2025-01-20
V006564,DEL028,MED0803,2025-01-20
V007741,DEL021,MED0963,2025-01-20
V007920,DEL045,MED0973,2025-01-20
V009890,DEL049,MED1189,2025-01-20
V011899,DEL019,MED1437,2025-01-20
V012259,DEL020,MED1468,2025-01-20
V014133,DEL004,MED1649,2025-01-20
V015078,DEL023,MED1763,2025-01-20
V000139,DEL020,MED0022,2025-01-21
V000643,DEL039,MED0073,2025-01-21
V003114,DEL002,MED0386,2025-01-21
V003124,DEL002,MED0386,2025-01-21
V003219,DEL019,MED0396,2025-01-21
V003895,DEL049,MED0472,2025-01-21
V004436,DEL018,MED0543,2025-01-21
V004590,DEL030,MED0562,2025-01-21
V004610,DEL012,MED0568,2025-01-21
V005391,DEL026,MED0673,2025-01-21
V006149,DEL048,MED0751,2025-01-21
V006430,DEL046,MED0791,2025-01-21
V006912,DEL001,MED0854,2025-01-21
V007130,DEL033,MED0881,2025-01-21
V007405,DEL033,MED0907,2025-01-21
V007964,DEL041,MED0978,2025-01-21
V007981,DEL020,MED0982,2025-01-21
V008362,DEL015,MED1024,2025-01-21
V009421,DEL017,MED1136,2025-01-21
V010753,DEL028,MED1303,2025-01-21
V011093,DEL031,MED1359,2025-01-21
V011981,DEL001,MED1445,2025-01-21
V012036,DEL030,MED1448,2025-01-21
V012454,DEL003,MED1492,2025-01-21
V012625,DEL004,MED1514,2025-01-21
V013702,DEL010,MED1615,2025-01-21
V013810,DEL038,MED1621,2025-01-21
V014305,DEL002,MED1674,2025-01-21
V014739,DEL017,MED1715,2025-01-21
V015011,DEL019,MED1755,2025-01-21
V016363,DEL016,MED1923,2025-01-21
V016584,DEL046,MED1952,2025-01-21
V016728,DEL005,MED1973,2025-01-21
V016833,DEL046,MED1983,2025-01-21
V016891,DEL033,MED1996,2025-01-21
V000679,DEL029,MED0078,2025-01-22
V001007,DEL049,MED0122,2025-01-22
V001017,DEL043,MED0124,2025-01-22
V001056,DEL008,MED0125,2025-01-22
V001147,DEL033,MED0134,2025-01-22
V001334,DEL036,MED0158,2025-01-22
V003406,DEL016,MED0415,2025-01-22
V004100,DEL024,MED0504,2025-01-22
V006077,DEL013,MED0748,2025-01-22
V006453,DEL042,MED0794,2025-01-22
V006875,DEL023,MED0846,2025-01-22
V007216,DEL026,MED0887,2025-01-22
V007443,DEL044,MED0910,2025-01-22
V008364,DEL015,MED1024,2025-01-22
V009164,DEL036,MED1102,2025-01-22
V009585,DEL033,MED1165,2025-01-22
V010218,DEL017,MED1221,2025-01-22
V012012,DEL021,MED1446,2025-01-22
V012401,DEL009,MED1491,2025-01-22
V012571,DEL020,MED1503,2025-01-22
V012741,DEL002,MED1521,2025-01-22
V012876,DEL017,MED1541,2025-01-22
V013412,DEL027,MED1589,2025-01-22
V013661,DEL007,MED1610,2025-01-22
V014266,DEL026,MED1673,2025-01-22
V014864,DEL022,MED1734,2025-01-22
V015007,DEL018,MED1754,2025-01-22
V016048,DEL017,MED1875,2025-01-22
V016352,DEL033,MED1918,2025-01-22
V000010,DEL041,MED0001,2025-01-23
V002296,DEL045,MED0296,2025-01-23
V003551,DEL011,MED0437,2025-01-23
V003830,DEL038,MED0466,2025-01-23
V005419,DEL046,MED0674,2025-01-23
V006047,DEL044,MED0746,2025-01-23
V006661,DEL033,MED0818,2025-01-23
V007265,DEL014,MED0893,2025-01-23
V009050,DEL013,MED1092,2025-01-23
V009341,DEL007,MED1119,2025-01-23
V010386,DEL050,MED1241,2025-01-23
V010731,DEL002,MED1299,2025-01-23
V013239,DEL013,MED1575,2025-01-23
V014860,DEL022,MED1734,2025-01-23
V015287,DEL039,MED1778,2025-01-23
V015856,DEL026,MED1854,2025-01-23
V015873,DEL026,MED1854,2025-01-23
V016416,DEL025,MED1931,2025-01-23
V001560,DEL048,MED0191,2025-01-24
V003393,DEL024,MED0414,2025-01-24
V003583,DEL033,MED0439,2025-01-24
V004014,DEL015,MED0486,2025-01-24
V004143,DEL026,MED0513,2025-01-24
V004325,DEL027,MED0532,2025-01-24
V007972,DEL009,MED0981,2025-01-24
V008324,DEL040,MED1016,2025-01-24
V008607,DEL046,MED1048,2025-01-24
V008905,DEL033,MED1082,2025-01-24
V008952,DEL006,MED1087,2025-01-24
V009121,DEL025,MED1101,2025-01-24
V009651,DEL022,MED1170,2025-01-24
V014061,DEL013,MED1642,2025-01-24
V015696,DEL048,MED1827,2025-01-24
V015741,DEL037,MED1838,2025-01-24
V000623,DEL021,MED0070,2025-01-25
V001656,DEL035,MED0201,2025-01-25
V002003,DEL004,MED0246,2025-01-25
V002050,DEL035,MED0259,2025-01-25
V002234,DEL007,MED0287,2025-01-25
V002862,DEL050,MED0356,2025-01-25
V003088,DEL013,MED0383,2025-01-25
V003921,DEL007,MED0475,2025-01-25
V004256,DEL039,MED0527,2025-01-25
V004390,DEL016,MED0540,2025-01-25
V005972,DEL018,MED0730,2025-01-25
V006312,DEL021,MED0769,2025-01-25
V006756,DEL036,MED0833,2025-01-25
V006846,DEL006,MED0845,2025-01-25
V007345,DEL035,MED0899,2025-01-25
V007462,DEL014,MED0918,2025-01-25
V007742,DEL021,MED0963,2025-01-25
V008213,DEL022,MED1002,2025-01-25
V008942,DEL006,MED1087,2025-01-25
V009612,DEL047,MED1167,2025-01-25
V009868,DEL018,MED1187,2025-01-25
V010638,DEL048,MED1284,2025-01-25
V012601,DEL022,MED1511,2025-01-25
V012681,DEL037,MED1519,2025-01-25
V013291,DEL038,MED1582,2025-01-25
V014137,DEL004,MED1649,2025-01-25
V016088,DEL001,MED1876,2025-01-25
V016347,DEL001,MED1915,2025-01-25
V000484,DEL002,MED0058,2025-01-26
V001755,DEL016,MED0214,2025-01-26
V002606,DEL047,MED0332,2025-01-26
V002979,DEL031,MED0372,2025-01-26
V004341,DEL024,MED0533,2025-01-26
V004528,DEL047,MED0555,2025-01-26
V005217,DEL012,MED0654,2025-01-26
V005390,DEL026,MED0673,2025-01-26
V006618,DEL026,MED0816,2025-01-26
V007414,DEL021,MED0908,2025-01-26
V007545,DEL030,MED0926,2025-01-26
V007681,DEL050,MED0953,2025-01-26
V007701,DEL006,MED0957,2025-01-26
V008297,DEL033,MED1013,2025-01-26
V008521,DEL033,MED1041,2025-01-26
V008783,DEL008,MED1072,2025-01-26
V008870,DEL049,MED1077,2025-01-26
V009403,DEL014,MED1132,2025-01-26
V010243,DEL026,MED1222,2025-01-26
V010378,DEL050,MED1241,2025-01-26
V011266,DEL026,MED1371,2025-01-26
V011369,DEL013,MED1385,2025-01-26
V011811,DEL017,MED1432,2025-01-26
V012577,DEL020,MED1503,2025-01-26
V013581,DEL045,MED1601,2025-01-26
V014203,DEL041,MED1660,2025-01-26
V014582,DEL018,MED1698,2025-01-26
V015905,DEL033,MED1858,2025-01-26
V016057,DEL017,MED1875,2025-01-26
V016651,DEL021,MED1958,2025-01-26
V000055,DEL012,MED0011,2025-01-27
V000106,DEL007,MED0020,2025-01-27
V001601,DEL013,MED0194,2025-01-27
V001888,DEL021,MED0229,2025-01-27
V003850,DEL003,MED0467,2025-01-27
V004545,DEL047,MED0555,2025-01-27
V005256,DEL004,MED0661,2025-01-27
V005388,DEL026,MED0673,2025-01-27
V006867,DEL023,MED0846,2025-01-27
V007187,DEL003,MED0885,2025-01-27
V008762,DEL049,MED1071,2025-01-27
V008849,DEL023,MED1076,2025-01-27
V009350,DEL007,MED1119,2025-01-27
V009365,DEL046,MED1126,2025-01-27
V010141,DEL033,MED1213,2025-01-27
V010688,DEL050,MED1288,2025-01-27
V010849,DEL007,MED1320,2025-01-27
V011171,DEL001,MED1366,2025-01-27
V011662,DEL046,MED1419,2025-01-27
V013117,DEL034,MED1564,2025-01-27
V013960,DEL003,MED1632,2025-01-27
V014828,DEL048,MED1727,2025-01-27
V015513,DEL010,MED1807,2025-01-27
V015661,DEL029,MED1823,2025-01-27
V015775,DEL025,MED1842,2025-01-27
V015931,DEL050,MED1860,2025-01-27
V016410,DEL025,MED1931,2025-01-27
V000689,DEL013,MED0080,2025-01-28
V001252,DEL033,MED0147,2025-01-28
V001816,DEL050,MED0220,2025-01-28
V002742,DEL008,MED0345,2025-01-28
V002835,DEL039,MED0354,2025-01-28
V003455,DEL016,MED0424,2025-01-28
V003723,DEL049,MED0452,2025-01-28
V005440,DEL027,MED0679,2025-01-28
V006245,DEL026,MED0760,2025-01-28
V006945,DEL006,MED0859,2025-01-28
V007503,DEL034,MED0923,2025-01-28
V009160,DEL036,MED1102,2025-01-28
V009574,DEL033,MED1165,2025-01-28
V010945,DEL037,MED1334,2025-01-28
V012751,DEL014,MED1524,2025-01-28
V013115,DEL034,MED1564,2025-01-28
V013366,DEL015,MED1587,2025-01-28
V013580,DEL045,MED1601,2025-01-28
V014097,DEL030,MED1647,2025-01-28
V014935,DEL034,MED1746,2025-01-28
V014992,DEL012,MED1749,2025-01-28
V000413,DEL002,MED0051,2025-02-01
V000678,DEL029,MED0078,2025-02-01
V001270,DEL017,MED0149,2025-02-01
V001754,DEL016,MED0214,2025-02-01
V002142,DEL036,MED0273,2025-02-01
V002558,DEL025,MED0324,2025-02-01
V003449,DEL016,MED0424,2025-02-01
V004534,DEL047,MED0555,2025-02-01
V005649,DEL023,MED0701,2025-02-01
V006251,DEL042,MED0761,2025-02-01
V006424,DEL003,MED0789,2025-02-01
V006565,DEL028,MED0803,2025-02-01
V007684,DEL050,MED0953,2025-02-01
V009123,DEL025,MED1101,2025-02-01
V009404,DEL014,MED1132,2025-02-01
V009814,DEL048,MED1185,2025-02-01
V011941,DEL014,MED1439,2025-02-01
V012806,DEL001,MED1535,2025-02-01
V013174,DEL012,MED1570,2025-02-01
V013196,DEL011,MED1572,2025-02-01
V013258,DEL033,MED1579,2025-02-01
V014055,DEL043,MED1641,2025-02-01
V014505,DEL016,MED1693,2025-02-01
V015705,DEL037,MED1830,2025-02-01
V000083,DEL007,MED0016,2025-02-02
V000485,DEL002,MED0058,2025-02-02
V002258,DEL035,MED0288,2025-02-02
V002875,DEL050,MED0356,2025-02-02
V002902,DEL002,MED0363,2025-02-02
V003367,DEL023,MED0408,2025-02-02
V005433,DEL016,MED0676,2025-02-02
V005511,DEL005,MED0686,2025-02-02
V005723,DEL049,MED0709,2025-02-02
V006595,DEL043,MED0811,2025-02-02
V006817,DEL031,MED0837,2025-02-02
V009167,DEL036,MED1102,2025-02-02
V009579,DEL033,MED1165,2025-02-02
V010271,DEL018,MED1225,2025-02-02
V010350,DEL037,MED1240,2025-02-02
V010948,DEL037,MED1334,2025-02-02
V011503,DEL043,MED1403,2025-02-02
V011611,DEL045,MED1414,2025-02-02
V011667,DEL046,MED1419,2025-02-02
V011844,DEL044,MED1435,2025-02-02
V012304,DEL026,MED1470,2025-02-02
V012945,DEL036,MED1546,2025-02-02
V013630,DEL012,MED1605,2025-02-02
V014481,DEL048,MED1692,2025-02-02
V015798,DEL012,MED1844,2025-02-02
V000065,DEL012,MED0011,2025-02-03
V000234,DEL026,MED0037,2025-02-03
V001144,DEL033,MED0134,2025-02-03
V001148,DEL033,MED0134,2025-02-03
V001810,DEL050,MED0220,2025-02-03
V002040,DEL050,MED0257,2025-02-03
V002059,DEL045,MED0261,2025-02-03
V002207,DEL012,MED0284,2025-02-03
V002210,DEL016,MED0285,2025-02-03
V002482,DEL008,MED0315,2025-02-03
V002682,DEL008,MED0341,2025-02-03
V002743,DEL008,MED0345,2025-02-03
V003860,DEL003,MED0467,2025-02-03
V004109,DEL024,MED0504,2025-02-03
V005981,DEL048,MED0732,2025-02-03
V006177,DEL027,MED0752,2025-02-03
V006349,DEL048,MED0778,2025-02-03
V006742,DEL006,MED0832,2025-02-03
V007099,DEL015,MED0878,2025-02-03
V007560,DEL026,MED0930,2025-02-03
V007892,DEL034,MED0972,2025-02-03
V010384,DEL050,MED1241,2025-02-03
V010661,DEL003,MED1287,2025-02-03
V011979,DEL001,MED1445,2025-02-03
V013112,DEL034,MED1564,2025-02-03
V014299,DEL002,MED1674,2025-02-03
V014510,DEL016,MED1693,2025-02-03
V014579,DEL018,MED1698,2025-02-03
V015216,DEL024,MED1775,2025-02-03
V001864,DEL006,MED0226,2025-02-04
V002963,DEL010,MED0368,2025-02-04
V003382,DEL023,MED0408,2025-02-04
V003684,DEL026,MED0448,2025-02-04
V005966,DEL018,MED0730,2025-02-04
V007132,DEL033,MED0881,2025-02-04
V008468,DEL040,MED1036,2025-02-04
V008637,DEL030,MED1053,2025-02-04
V009578,DEL033,MED1165,2025-02-04
V012039,DEL030,MED1448,2025-02-04
V012227,DEL041,MED1464,2025-02-04
V012338,DEL016,MED1477,2025-02-04
V012533,DEL011,MED1501,2025-02-04
V012573,DEL020,MED1503,2025-02-04
V013491,DEL018,MED1592,2025-02-04
V015047,DEL049,MED1756,2025-02-04
V015092,DEL046,MED1764,2025-02-04
V015123,DEL023,MED1768,2025-02-04
V015442,DEL020,MED1797,2025-02-04
V015959,DEL039,MED1861,2025-02-04
V002616,DEL050,MED0337,2025-02-05
V003799,DEL017,MED0458,2025-02-05
V004019,DEL015,MED0486,2025-02-05
V004642,DEL048,MED0572,2025-02-05
V005057,DEL050,MED0626,2025-02-05
V005786,DEL014,MED0714,2025-02-05
V005897,DEL046,MED0727,2025-02-05
V005962,DEL018,MED0730,2025-02-05
V006043,DEL026,MED0745,2025-02-05
V006084,DEL013,MED0748,2025-02-05
V007162,DEL025,MED0882,2025-02-05
V007886,DEL034,MED0972,2025-02-05
V008014,DEL023,MED0984,2025-02-05
V008030,DEL035,MED0986,2025-02-05
V008535,DEL031,MED1042,2025-02-05
V010305,DEL038,MED1233,2025-02-05
V010578,DEL023,MED1275,2025-02-05
V011134,DEL015,MED1365,2025-02-05
V011816,DEL017,MED1432,2025-02-05
V012470,DEL023,MED1494,2025-02-05
V012739,DEL002,MED1521,2025-02-05
V013845,DEL016,MED1623,2025-02-05
V014211,DEL029,MED1661,2025-02-05
V014731,DEL017,MED1715,2025-02-05
V015398,DEL027,MED1793,2025-02-05
V015941,DEL050,MED1860,2025-02-05
V016560,DEL046,MED1950,2025-02-05
V000012,DEL041,MED0001,2025-02-06
V001417,DEL041,MED0165,2025-02-06
V001600,DEL013,MED0194,2025-02-06
V001672,DEL044,MED0203,2025-02-06
V001852,DEL008,MED0224,2025-02-06
V004649,DEL048,MED0572,2025-02-06
V004986,DEL026,MED0620,2025-02-06
V005269,DEL029,MED0662,2025-02-06
V005902,DEL024,MED0728,2025-02-06
V006848,DEL006,MED0845,2025-02-06
V008881,DEL016,MED1078,2025-02-06
V009315,DEL002,MED1118,2025-02-06
V009382,DEL023,MED1127,2025-02-06
V009387,DEL023,MED1127,2025-02-06
V009460,DEL010,MED1143,2025-02-06
V009676,DEL039,MED1172,2025-02-06
V010980,DEL031,MED1341,2025-02-06
V011137,DEL015,MED1365,2025-02-06
V011400,DEL048,MED1391,2025-02-06
V011897,DEL019,MED1437,2025-02-06
V011907,DEL019,MED1437,2025-02-06
V012094,DEL006,MED1451,2025-02-06
V012116,DEL039,MED1454,2025-02-06
V012459,DEL022,MED1493,2025-02-06
V013643,DEL032,MED1608,2025-02-06
V013956,DEL003,MED1632,2025-02-06
V014526,DEL012,MED1696,2025-02-06
V000855,DEL020,MED0104,2025-02-07
V000956,DEL021,MED0113,2025-02-07
V001592,DEL030,MED0193,2025-02-07
V003972,DEL040,MED0480,2025-02-07
V004013,DEL015,MED0486,2025-02-07
V004564,DEL034,MED0557,2025-02-07
V005672,DEL018,MED0703,2025-02-07
V006176,DEL027,MED0752,2025-02-07
V006419,DEL003,MED0789,2025-02-07
V007090,DEL039,MED0877,2025-02-07
V007629,DEL021,MED0948,2025-02-07
V008372,DEL004,MED1026,2025-02-07
V009042,DEL035,MED1091,2025-02-07
V009749,DEL034,MED1179,2025-02-07
V009872,DEL018,MED1187,2025-02-07
V011814,DEL017,MED1432,2025-02-07
V011957,DEL033,MED1440,2025-02-07
V012692,DEL036,MED1520,2025-02-07
V013525,DEL008,MED1597,2025-02-07
V013586,DEL045,MED1601,2025-02-07
V014736,DEL017,MED1715,2025-02-07
V015162,DEL035,MED1769,2025-02-07
V015694,DEL048,MED1827,2025-02-07
V015957,DEL039,MED1861,2025-02-07
V016046,DEL017,MED1875,2025-02-07
V016536,DEL021,MED1945,2025-02-07
V016794,DEL011,MED1977,2025-02-07
V000086,DEL007,MED0016,2025-02-08
V000431,DEL045,MED0054,2025-02-08
V000919,DEL009,MED0109,2025-02-08
V002753,DEL008,MED0345,2025-02-08
V002999,DEL001,MED0374,2025-02-08
V003270,DEL029,MED0402,2025-02-08
V003554,DEL048,MED0438,2025-02-08
V003854,DEL003,MED0467,2025-02-08
V004249,DEL039,MED0527,2025-02-08
V008600,DEL033,MED1046,2025-02-08
V009489,DEL025,MED1147,2025-02-08
V009573,DEL033,MED1165,2025-02-08
V009738,DEL034,MED1179,2025-02-08
V014044,DEL043,MED1641,2025-02-08
V014537,DEL021,MED1697,2025-02-08
V014642,DEL010,MED1703,2025-02-08
V016711,DEL009,MED1971,2025-02-08
V000145,DEL020,MED0022,2025-02-09
V000496,DEL002,MED0058,2025-02-09
V000799,DEL041,MED0093,2025-02-09
V000874,DEL001,MED0107,2025-02-09
V001665,DEL039,MED0202,2025-02-09
V001742,DEL024,MED0211,2025-02-09
V002274,DEL023,MED0292,2025-02-09
V003338,DEL050,MED0406,2025-02-09
V003889,DEL043,MED0471,2025-02-09
V005092,DEL002,MED0630,2025-02-09
V005916,DEL029,MED0729,2025-02-09
V006425,DEL003,MED0789,2025-02-09
V006464,DEL020,MED0795,2025-02-09
V006753,DEL036,MED0833,2025-02-09
V008349,DEL008,MED1022,2025-02-09
V009091,DEL016,MED1097,2025-02-09
V012105,DEL022,MED1452,2025-02-09
V012369,DEL040,MED1489,2025-02-09
V012511,DEL007,MED1498,2025-02-09
V014932,DEL034,MED1746,2025-02-09
V015219,DEL024,MED1775,2025-02-09
V015279,DEL039,MED1778,2025-02-09
V015979,DEL029,MED1864,2025-02-09
V016107,DEL009,MED1879,2025-02-09
V000808,DEL041,MED0093,2025-02-10
V001248,DEL033,MED0147,2025-02-10
V001430,DEL028,MED0166,2025-02-10
V002534,DEL048,MED0321,2025-02-10
V003295,DEL011,MED0404,2025-02-10
V003874,DEL037,MED0470,2025-02-10
V006505,DEL017,MED0800,2025-02-10
V006546,DEL028,MED0803,2025-02-10
V007858,DEL036,MED0971,2025-02-10
V008312,DEL039,MED1014,2025-02-10
V008827,DEL042,MED1075,2025-02-10
V008869,DEL049,MED1077,2025-02-10
V009152,DEL036,MED1102,2025-02-10
V009480,DEL039,MED1144,2025-02-10
V010702,DEL038,MED1290,2025-02-10
V012136,DEL016,MED1455,2025-02-10
V012206,DEL036,MED1461,2025-02-10
V012652,DEL016,MED1517,2025-02-10
V013230,DEL013,MED1575,2025-02-10
V013732,DEL010,MED1616,2025-02-10
V014353,DEL031,MED1676,2025-02-10
V014397,DEL043,MED1678,2025-02-10
V014398,DEL043,MED1678,2025-02-10
V015062,DEL005,MED1758,2025-02-10
V015884,DEL006,MED1855,2025-02-10
V016249,DEL017,MED1896,2025-02-10
V016537,DEL021,MED1945,2025-02-10
V001741,DEL024,MED0211,2025-02-11
V002127,DEL013,MED0272,2025-02-11
V002487,DEL026,MED0316,2025-02-11
V003937,DEL007,MED0475,2025-02-11
V004537,DEL047,MED0555,2025-02-11
V005194,DEL039,MED0650,2025-02-11
V005214,DEL012,MED0654,2025-02-11
V005270,DEL029,MED0662,2025-02-11
V008681,DEL049,MED1058,2025-02-11
V009405,DEL014,MED1132,2025-02-11
V009832,DEL047,MED1186,2025-02-11
V010406,DEL020,MED1243,2025-02-11
V010430,DEL032,MED1244,2025-02-11
V011377,DEL013,MED1385,2025-02-11
V011669,DEL046,MED1419,2025-02-11
V012439,DEL003,MED1492,2025-02-11
V012452,DEL003,MED1492,2025-02-11
V014466,DEL025,MED1690,2025-02-11
V014616,DEL020,MED1700,2025-02-11
V014771,DEL048,MED1717,2025-02-11
V015706,DEL037,MED1830,2025-02-11
V000957,DEL021,MED0113,2025-02-12
V001038,DEL008,MED0125,2025-02-12
V001687,DEL034,MED0206,2025-02-12
V002181,DEL017,MED0279,2025-02-12
V002965,DEL010,MED0368,2025-02-12
V003425,DEL020,MED0422,2025-02-12
V003636,DEL018,MED0446,2025-02-12
V003721,DEL049,MED0452,2025-02-12
V004697,DEL014,MED0574,2025-02-12
V005387,DEL026,MED0673,2025-02-12
V006662,DEL033,MED0818,2025-02-12
V008178,DEL045,MED1000,2025-02-12
V009229,DEL035,MED1109,2025-02-12
V009921,DEL041,MED1193,2025-02-12
V009960,DEL013,MED1194,2025-02-12
V010048,DEL033,MED1200,2025-02-12
V012261,DEL020,MED1468,2025-02-12
V013355,DEL033,MED1586,2025-02-12
V013803,DEL038,MED1621,2025-02-12
V014001,DEL018,MED1633,2025-02-12
V014168,DEL029,MED1655,2025-02-12
V014590,DEL010,MED1699,2025-02-12
V014737,DEL017,MED1715,2025-02-12
V015221,DEL024,MED1775,2025-02-12
V015885,DEL006,MED1855,2025-02-12
V016456,DEL031,MED1940,2025-02-12
V016806,DEL011,MED1977,2025-02-12
V016904,DEL020,MED1998,2025-02-12
V002240,DEL007,MED0287,2025-02-13
V002249,DEL007,MED0287,2025-02-13
V002504,DEL034,MED0319,2025-02-13
V002628,DEL043,MED0339,2025-02-13
V003008,DEL008,MED0375,2025-02-13
V005084,DEL042,MED0629,2025-02-13
V005641,DEL023,MED0701,2025-02-13
V005891,DEL047,MED0726,2025-02-13
V006452,DEL042,MED0794,2025-02-13
V007389,DEL005,MED0905,2025-02-13
V007962,DEL041,MED0978,2025-02-13
V008765,DEL049,MED1071,2025-02-13
V008823,DEL042,MED1075,2025-02-13
V011272,DEL049,MED1372,2025-02-13
V011546,DEL022,MED1405,2025-02-13
V011784,DEL048,MED1430,2025-02-13
V012657,DEL020,MED1518,2025-02-13
V012977,DEL048,MED1550,2025-02-13
V015038,DEL049,MED1756,2025-02-13
V015645,DEL009,MED1818,2025-02-13
V000059,DEL012,MED0011,2025-02-14
V000238,DEL026,MED0037,2025-02-14
V000385,DEL016,MED0048,2025-02-14
V000954,DEL021,MED0113,2025-02-14
V001887,DEL021,MED0229,2025-02-14
V002085,DEL008,MED0269,2025-02-14
V002279,DEL049,MED0293,2025-02-14
V002557,DEL025,MED0324,2025-02-14
V002895,DEL038,MED0361,2025-02-14
V003132,DEL002,MED0386,2025-02-14
V003195,DEL034,MED0392,2025-02-14
V004772,DEL026,MED0581,2025-02-14
V007390,DEL005,MED0905,2025-02-14
V007745,DEL021,MED0963,2025-02-14
V007849,DEL015,MED0970,2025-02-14
V008109,DEL047,MED0993,2025-02-14
V009027,DEL035,MED1091,2025-02-14
V009514,DEL022,MED1155,2025-02-14
V009808,DEL048,MED1185,2025-02-14
V010769,DEL003,MED1307,2025-02-14
V011328,DEL027,MED1382,2025-02-14
V011769,DEL048,MED1430,2025-02-14
V013552,DEL049,MED1600,2025-02-14
V013600,DEL045,MED1601,2025-02-14
V013809,DEL038,MED1621,2025-02-14
V014153,DEL011,MED1654,2025-02-14
V015009,DEL018,MED1754,2025-02-14
V015270,DEL039,MED1778,2025-02-14
V016047,DEL017,MED1875,2025-02-14
V016774,DEL020,MED1976,2025-02-14
V000056,DEL012,MED0011,2025-02-15
V000478,DEL002,MED0058,2025-02-15
V001092,DEL013,MED0129,2025-02-15
V002067,DEL001,MED0266,2025-02-15
V002838,DEL039,MED0354,2025-02-15
V003419,DEL002,MED0419,2025-02-15
V003666,DEL043,MED0447,2025-02-15
V005280,DEL014,MED0664,2025-02-15
V005493,DEL045,MED0684,2025-02-15
V005838,DEL046,MED0721,2025-02-15
V005883,DEL047,MED0726,2025-02-15
V006234,DEL013,MED0758,2025-02-15
V006613,DEL049,MED0815,2025-02-15
V006687,DEL016,MED0821,2025-02-15
V007572,DEL009,MED0933,2025-02-15
V007779,DEL049,MED0964,2025-02-15
V008421,DEL020,MED1032,2025-02-15
V009102,DEL020,MED1098,2025-02-15
V009550,DEL033,MED1162,2025-02-15
V009843,DEL047,MED1186,2025-02-15
V010024,DEL019,MED1199,2025-02-15
V011038,DEL043,MED1356,2025-02-15
V012069,DEL031,MED1449,2025-02-15
V013325,DEL017,MED1584,2025-02-15
V013856,DEL016,MED1623,2025-02-15
V014348,DEL031,MED1676,2025-02-15
V014786,DEL048,MED1717,2025-02-15
V015604,DEL003,MED1815,2025-02-15
V000117,DEL034,MED0021,2025-02-16
V000198,DEL044,MED0029,2025-02-16
V002441,DEL021,MED0309,2025-02-16
V002533,DEL048,MED0321,2025-02-16
V002889,DEL019,MED0359,2025-02-16
V002921,DEL019,MED0365,2025-02-16
V003527,DEL011,MED0433,2025-02-16
V003591,DEL036,MED0441,2025-02-16
V005749,DEL039,MED0713,2025-02-16
V007098,DEL015,MED0878,2025-02-16
V007190,DEL003,MED0885,2025-02-16
V007352,DEL049,MED0900,2025-02-16
V007842,DEL015,MED0970,2025-02-16
V008214,DEL022,MED1002,2025-02-16
V008682,DEL049,MED1058,2025-02-16
V008882,DEL016,MED1078,2025-02-16
V009273,DEL024,MED1111,2025-02-16
V009964,DEL013,MED1194,2025-02-16
V011294,DEL042,MED1374,2025-02-16
V011777,DEL048,MED1430,2025-02-16
V012407,DEL009,MED1491,2025-02-16
V014083,DEL026,MED1645,2025-02-16
V014509,DEL016,MED1693,2025-02-16
V014651,DEL010,MED1703,2025-02-16
V015379,DEL022,MED1792,2025-02-16
V015603,DEL003,MED1815,2025-02-16
V015778,DEL025,MED1842,2025-02-16
V016525,DEL021,MED1945,2025-02-16
V000517,DEL047,MED0062,2025-02-17
V001273,DEL017,MED0149,2025-02-17
V005264,DEL004,MED0661,2025-02-17
V007053,DEL029,MED0868,2025-02-17
V008027,DEL035,MED0986,2025-02-17
V008614,DEL020,MED1049,2025-02-17
V009028,DEL035,MED1091,2025-02-17
V011726,DEL001,MED1424,2025-02-17
V012620,DEL011,MED1513,2025-02-17
V012679,DEL037,MED1519,2025-02-17
V012972,DEL048,MED1550,2025-02-17
V012997,DEL007,MED1554,2025-02-17
V013640,DEL020,MED1606,2025-02-17
V014618,DEL020,MED1700,2025-02-17
V014643,DEL010,MED1703,2025-02-17
V015283,DEL039,MED1778,2025-02-17
V015904,DEL033,MED1858,2025-02-17
V016618,DEL012,MED1955,2025-02-17
V016767,DEL010,MED1974,2025-02-17
V000868,DEL041,MED0106,2025-02-18
V000979,DEL008,MED0114,2025-02-18
V001141,DEL033,MED0134,2025-02-18
V001243,DEL033,MED0147,2025-02-18
V001370,DEL006,MED0161,2025-02-18
V001480,DEL045,MED0176,2025-02-18
V001540,DEL031,MED0190,2025-02-18
V001989,DEL004,MED0246,2025-02-18
V003896,DEL034,MED0473,2025-02-18
V004101,DEL024,MED0504,2025-02-18
V004639,DEL048,MED0572,2025-02-18
V005512,DEL005,MED0686,2025-02-18
V006175,DEL027,MED0752,2025-02-18
V006679,DEL039,MED0819,2025-02-18
V006727,DEL016,MED0831,2025-02-18
V007127,DEL033,MED0881,2025-02-18
V007702,DEL006,MED0957,2025-02-18
V007724,DEL006,MED0961,2025-02-18
V008043,DEL044,MED0989,2025-02-18
V008424,DEL020,MED1032,2025-02-18
V009788,DEL023,MED1183,2025-02-18
V010772,DEL003,MED1307,2025-02-18
V011376,DEL013,MED1385,2025-02-18
V011730,DEL001,MED1424,2025-02-18
V011770,DEL048,MED1430,2025-02-18
V011773,DEL048,MED1430,2025-02-18
V013038,DEL003,MED1560,2025-02-18
V015927,DEL050,MED1860,2025-02-18
V016499,DEL002,MED1944,2025-02-18
V001541,DEL031,MED0190,2025-02-19
V001846,DEL008,MED0224,2025-02-19
V004107,DEL024,MED0504,2025-02-19
V006309,DEL021,MED0769,2025-02-19
V007913,DEL045,MED0973,2025-02-19
V008342,DEL048,MED1020,2025-02-19
V013008,DEL019,MED1556,2025-02-19
V013452,DEL048,MED1591,2025-02-19
V013529,DEL048,MED1598,2025-02-19
V013707,DEL010,MED1615,2025-02-19
V014515,DEL016,MED1693,2025-02-19
V014897,DEL002,MED1741,2025-02-19
V015211,DEL024,MED1775,2025-02-19
V016422,DEL025,MED1931,2025-02-19
V016734,DEL005,MED1973,2025-02-19
V000552,DEL038,MED0063,2025-02-20
V002495,DEL014,MED0317,2025-02-20
V004318,DEL027,MED0532,2025-02-20
V004872,DEL043,MED0599,2025-02-20
V006107,DEL046,MED0750,2025-02-20
V006178,DEL027,MED0752,2025-02-20
V006392,DEL006,MED0786,2025-02-20
V007412,DEL021,MED0908,2025-02-20
V007699,DEL006,MED0957,2025-02-20
V008009,DEL023,MED0983,2025-02-20
V008651,DEL039,MED1056,2025-02-20
V009898,DEL037,MED1191,2025-02-20
V010818,DEL048,MED1312,2025-02-20
V011881,DEL033,MED1436,2025-02-20
V012404,DEL009,MED1491,2025-02-20
V012449,DEL003,MED1492,2025-02-20
V012697,DEL036,MED1520,2025-02-20
V013199,DEL011,MED1572,2025-02-20
V013624,DEL012,MED1605,2025-02-20
V013970,DEL003,MED1632,2025-02-20
V014053,DEL043,MED1641,2025-02-20
V001991,DEL004,MED0246,2025-02-21
V002339,DEL036,MED0298,2025-02-21
V002755,DEL008,MED0345,2025-02-21
V002923,DEL019,MED0365,2025-02-21
V002998,DEL001,MED0374,2025-02-21
V003434,DEL039,MED0423,2025-02-21
V003661,DEL043,MED0447,2025-02-21
V004589,DEL030,MED0562,2025-02-21
V004613,DEL028,MED0570,2025-02-21
V004765,DEL026,MED0581,2025-02-21
V005478,DEL004,MED0681,2025-02-21
V006455,DEL042,MED0794,2025-02-21
V006525,DEL006,MED0802,2025-02-21
V006801,DEL031,MED0837,2025-02-21
V007388,DEL005,MED0905,2025-02-21
V008888,DEL009,MED1079,2025-02-21
V008996,DEL021,MED1090,2025-02-21
V009196,DEL039,MED1103,2025-02-21
V010376,DEL050,MED1241,2025-02-21
V010441,DEL032,MED1244,2025-02-21
V010733,DEL002,MED1299,2025-02-21
V010866,DEL002,MED1325,2025-02-21
V010999,DEL001,MED1347,2025-02-21
V011270,DEL026,MED1371,2025-02-21
V012862,DEL017,MED1541,2025-02-21
V013190,DEL011,MED1572,2025-02-21
V014250,DEL042,MED1671,2025-02-21
V014647,DEL010,MED1703,2025-02-21
V015340,DEL040,MED1784,2025-02-21
V015801,DEL001,MED1845,2025-02-21
V000381,DEL016,MED0048,2025-02-22
V001305,DEL024,MED0157,2025-02-22
V001686,DEL034,MED0206,2025-02-22
V001785,DEL035,MED0215,2025-02-22
V002295,DEL045,MED0296,2025-02-22
V003340,DEL050,MED0406,2025-02-22
V004951,DEL014,MED0616,2025-02-22
V005195,DEL039,MED0650,2025-02-22
V006115,DEL046,MED0750,2025-02-22
V006518,DEL047,MED0801,2025-02-22
V006617,DEL026,MED0816,2025-02-22
V007361,DEL021,MED0901,2025-02-22
V007402,DEL050,MED0906,2025-02-22
V011476,DEL049,MED1399,2025-02-22
V011578,DEL028,MED1408,2025-02-22
V012299,DEL026,MED1470,2025-02-22
V012724,DEL002,MED1521,2025-02-22
V012901,DEL049,MED1542,2025-02-22
V014269,DEL026,MED1673,2025-02-22
V014450,DEL036,MED1686,2025-02-22
V014585,DEL018,MED1698,2025-02-22
V015125,DEL023,MED1768,2025-02-22
V000550,DEL038,MED0063,2025-02-23
V001082,DEL045,MED0127,2025-02-23
V001535,DEL031,MED0190,2025-02-23
V003949,DEL042,MED0478,2025-02-23
V005040,DEL023,MED0623,2025-02-23
V005861,DEL031,MED0725,2025-02-23
V006493,DEL035,MED0796,2025-02-23
V006879,DEL023,MED0846,2025-02-23
V007052,DEL029,MED0868,2025-02-23
V007193,DEL003,MED0885,2025-02-23
V008880,DEL016,MED1078,2025-02-23
V009185,DEL039,MED1103,2025-02-23
V011023,DEL025,MED1354,2025-02-23
V011846,DEL044,MED1435,2025-02-23
V012352,DEL009,MED1483,2025-02-23
V012513,DEL007,MED1498,2025-02-23
V013324,DEL017,MED1584,2025-02-23
V013367,DEL015,MED1587,2025-02-23
V014730,DEL017,MED1715,2025-02-23
V000709,DEL011,MED0083,2025-02-24
V001631,DEL014,MED0197,2025-02-24
V002404,DEL038,MED0307,2025-02-24
V002506,DEL034,MED0319,2025-02-24
V003176,DEL018,MED0388,2025-02-24
V003587,DEL033,MED0439,2025-02-24
V003600,DEL001,MED0442,2025-02-24
V004463,DEL029,MED0547,2025-02-24
V005463,DEL029,MED0680,2025-02-24
V008113,DEL047,MED0993,2025-02-24
V008138,DEL014,MED0995,2025-02-24
V008997,DEL021,MED1090,2025-02-24
V009502,DEL026,MED1153,2025-02-24
V010186,DEL034,MED1220,2025-02-24
V010562,DEL041,MED1271,2025-02-24
V012236,DEL041,MED1464,2025-02-24
V012409,DEL009,MED1491,2025-02-24
V012988,DEL013,MED1551,2025-02-24
V013193,DEL011,MED1572,2025-02-24
V013415,DEL027,MED1589,2025-02-24
V014538,DEL021,MED1697,2025-02-24
V014692,DEL038,MED1710,2025-02-24
V015218,DEL024,MED1775,2025-02-24
V015723,DEL022,MED1836,2025-02-24
V015726,DEL022,MED1836,2025-02-24
V015813,DEL021,MED1849,2025-02-24
V000596,DEL022,MED0069,2025-02-25
V000797,DEL041,MED0093,2025-02-25
V001782,DEL035,MED0215,2025-02-25
V003460,DEL031,MED0426,2025-02-25
V005248,DEL004,MED0661,2025-02-25
V005335,DEL027,MED0669,2025-02-25
V007076,DEL025,MED0875,2025-02-25
V010821,DEL048,MED1312,2025-02-25
V011670,DEL046,MED1419,2025-02-25
V012295,DEL026,MED1470,2025-02-25
V013195,DEL011,MED1572,2025-02-25
V015269,DEL039,MED1778,2025-02-25
V015324,DEL018,MED1779,2025-02-25
V015356,DEL035,MED1787,2025-02-25
V015672,DEL044,MED1825,2025-02-25
V015740,DEL037,MED1838,2025-02-25
V015835,DEL038,MED1852,2025-02-25
V016238,DEL037,MED1894,2025-02-25
V016616,DEL012,MED1955,2025-02-25
V016695,DEL015,MED1968,2025-02-25
V016796,DEL011,MED1977,2025-02-25
V000479,DEL002,MED0058,2025-02-26
V003091,DEL013,MED0383,2025-02-26
V003183,DEL018,MED0388,2025-02-26
V003300,DEL011,MED0404,2025-02-26
V003926,DEL007,MED0475,2025-02-26
V003954,DEL042,MED0478,2025-02-26
V004281,DEL005,MED0530,2025-02-26
V004290,DEL050,MED0531,2025-02-26
V006522,DEL047,MED0801,2025-02-26
V006560,DEL028,MED0803,2025-02-26
V006653,DEL033,MED0818,2025-02-26
V007071,DEL033,MED0874,2025-02-26
V007954,DEL041,MED0978,2025-02-26
V009083,DEL006,MED1096,2025-02-26
V009301,DEL026,MED1113,2025-02-26
V009640,DEL022,MED1170,2025-02-26
V009926,DEL041,MED1193,2025-02-26
V010063,DEL033,MED1200,2025-02-26
V010835,DEL010,MED1315,2025-02-26
V011547,DEL022,MED1405,2025-02-26
V011925,DEL036,MED1438,2025-02-26
V015000,DEL015,MED1752,2025-02-26
V015517,DEL010,MED1807,2025-02-26
V015803,DEL034,MED1847,2025-02-26
V015858,DEL026,MED1854,2025-02-26
V016147,DEL017,MED1888,2025-02-26
V016810,DEL015,MED1978,2025-02-26
V000050,DEL012,MED0011,2025-02-27
V000806,DEL041,MED0093,2025-02-27
V003599,DEL001,MED0442,2025-02-27
V004349,DEL023,MED0534,2025-02-27
V004539,DEL047,MED0555,2025-02-27
V007097,DEL015,MED0878,2025-02-27
V007241,DEL041,MED0892,2025-02-27
V007680,DEL050,MED0953,2025-02-27
V008782,DEL008,MED1072,2025-02-27
V008865,DEL049,MED1077,2025-02-27
V009740,DEL034,MED1179,2025-02-27
V010559,DEL041,MED1271,2025-02-27
V010592,DEL033,MED1277,2025-02-27
V010612,DEL010,MED1280,2025-02-27
V011332,DEL028,MED1383,2025-02-27
V011389,DEL016,MED1387,2025-02-27
V012072,DEL031,MED1449,2025-02-27
V014986,DEL012,MED1749,2025-02-27
V015051,DEL049,MED1756,2025-02-27
V015889,DEL006,MED1855,2025-02-27
V016239,DEL037,MED1894,2025-02-27
V002357,DEL014,MED0300,2025-02-28
V002638,DEL019,MED0340,2025-02-28
V003175,DEL018,MED0388,2025-02-28
V003415,DEL020,MED0417,2025-02-28
V004638,DEL048,MED0572,2025-02-28
V005414,DEL046,MED0674,2025-02-28
V005517,DEL005,MED0686,2025-02-28
V005671,DEL018,MED0703,2025-02-28
V007289,DEL043,MED0895,2025-02-28
V007483,DEL010,MED0921,2025-02-28
V008070,DEL012,MED0991,2025-02-28
V008078,DEL012,MED0991,2025-02-28
V008309,DEL039,MED1014,2025-02-28
V008768,DEL049,MED1071,2025-02-28
V009966,DEL013,MED1194,2025-02-28
V013286,DEL038,MED1582,2025-02-28
V013625,DEL012,MED1605,2025-02-28
V013776,DEL032,MED1620,2025-02-28
V014046,DEL043,MED1641,2025-02-28
V014182,DEL016,MED1656,2025-02-28
V014189,DEL030,MED1657,2025-02-28
V014484,DEL048,MED1692,2025-02-28
V015243,DEL031,MED1777,2025-02-28
V015982,DEL029,MED1864,2025-02-28
V016707,DEL009,MED1971,2025-02-28
V000315,DEL049,MED0042,2025-03-01
V000333,DEL016,MED0043,2025-03-01
V000620,DEL021,MED0070,2025-03-01
V001617,DEL014,MED0197,2025-03-01
V001784,DEL035,MED0215,2025-03-01
V002472,DEL041,MED0313,2025-03-01
V003122,DEL002,MED0386,2025-03-01
V003893,DEL043,MED0471,2025-03-01
V004871,DEL043,MED0599,2025-03-01
V006825,DEL017,MED0842,2025-03-01
V007411,DEL021,MED0908,2025-03-01
V008040,DEL044,MED0989,2025-03-01
V008517,DEL033,MED1041,2025-03-01
V008722,DEL038,MED1065,2025-03-01
V009665,DEL009,MED1171,2025-03-01
V010511,DEL013,MED1262,2025-03-01
V010746,DEL025,MED1301,2025-03-01
V011440,DEL048,MED1395,2025-03-01
V011781,DEL048,MED1430,2025-03-01
V011980,DEL001,MED1445,2025-03-01
V012515,DEL007,MED1498,2025-03-01
V012583,DEL049,MED1505,2025-03-01
V012786,DEL042,MED1526,2025-03-01
V013516,DEL042,MED1595,2025-03-01
V014536,DEL021,MED1697,2025-03-01
V014614,DEL020,MED1700,2025-03-01
V015875,DEL026,MED1854,2025-03-01
V000066,DEL012,MED0011,2025-03-02
V001215,DEL024,MED0146,2025-03-02
V002171,DEL037,MED0278,2025-03-02
V003292,DEL011,MED0404,2025-03-02
V004173,DEL017,MED0517,2025-03-02
V004186,DEL046,MED0520,2025-03-02
V004254,DEL039,MED0527,2025-03-02
V004714,DEL008,MED0576,2025-03-02
V004889,DEL026,MED0600,2025-03-02
V006397,DEL006,MED0786,2025-03-02
V006553,DEL028,MED0803,2025-03-02
V007231,DEL041,MED0891,2025-03-02
V007674,DEL050,MED0953,2025-03-02
V008217,DEL022,MED1002,2025-03-02
V009075,DEL006,MED1096,2025-03-02
V010286,DEL021,MED1230,2025-03-02
V011246,DEL046,MED1369,2025-03-02
V011636,DEL036,MED1418,2025-03-02
V011848,DEL044,MED1435,2025-03-02
V013080,DEL024,MED1563,2025-03-02
V014047,DEL043,MED1641,2025-03-02
V014892,DEL003,MED1739,2025-03-02
V015404,DEL027,MED1793,2025-03-02
V015612,DEL016,MED1817,2025-03-02
V016233,DEL037,MED1894,2025-03-02
V016538,DEL021,MED1945,2025-03-02
V016575,DEL039,MED1951,2025-03-02
V000205,DEL022,MED0032,2025-03-03
V000904,DEL049,MED0108,2025-03-03
V001655,DEL035,MED0201,2025-03-03
V001669,DEL039,MED0202,2025-03-03
V002552,DEL008,MED0323,2025-03-03
V002967,DEL010,MED0368,2025-03-03
V003613,DEL002,MED0444,2025-03-03
V004182,DEL018,MED0518,2025-03-03
V004336,DEL027,MED0532,2025-03-03
V005594,DEL008,MED0698,2025-03-03
V005700,DEL044,MED0707,2025-03-03
V009002,DEL021,MED1090,2025-03-03
V009008,DEL021,MED1090,2025-03-03
V009151,DEL036,MED1102,2025-03-03
V009191,DEL039,MED1103,2025-03-03
V009279,DEL010,MED1112,2025-03-03
V009841,DEL047,MED1186,2025-03-03
V010486,DEL038,MED1258,2025-03-03
V010522,DEL041,MED1263,2025-03-03
V010996,DEL001,MED1347,2025-03-03
V011043,DEL043,MED1356,2025-03-03
V011567,DEL028,MED1408,2025-03-03
V011701,DEL021,MED1423,2025-03-03
V012303,DEL026,MED1470,2025-03-03
V012508,DEL007,MED1498,2025-03-03
V013095,DEL024,MED1563,2025-03-03
V015611,DEL016,MED1817,2025-03-03
V015902,DEL046,MED1856,2025-03-03
V000164,DEL033,MED0023,2025-03-04
V001376,DEL006,MED0161,2025-03-04
V001997,DEL004,MED0246,2025-03-04
V002479,DEL008,MED0315,2025-03-04
V003172,DEL018,MED0388,2025-03-04
V003193,DEL002,MED0390,2025-03-04
V006517,DEL047,MED0801,2025-03-04
V006551,DEL028,MED0803,2025-03-04
V008164,DEL007,MED0999,2025-03-04
V008772,DEL049,MED1071,2025-03-04
V010100,DEL030,MED1206,2025-03-04
V010942,DEL037,MED1334,2025-03-04
V011202,DEL034,MED1367,2025-03-04
V012951,DEL026,MED1547,2025-03-04
V013154,DEL023,MED1569,2025-03-04
V013235,DEL013,MED1575,2025-03-04
V013804,DEL038,MED1621,2025-03-04
V014303,DEL002,MED1674,2025-03-04
V014513,DEL016,MED1693,2025-03-04
V015317,DEL018,MED1779,2025-03-04
V015943,DEL050,MED1860,2025-03-04
V016245,DEL037,MED1894,2025-03-04
V001005,DEL049,MED0122,2025-03-05
V002120,DEL013,MED0272,2025-03-05
V002627,DEL043,MED0339,2025-03-05
V003731,DEL049,MED0452,2025-03-05
V003857,DEL003,MED0467,2025-03-05
V004384,DEL016,MED0540,2025-03-05
V004544,DEL047,MED0555,2025-03-05
V004581,DEL026,MED0560,2025-03-05
V004730,DEL023,MED0579,2025-03-05
V004789,DEL007,MED0584,2025-03-05
V005366,DEL027,MED0672,2025-03-05
V005669,DEL018,MED0703,2025-03-05
V005788,DEL014,MED0714,2025-03-05
V007009,DEL025,MED0865,2025-03-05
V007885,DEL034,MED0972,2025-03-05
V008187,DEL045,MED1000,2025-03-05
V008809,DEL042,MED1075,2025-03-05
V011883,DEL033,MED1436,2025-03-05
V012307,DEL026,MED1470,2025-03-05
V012340,DEL036,MED1478,2025-03-05
V014671,DEL004,MED1705,2025-03-05
V015725,DEL022,MED1836,2025-03-05
V015812,DEL021,MED1849,2025-03-05
V015944,DEL050,MED1860,2025-03-05
V002542,DEL026,MED0322,2025-03-06
V003462,DEL031,MED0426,2025-03-06
V004609,DEL012,MED0568,2025-03-06
V004797,DEL001,MED0585,2025-03-06
V005117,DEL006,MED0637,2025-03-06
V006189,DEL019,MED0753,2025-03-06
V006766,DEL038,MED0834,2025-03-06
V006970,DEL007,MED0863,2025-03-06
V007220,DEL026,MED0890,2025-03-06
V007783,DEL049,MED0964,2025-03-06
V007841,DEL015,MED0970,2025-03-06
V008817,DEL042,MED1075,2025-03-06
V009228,DEL035,MED1109,2025-03-06
V010521,DEL041,MED1263,2025-03-06
V010662,DEL003,MED1287,2025-03-06
V011835,DEL044,MED1435,2025-03-06
V012413,DEL009,MED1491,2025-03-06
V012866,DEL017,MED1541,2025-03-06
V013479,DEL018,MED1592,2025-03-06
V014395,DEL043,MED1678,2025-03-06
V014603,DEL020,MED1700,2025-03-06
V015316,DEL018,MED1779,2025-03-06
V015663,DEL033,MED1824,2025-03-06
V015797,DEL012,MED1844,2025-03-06
V016678,DEL009,MED1961,2025-03-06
V016863,DEL048,MED1986,2025-03-06
V000033,DEL010,MED0010,2025-03-07
V000741,DEL043,MED0085,2025-03-07
V001420,DEL041,MED0165,2025-03-07
V001904,DEL014,MED0231,2025-03-07
V002322,DEL042,MED0297,2025-03-07
V003694,DEL013,MED0450,2025-03-07
V003902,DEL040,MED0474,2025-03-07
V004049,DEL006,MED0495,2025-03-07
V004201,DEL013,MED0522,2025-03-07
V005529,DEL050,MED0687,2025-03-07
V005840,DEL032,MED0722,2025-03-07
V006984,DEL019,MED0864,2025-03-07
V007557,DEL026,MED0930,2025-03-07
V008938,DEL006,MED1087,2025-03-07
V009472,DEL039,MED1144,2025-03-07
V009743,DEL034,MED1179,2025-03-07
V010278,DEL033,MED1227,2025-03-07
V010891,DEL010,MED1326,2025-03-07
V010944,DEL037,MED1334,2025-03-07
V011600,DEL025,MED1413,2025-03-07
V012078,DEL031,MED1449,2025-03-07
V012438,DEL003,MED1492,2025-03-07
V012830,DEL006,MED1540,2025-03-07
V013208,DEL011,MED1572,2025-03-07
V013926,DEL013,MED1631,2025-03-07
V014400,DEL043,MED1678,2025-03-07
V014441,DEL008,MED1685,2025-03-07
V014954,DEL042,MED1747,2025-03-07
V015780,DEL025,MED1842,2025-03-07
V015926,DEL050,MED1860,2025-03-07
V016756,DEL010,MED1974,2025-03-07
V000400,DEL018,MED0050,2025-03-08
V000769,DEL024,MED0090,2025-03-08
V001780,DEL035,MED0215,2025-03-08
V002124,DEL013,MED0272,2025-03-08
V002259,DEL035,MED0288,2025-03-08
V002454,DEL043,MED0310,2025-03-08
V003095,DEL014,MED0384,2025-03-08
V004195,DEL013,MED0522,2025-03-08
V004906,DEL036,MED0602,2025-03-08
V005245,DEL004,MED0661,2025-03-08
V005548,DEL033,MED0689,2025-03-08
V005702,DEL044,MED0707,2025-03-08
V005794,DEL037,MED0715,2025-03-08
V005922,DEL029,MED0729,2025-03-08
V005930,DEL029,MED0729,2025-03-08
V006259,DEL015,MED0764,2025-03-08
V006489,DEL035,MED0796,2025-03-08
V007484,DEL010,MED0921,2025-03-08
V008028,DEL035,MED0986,2025-03-08
V010397,DEL020,MED1243,2025-03-08
V010473,DEL043,MED1251,2025-03-08
V010938,DEL037,MED1334,2025-03-08
V011284,DEL015,MED1373,2025-03-08
V011374,DEL013,MED1385,2025-03-08
V013032,DEL019,MED1559,2025-03-08
V013164,DEL023,MED1569,2025-03-08
V014482,DEL048,MED1692,2025-03-08
V014698,DEL038,MED1710,2025-03-08
V015581,DEL041,MED1809,2025-03-08
V016007,DEL033,MED1872,2025-03-08
V000092,DEL042,MED0017,2025-03-09
V001040,DEL008,MED0125,2025-03-09
V001470,DEL020,MED0173,2025-03-09
V002800,DEL018,MED0353,2025-03-09
V003536,DEL038,MED0434,2025-03-09
V006267,DEL030,MED0765,2025-03-09
V008496,DEL010,MED1038,2025-03-09
V008959,DEL038,MED1088,2025-03-09
V009349,DEL007,MED1119,2025-03-09
V009552,DEL033,MED1162,2025-03-09
V010606,DEL010,MED1280,2025-03-09
V011238,DEL046,MED1369,2025-03-09
V011874,DEL033,MED1436,2025-03-09
V012333,DEL042,MED1476,2025-03-09
V012510,DEL007,MED1498,2025-03-09
V012908,DEL049,MED1542,2025-03-09
V013018,DEL031,MED1557,2025-03-09
V013368,DEL015,MED1587,2025-03-09
V013639,DEL020,MED1606,2025-03-09
V015164,DEL035,MED1769,2025-03-09
V015220,DEL024,MED1775,2025-03-09
V015280,DEL039,MED1778,2025-03-09
V015375,DEL015,MED1789,2025-03-09
V015407,DEL027,MED1793,2025-03-09
V015510,DEL010,MED1807,2025-03-09
V015641,DEL009,MED1818,2025-03-09
V016199,DEL001,MED1893,2025-03-09
V000108,DEL007,MED0020,2025-03-10
V000546,DEL038,MED0063,2025-03-10
V001543,DEL031,MED0190,2025-03-10
V002712,DEL030,MED0342,2025-03-10
V003180,DEL018,MED0388,2025-03-10
V003891,DEL043,MED0471,2025-03-10
V004737,DEL011,MED0580,2025-03-10
V005680,DEL034,MED0705,2025-03-10
V006377,DEL014,MED0785,2025-03-10
V007297,DEL043,MED0895,2025-03-10
V007456,DEL026,MED0916,2025-03-10
V008788,DEL019,MED1073,2025-03-10
V009045,DEL035,MED1091,2025-03-10
V009664,DEL009,MED1171,2025-03-10
V010471,DEL043,MED1251,2025-03-10
V011142,DEL015,MED1365,2025-03-10
V011722,DEL001,MED1424,2025-03-10
V012800,DEL003,MED1530,2025-03-10
V014025,DEL015,MED1639,2025-03-10
V014043,DEL043,MED1641,2025-03-10
V014131,DEL004,MED1649,2025-03-10
V014613,DEL020,MED1700,2025-03-10
V015277,DEL039,MED1778,2025-03-10
V015419,DEL016,MED1795,2025-03-10
V015575,DEL041,MED1809,2025-03-10
V015679,DEL044,MED1825,2025-03-10
V016427,DEL018,MED1932,2025-03-10
V016464,DEL027,MED1942,2025-03-10
V016793,DEL011,MED1977,2025-03-10
V000822,DEL030,MED0097,2025-03-11
V000841,DEL019,MED0102,2025-03-11
V001146,DEL033,MED0134,2025-03-11
V001614,DEL014,MED0197,2025-03-11
V001727,DEL040,MED0210,2025-03-11
V001743,DEL024,MED0211,2025-03-11
V003402,DEL016,MED0415,2025-03-11
V003816,DEL038,MED0463,2025-03-11
V004530,DEL047,MED0555,2025-03-11
V004956,DEL019,MED0617,2025-03-11
V005753,DEL039,MED0713,2025-03-11
V006467,DEL020,MED0795,2025-03-11
V008199,DEL019,MED1001,2025-03-11
V008889,DEL009,MED1079,2025-03-11
V009817,DEL048,MED1185,2025-03-11
V009988,DEL030,MED1198,2025-03-11
V010051,DEL033,MED1200,2025-03-11
V011059,DEL013,MED1357,2025-03-11
V012013,DEL021,MED1446,2025-03-11
V013530,DEL048,MED1598,2025-03-11
V013801,DEL038,MED1621,2025-03-11
V014248,DEL042,MED1671,2025-03-11
V014479,DEL048,MED1692,2025-03-11
V016472,DEL027,MED1942,2025-03-11
V016888,DEL033,MED1996,2025-03-11
V000207,DEL021,MED0033,2025-03-12
V003687,DEL015,MED0449,2025-03-12
V003883,DEL043,MED0471,2025-03-12
V003996,DEL048,MED0485,2025-03-12
V004769,DEL026,MED0581,2025-03-12
V004987,DEL026,MED0620,2025-03-12
V005045,DEL023,MED0623,2025-03-12
V008032,DEL026,MED0987,2025-03-12
V009922,DEL041,MED1193,2025-03-12
V009974,DEL027,MED1195,2025-03-12
V010017,DEL019,MED1199,2025-03-12
V010248,DEL026,MED1222,2025-03-12
V011620,DEL003,MED1415,2025-03-12
V013446,DEL048,MED1591,2025-03-12
V014098,DEL030,MED1647,2025-03-12
V014350,DEL031,MED1676,2025-03-12
V016062,DEL017,MED1875,2025-03-12
V016662,DEL001,MED1959,2025-03-12
V016709,DEL009,MED1971,2025-03-12
V000740,DEL043,MED0085,2025-03-13
V001369,DEL006,MED0161,2025-03-13
V001492,DEL008,MED0181,2025-03-13
V001847,DEL008,MED0224,2025-03-13
V004929,DEL019,MED0608,2025-03-13
V005375,DEL027,MED0672,2025-03-13
V005424,DEL007,MED0675,2025-03-13
V005879,DEL047,MED0726,2025-03-13
V007019,DEL025,MED0865,2025-03-13
V007061,DEL024,MED0869,2025-03-13
V007088,DEL039,MED0877,2025-03-13
V007427,DEL030,MED0909,2025-03-13
V007965,DEL041,MED0978,2025-03-13
V007998,DEL023,MED0983,2025-03-13
V008474,DEL040,MED1036,2025-03-13
V008730,DEL005,MED1067,2025-03-13
V009149,DEL036,MED1102,2025-03-13
V009458,DEL010,MED1143,2025-03-13
V010028,DEL019,MED1199,2025-03-13
V010226,DEL017,MED1221,2025-03-13
V011381,DEL013,MED1385,2025-03-13
V012468,DEL023,MED1494,2025-03-13
V013162,DEL023,MED1569,2025-03-13
V015079,DEL023,MED1763,2025-03-13
V015173,DEL035,MED1769,2025-03-13
V015369,DEL015,MED1789,2025-03-13
V015748,DEL050,MED1839,2025-03-13
V016654,DEL021,MED1958,2025-03-13
V000487,DEL002,MED0058,2025-03-14
V001257,DEL033,MED0147,2025-03-14
V002832,DEL039,MED0354,2025-03-14
V003538,DEL038,MED0434,2025-03-14
V003858,DEL003,MED0467,2025-03-14
V004421,DEL018,MED0543,2025-03-14
V005494,DEL045,MED0684,2025-03-14
V005921,DEL029,MED0729,2025-03-14
V009202,DEL030,MED1104,2025-03-14
V010165,DEL013,MED1215,2025-03-14
V011776,DEL048,MED1430,2025-03-14
V012957,DEL034,MED1549,2025-03-14
V013633,DEL012,MED1605,2025-03-14
V013820,DEL007,MED1622,2025-03-14
V014328,DEL015,MED1675,2025-03-14
V014979,DEL012,MED1749,2025-03-14
V015355,DEL035,MED1787,2025-03-14
V016327,DEL007,MED1912,2025-03-14
V001254,DEL033,MED0147,2025-03-15
V001667,DEL039,MED0202,2025-03-15
V002310,DEL042,MED0297,2025-03-15
V003884,DEL043,MED0471,2025-03-15
V004851,DEL044,MED0593,2025-03-15
V005019,DEL006,MED0622,2025-03-15
V006201,DEL018,MED0757,2025-03-15
V006979,DEL019,MED0864,2025-03-15
V007197,DEL003,MED0885,2025-03-15
V007199,DEL003,MED0885,2025-03-15
V008003,DEL023,MED0983,2025-03-15
V008067,DEL012,MED0991,2025-03-15
V009871,DEL018,MED1187,2025-03-15
V009984,DEL045,MED1196,2025-03-15
V011516,DEL024,MED1404,2025-03-15
V012332,DEL042,MED1476,2025-03-15
V012580,DEL020,MED1503,2025-03-15
V013268,DEL030,MED1581,2025-03-15
V013999,DEL018,MED1633,2025-03-15
V015119,DEL023,MED1768,2025-03-15
V015274,DEL039,MED1778,2025-03-15
V015597,DEL046,MED1814,2025-03-15
V016042,DEL017,MED1875,2025-03-15
V000373,DEL016,MED0048,2025-03-16
V000913,DEL009,MED0109,2025-03-16
V001875,DEL018,MED0228,2025-03-16
V001961,DEL033,MED0245,2025-03-16
V001968,DEL033,MED0245,2025-03-16
V002681,DEL008,MED0341,2025-03-16
V006320,DEL021,MED0769,2025-03-16
V006832,DEL045,MED0843,2025-03-16
V007769,DEL049,MED0964,2025-03-16
V007787,DEL049,MED0964,2025-03-16
V007982,DEL020,MED0982,2025-03-16
V009644,DEL022,MED1170,2025-03-16
V010161,DEL013,MED1215,2025-03-16
V010901,DEL010,MED1326,2025-03-16
V012269,DEL029,MED1469,2025-03-16
V012497,DEL023,MED1497,2025-03-16
V012787,DEL042,MED1526,2025-03-16
V012902,DEL049,MED1542,2025-03-16
V014682,DEL004,MED1705,2025-03-16
V015181,DEL044,MED1772,2025-03-16
V016087,DEL001,MED1876,2025-03-16
V016822,DEL029,MED1979,2025-03-16
V016849,DEL001,MED1984,2025-03-16
V000177,DEL033,MED0025,2025-03-17
V000197,DEL044,MED0029,2025-03-17
V000280,DEL018,MED0040,2025-03-17
V000283,DEL018,MED0040,2025-03-17
V000437,DEL048,MED0055,2025-03-17
V001486,DEL038,MED0177,2025-03-17
V001622,DEL014,MED0197,2025-03-17
V002392,DEL042,MED0305,2025-03-17
V002820,DEL018,MED0353,2025-03-17
V003243,DEL002,MED0400,2025-03-17
V003635,DEL018,MED0446,2025-03-17
V005823,DEL027,MED0719,2025-03-17
V006072,DEL013,MED0748,2025-03-17
V006677,DEL039,MED0819,2025-03-17
V006886,DEL031,MED0848,2025-03-17
V007293,DEL043,MED0895,2025-03-17
V007610,DEL044,MED0944,2025-03-17
V011854,DEL044,MED1435,2025-03-17
V013699,DEL010,MED1615,2025-03-17
V014195,DEL011,MED1658,2025-03-17
V014405,DEL043,MED1678,2025-03-17
V014716,DEL039,MED1714,2025-03-17
V014994,DEL027,MED1750,2025-03-17
V015081,DEL023,MED1763,2025-03-17
V015312,DEL018,MED1779,2025-03-17
V015360,DEL050,MED1788,2025-03-17
V015586,DEL035,MED1810,2025-03-17
V015870,DEL026,MED1854,2025-03-17
V016355,DEL026,MED1921,2025-03-17
V016453,DEL031,MED1940,2025-03-17
V016534,DEL021,MED1945,2025-03-17
V000560,DEL038,MED0063,2025-03-18
V000667,DEL001,MED0076,2025-03-18
V001817,DEL050,MED0220,2025-03-18
V001943,DEL006,MED0241,2025-03-18
V001970,DEL033,MED0245,2025-03-18
V002375,DEL049,MED0302,2025-03-18
V003791,DEL014,MED0457,2025-03-18
V004020,DEL015,MED0486,2025-03-18
V004105,DEL024,MED0504,2025-03-18
V005220,DEL014,MED0657,2025-03-18
V007110,DEL040,MED0879,2025-03-18
V007113,DEL040,MED0879,2025-03-18
V007207,DEL003,MED0886,2025-03-18
V008947,DEL006,MED1087,2025-03-18
V009038,DEL035,MED1091,2025-03-18
V009309,DEL005,MED1117,2025-03-18
V009342,DEL007,MED1119,2025-03-18
V011845,DEL044,MED1435,2025-03-18
V012297,DEL026,MED1470,2025-03-18
V012574,DEL020,MED1503,2025-03-18
V013929,DEL013,MED1631,2025-03-18
V015955,DEL039,MED1861,2025-03-18
V015981,DEL029,MED1864,2025-03-18
V016332,DEL007,MED1912,2025-03-18
V000165,DEL033,MED0023,2025-03-19
V001014,DEL043,MED0124,2025-03-19
V002360,DEL014,MED0300,2025-03-19
V002524,DEL048,MED0321,2025-03-19
V002801,DEL018,MED0353,2025-03-19
V003472,DEL025,MED0429,2025-03-19
V003659,DEL043,MED0447,2025-03-19
V003757,DEL034,MED0456,2025-03-19
V004333,DEL027,MED0532,2025-03-19
V004420,DEL018,MED0543,2025-03-19
V004758,DEL026,MED0581,2025-03-19
V005777,DEL014,MED0714,2025-03-19
V007475,DEL034,MED0920,2025-03-19
V007718,DEL010,MED0960,2025-03-19
V008360,DEL015,MED1024,2025-03-19
V010732,DEL002,MED1299,2025-03-19
V011929,DEL036,MED1438,2025-03-19
V012271,DEL029,MED1469,2025-03-19
V012273,DEL029,MED1469,2025-03-19
V012512,DEL007,MED1498,2025-03-19
V013009,DEL019,MED1556,2025-03-19
V013203,DEL011,MED1572,2025-03-19
V014539,DEL021,MED1697,2025-03-19
V014939,DEL034,MED1746,2025-03-19
V015468,DEL043,MED1801,2025-03-19
V016112,DEL009,MED1882,2025-03-19
V016277,DEL049,MED1902,2025-03-19
V016561,DEL046,MED1950,2025-03-19
V000618,DEL021,MED0070,2025-03-20
V000865,DEL041,MED0106,2025-03-20
V001513,DEL034,MED0186,2025-03-20
V002812,DEL018,MED0353,2025-03-20
V004700,DEL014,MED0574,2025-03-20
V005316,DEL036,MED0666,2025-03-20
V005369,DEL027,MED0672,2025-03-20
V006110,DEL046,MED0750,2025-03-20
V007330,DEL002,MED0897,2025-03-20
V007959,DEL041,MED0978,2025-03-20
V011240,DEL046,MED1369,2025-03-20
V011549,DEL022,MED1405,2025-03-20
V011877,DEL033,MED1436,2025-03-20
V012121,DEL039,MED1454,2025-03-20
V014577,DEL018,MED1698,2025-03-20
V014950,DEL034,MED1746,2025-03-20
V016627,DEL012,MED1955,2025-03-20
V016792,DEL011,MED1977,2025-03-20
V016903,DEL020,MED1998,2025-03-20
V000508,DEL032,MED0060,2025-03-21
V000622,DEL021,MED0070,2025-03-21
V001964,DEL033,MED0245,2025-03-21
V002169,DEL037,MED0278,2025-03-21
V003084,DEL013,MED0383,2025-03-21
V003140,DEL033,MED0387,2025-03-21
V003475,DEL003,MED0430,2025-03-21
V003938,DEL007,MED0475,2025-03-21
V003983,DEL009,MED0482,2025-03-21
V004756,DEL026,MED0581,2025-03-21
V005177,DEL008,MED0649,2025-03-21
V006075,DEL013,MED0748,2025-03-21
V006121,DEL046,MED0750,2025-03-21
V006675,DEL039,MED0819,2025-03-21
V007050,DEL029,MED0868,2025-03-21
V007300,DEL043,MED0895,2025-03-21
V007711,DEL038,MED0958,2025-03-21
V007721,DEL010,MED0960,2025-03-21
V010800,DEL004,MED1308,2025-03-21
V011365,DEL013,MED1385,2025-03-21
V011441,DEL048,MED1395,2025-03-21
V011664,DEL046,MED1419,2025-03-21
V012035,DEL030,MED1448,2025-03-21
V012252,DEL015,MED1467,2025-03-21
V012305,DEL026,MED1470,2025-03-21
V012317,DEL033,MED1475,2025-03-21
V012721,DEL002,MED1521,2025-03-21
V012993,DEL042,MED1552,2025-03-21
V013039,DEL003,MED1560,2025-03-21
V013598,DEL045,MED1601,2025-03-21
V014358,DEL031,MED1676,2025-03-21
V014700,DEL006,MED1711,2025-03-21
V015046,DEL049,MED1756,2025-03-21
V015478,DEL037,MED1803,2025-03-21
V015541,DEL038,MED1808,2025-03-21
V015578,DEL041,MED1809,2025-03-21
V015865,DEL026,MED1854,2025-03-21
V016140,DEL008,MED1887,2025-03-21
V000897,DEL049,MED0108,2025-03-22
V001347,DEL036,MED0158,2025-03-22
V001796,DEL020,MED0217,2025-03-22
V003054,DEL049,MED0382,2025-03-22
V003806,DEL003,MED0460,2025-03-22
V003923,DEL007,MED0475,2025-03-22
V004072,DEL006,MED0496,2025-03-22
V005020,DEL006,MED0622,2025-03-22
V005136,DEL001,MED0641,2025-03-22
V006375,DEL017,MED0784,2025-03-22
V007477,DEL034,MED0920,2025-03-22
V007547,DEL030,MED0926,2025-03-22
V007780,DEL049,MED0964,2025-03-22
V007808,DEL024,MED0968,2025-03-22
V008844,DEL023,MED1076,2025-03-22
V009955,DEL013,MED1194,2025-03-22
V010247,DEL026,MED1222,2025-03-22
V010921,DEL006,MED1333,2025-03-22
V010960,DEL028,MED1335,2025-03-22
V010981,DEL031,MED1341,2025-03-22
V011869,DEL033,MED1436,2025-03-22
V012234,DEL041,MED1464,2025-03-22
V013921,DEL013,MED1631,2025-03-22
V013962,DEL003,MED1632,2025-03-22
V015118,DEL023,MED1768,2025-03-22
V015494,DEL034,MED1806,2025-03-22
V016244,DEL037,MED1894,2025-03-22
V000580,DEL021,MED0067,2025-03-23
V001913,DEL035,MED0233,2025-03-23
V001934,DEL014,MED0237,2025-03-23
V002383,DEL011,MED0304,2025-03-23
V003933,DEL007,MED0475,2025-03-23
V003970,DEL040,MED0480,2025-03-23
V004245,DEL039,MED0527,2025-03-23
V004684,DEL018,MED0573,2025-03-23
V006071,DEL013,MED0748,2025-03-23
V006616,DEL026,MED0816,2025-03-23
V006778,DEL044,MED0836,2025-03-23
V007092,DEL039,MED0877,2025-03-23
V007623,DEL026,MED0947,2025-03-23
V007703,DEL006,MED0957,2025-03-23
V007973,DEL009,MED0981,2025-03-23
V008140,DEL014,MED0995,2025-03-23
V008978,DEL031,MED1089,2025-03-23
V009475,DEL039,MED1144,2025-03-23
V009617,DEL011,MED1168,2025-03-23
V010770,DEL003,MED1307,2025-03-23
V010865,DEL002,MED1325,2025-03-23
V011236,DEL046,MED1369,2025-03-23
V012268,DEL029,MED1469,2025-03-23
V013841,DEL016,MED1623,2025-03-23
V014149,DEL012,MED1652,2025-03-23
V014883,DEL001,MED1736,2025-03-23
V015795,DEL012,MED1844,2025-03-23
V001044,DEL008,MED0125,2025-03-24
V001276,DEL005,MED0151,2025-03-24
V001487,DEL038,MED0177,2025-03-24
V001536,DEL031,MED0190,2025-03-24
V003141,DEL033,MED0387,2025-03-24
V004504,DEL017,MED0554,2025-03-24
V004924,DEL027,MED0606,2025-03-24
V004935,DEL023,MED0612,2025-03-24
V007569,DEL040,MED0931,2025-03-24
V008071,DEL012,MED0991,2025-03-24
V008083,DEL032,MED0992,2025-03-24
V008180,DEL045,MED1000,2025-03-24
V008283,DEL049,MED1011,2025-03-24
V008687,DEL049,MED1058,2025-03-24
V008846,DEL023,MED1076,2025-03-24
V009761,DEL002,MED1180,2025-03-24
V010152,DEL044,MED1214,2025-03-24
V011160,DEL001,MED1366,2025-03-24
V011749,DEL022,MED1428,2025-03-24
V011786,DEL048,MED1430,2025-03-24
V013060,DEL001,MED1562,2025-03-24
V013822,DEL007,MED1622,2025-03-24
V014571,DEL018,MED1698,2025-03-24
V014708,DEL014,MED1712,2025-03-24
V015977,DEL029,MED1864,2025-03-24
V016880,DEL004,MED1992,2025-03-24
V001580,DEL048,MED0191,2025-03-25
V001886,DEL021,MED0229,2025-03-25
V002033,DEL003,MED0253,2025-03-25
V005257,DEL004,MED0661,2025-03-25
V005699,DEL044,MED0707,2025-03-25
V005860,DEL031,MED0725,2025-03-25
V006657,DEL033,MED0818,2025-03-25
V007806,DEL024,MED0968,2025-03-25
V007921,DEL045,MED0973,2025-03-25
V008110,DEL047,MED0993,2025-03-25
V008992,DEL021,MED1090,2025-03-25
V009406,DEL014,MED1132,2025-03-25
V010187,DEL034,MED1220,2025-03-25
V010490,DEL001,MED1259,2025-03-25
V010634,DEL048,MED1284,2025-03-25
V011506,DEL043,MED1403,2025-03-25
V016411,DEL025,MED1931,2025-03-25
V016611,DEL012,MED1955,2025-03-25
V016645,DEL021,MED1958,2025-03-25
V016710,DEL009,MED1971,2025-03-25
V000216,DEL034,MED0034,2025-03-26
V000383,DEL016,MED0048,2025-03-26
V001311,DEL024,MED0157,2025-03-26
V002036,DEL020,MED0255,2025-03-26
V004540,DEL047,MED0555,2025-03-26
V005969,DEL018,MED0730,2025-03-26
V006550,DEL028,MED0803,2025-03-26
V006718,DEL006,MED0830,2025-03-26
V007198,DEL003,MED0885,2025-03-26
V007531,DEL030,MED0926,2025-03-26
V007580,DEL032,MED0934,2025-03-26
V008569,DEL015,MED1045,2025-03-26
V009150,DEL036,MED1102,2025-03-26
V009734,DEL034,MED1179,2025-03-26
V009763,DEL002,MED1180,2025-03-26
V010065,DEL022,MED1201,2025-03-26
V010550,DEL035,MED1270,2025-03-26
V011367,DEL013,MED1385,2025-03-26
V011682,DEL046,MED1419,2025-03-26
V011768,DEL048,MED1430,2025-03-26
V011947,DEL014,MED1439,2025-03-26
V012733,DEL002,MED1521,2025-03-26
V013131,DEL033,MED1566,2025-03-26
V013997,DEL018,MED1633,2025-03-26
V014187,DEL030,MED1657,2025-03-26
V014518,DEL016,MED1693,2025-03-26
V014778,DEL048,MED1717,2025-03-26
V015488,DEL049,MED1805,2025-03-26
V015872,DEL026,MED1854,2025-03-26
V000562,DEL038,MED0063,2025-03-27
V001077,DEL045,MED0127,2025-03-27
V003977,DEL026,MED0481,2025-03-27
V004578,DEL026,MED0560,2025-03-27
V005250,DEL004,MED0661,2025-03-27
V007244,DEL041,MED0892,2025-03-27
V007719,DEL010,MED0960,2025-03-27
V007890,DEL034,MED0972,2025-03-27
V008539,DEL022,MED1043,2025-03-27
V009956,DEL013,MED1194,2025-03-27
V010370,DEL050,MED1241,2025-03-27
V011471,DEL049,MED1399,2025-03-27
V011809,DEL017,MED1432,2025-03-27
V012153,DEL029,MED1458,2025-03-27
V012735,DEL002,MED1521,2025-03-27
V013234,DEL013,MED1575,2025-03-27
V013664,DEL007,MED1611,2025-03-27
V015352,DEL035,MED1787,2025-03-27
V016041,DEL017,MED1875,2025-03-27
V000712,DEL011,MED0083,2025-03-28
V000918,DEL009,MED0109,2025-03-28
V001635,DEL014,MED0197,2025-03-28
V001851,DEL008,MED0224,2025-03-28
V002618,DEL050,MED0337,2025-03-28
V002631,DEL043,MED0339,2025-03-28
V002665,DEL008,MED0341,2025-03-28
V003129,DEL002,MED0386,2025-03-28
V003447,DEL016,MED0424,2025-03-28
V003727,DEL049,MED0452,2025-03-28
V003997,DEL048,MED0485,2025-03-28
V004445,DEL037,MED0544,2025-03-28
V004810,DEL048,MED0586,2025-03-28
V005927,DEL029,MED0729,2025-03-28
V007394,DEL005,MED0905,2025-03-28
V007958,DEL041,MED0978,2025-03-28
V009047,DEL035,MED1091,2025-03-28
V009506,DEL038,MED1154,2025-03-28
V009616,DEL011,MED1168,2025-03-28
V010246,DEL026,MED1222,2025-03-28
V010328,DEL041,MED1237,2025-03-28
V011340,DEL020,MED1384,2025-03-28
V011625,DEL003,MED1415,2025-03-28
V012088,DEL045,MED1450,2025-03-28
V012872,DEL017,MED1541,2025-03-28
V013089,DEL024,MED1563,2025-03-28
V013885,DEL024,MED1624,2025-03-28
V013889,DEL024,MED1624,2025-03-28
V014225,DEL048,MED1666,2025-03-28
V000217,DEL034,MED0034,2025-04-01
V000545,DEL038,MED0063,2025-04-01
V000555,DEL038,MED0063,2025-04-01
V001374,DEL006,MED0161,2025-04-01
V001473,DEL020,MED0173,2025-04-01
V003130,DEL002,MED0386,2025-04-01
V004193,DEL013,MED0522,2025-04-01
V004315,DEL027,MED0532,2025-04-01
V004843,DEL044,MED0593,2025-04-01
V005109,DEL039,MED0636,2025-04-01
V006888,DEL031,MED0848,2025-04-01
V009911,DEL041,MED1193,2025-04-01
V010348,DEL037,MED1240,2025-04-01
V011141,DEL015,MED1365,2025-04-01
V011333,DEL028,MED1383,2025-04-01
V011579,DEL028,MED1408,2025-04-01
V012192,DEL038,MED1459,2025-04-01
V012877,DEL017,MED1541,2025-04-01
V013417,DEL027,MED1589,2025-04-01
V013785,DEL032,MED1620,2025-04-01
V014566,DEL018,MED1698,2025-04-01
V015445,DEL020,MED1797,2025-04-01
V015450,DEL020,MED1797,2025-04-01
V015827,DEL004,MED1851,2025-04-01
V016203,DEL001,MED1893,2025-04-01
V000646,DEL039,MED0073,2025-04-02
V001381,DEL006,MED0161,2025-04-02
V002527,DEL048,MED0321,2025-04-02
V003957,DEL004,MED0479,2025-04-02
V004146,DEL034,MED0514,2025-04-02
V004423,DEL018,MED0543,2025-04-02
V004771,DEL026,MED0581,2025-04-02
V005091,DEL002,MED0630,2025-04-02
V005095,DEL043,MED0631,2025-04-02
V005474,DEL029,MED0680,2025-04-02
V006013,DEL003,MED0736,2025-04-02
V006116,DEL046,MED0750,2025-04-02
V006229,DEL013,MED0758,2025-04-02
V006520,DEL047,MED0801,2025-04-02
V006815,DEL031,MED0837,2025-04-02
V007044,DEL029,MED0868,2025-04-02
V007961,DEL041,MED0978,2025-04-02
V009062,DEL042,MED1094,2025-04-02
V009611,DEL047,MED1167,2025-04-02
V010382,DEL050,MED1241,2025-04-02
V010958,DEL028,MED1335,2025-04-02
V011490,DEL034,MED1400,2025-04-02
V012358,DEL006,MED1486,2025-04-02
V012445,DEL003,MED1492,2025-04-02
V012447,DEL003,MED1492,2025-04-02
V013253,DEL005,MED1578,2025-04-02
V014074,DEL047,MED1644,2025-04-02
V014476,DEL048,MED1692,2025-04-02
V014707,DEL014,MED1712,2025-04-02
V016766,DEL010,MED1974,2025-04-02
V000085,DEL007,MED0016,2025-04-03
V003238,DEL023,MED0398,2025-04-03
V003785,DEL014,MED0457,2025-04-03
V003953,DEL042,MED0478,2025-04-03
V003987,DEL016,MED0483,2025-04-03
V004261,DEL039,MED0527,2025-04-03
V004362,DEL032,MED0537,2025-04-03
V004945,DEL035,MED0614,2025-04-03
V005150,DEL019,MED0642,2025-04-03
V005415,DEL046,MED0674,2025-04-03
V005705,DEL044,MED0707,2025-04-03
V007848,DEL015,MED0970,2025-04-03
V008069,DEL012,MED0991,2025-04-03
V008426,DEL020,MED1032,2025-04-03
V008718,DEL038,MED1065,2025-04-03
V011054,DEL043,MED1356,2025-04-03
V011199,DEL034,MED1367,2025-04-03
V013247,DEL014,MED1576,2025-04-03
V013602,DEL045,MED1601,2025-04-03
V013693,DEL010,MED1615,2025-04-03
V014706,DEL014,MED1712,2025-04-03
V015545,DEL038,MED1808,2025-04-03
V016108,DEL009,MED1879,2025-04-03
V016382,DEL049,MED1930,2025-04-03
V016800,DEL011,MED1977,2025-04-03
V000617,DEL021,MED0070,2025-04-04
V000676,DEL001,MED0076,2025-04-04
V001444,DEL006,MED0167,2025-04-04
V002317,DEL042,MED0297,2025-04-04
V002671,DEL008,MED0341,2025-04-04
V003581,DEL033,MED0439,2025-04-04
V004087,DEL034,MED0497,2025-04-04
V005042,DEL023,MED0623,2025-04-04
V005299,DEL050,MED0665,2025-04-04
V005513,DEL005,MED0686,2025-04-04
V007112,DEL040,MED0879,2025-04-04
V007788,DEL001,MED0965,2025-04-04
V008023,DEL035,MED0986,2025-04-04
V008563,DEL015,MED1045,2025-04-04
V008769,DEL049,MED1071,2025-04-04
V008861,DEL049,MED1077,2025-04-04
V009643,DEL022,MED1170,2025-04-04
V009865,DEL018,MED1187,2025-04-04
V011930,DEL036,MED1438,2025-04-04
V011944,DEL014,MED1439,2025-04-04
V012239,DEL041,MED1464,2025-04-04
V012975,DEL048,MED1550,2025-04-04
V013784,DEL032,MED1620,2025-04-04
V014124,DEL004,MED1649,2025-04-04
V014301,DEL002,MED1674,2025-04-04
V014327,DEL015,MED1675,2025-04-04
V015602,DEL003,MED1815,2025-04-04
V002318,DEL042,MED0297,2025-04-05
V002471,DEL041,MED0313,2025-04-05
V002831,DEL039,MED0354,2025-04-05
V002876,DEL050,MED0356,2025-04-05
V002961,DEL010,MED0368,2025-04-05
V003662,DEL043,MED0447,2025-04-05
V004096,DEL050,MED0503,2025-04-05
V005300,DEL050,MED0665,2025-04-05
V005350,DEL045,MED0670,2025-04-05
V005856,DEL031,MED0725,2025-04-05
V005880,DEL047,MED0726,2025-04-05
V006716,DEL006,MED0830,2025-04-05
V008396,DEL043,MED1030,2025-04-05
V008813,DEL042,MED1075,2025-04-05
V009586,DEL033,MED1165,2025-04-05
V010053,DEL033,MED1200,2025-04-05
V010085,DEL019,MED1205,2025-04-05
V010940,DEL037,MED1334,2025-04-05
V012873,DEL017,MED1541,2025-04-05
V014134,DEL004,MED1649,2025-04-05
V014326,DEL015,MED1675,2025-04-05
V000166,DEL033,MED0023,2025-04-06
V000214,DEL034,MED0034,2025-04-06
V000746,DEL043,MED0085,2025-04-06
V000824,DEL037,MED0099,2025-04-06
V001789,DEL001,MED0216,2025-04-06
V002776,DEL033,MED0351,2025-04-06
V002962,DEL010,MED0368,2025-04-06
V003125,DEL002,MED0386,2025-04-06
V003201,DEL027,MED0394,2025-04-06
V003633,DEL018,MED0446,2025-04-06
V004579,DEL026,MED0560,2025-04-06
V005122,DEL042,MED0638,2025-04-06
V006469,DEL020,MED0795,2025-04-06
V006652,DEL033,MED0818,2025-04-06
V007799,DEL024,MED0968,2025-04-06
V009866,DEL018,MED1187,2025-04-06
V010798,DEL004,MED1308,2025-04-06
V011851,DEL044,MED1435,2025-04-06
V013118,DEL034,MED1564,2025-04-06
V013729,DEL010,MED1616,2025-04-06
V014002,DEL018,MED1633,2025-04-06
V014808,DEL016,MED1720,2025-04-06
V015408,DEL027,MED1793,2025-04-06
V016448,DEL033,MED1937,2025-04-06
V016917,DEL023,MED2000,2025-04-06
V001575,DEL048,MED0191,2025-04-07
V001940,DEL044,MED0238,2025-04-07
V003471,DEL025,MED0429,2025-04-07
V004760,DEL026,MED0581,2025-04-07
V005604,DEL001,MED0699,2025-04-07
V007533,DEL030,MED0926,2025-04-07
V007655,DEL006,MED0952,2025-04-07
V007845,DEL015,MED0970,2025-04-07
V008516,DEL033,MED1041,2025-04-07
V009386,DEL023,MED1127,2025-04-07
V009816,DEL048,MED1185,2025-04-07
V009879,DEL018,MED1187,2025-04-07
V009971,DEL027,MED1195,2025-04-07
V010056,DEL033,MED1200,2025-04-07
V010242,DEL026,MED1222,2025-04-07
V010291,DEL023,MED1231,2025-04-07
V010304,DEL038,MED1233,2025-04-07
V010435,DEL032,MED1244,2025-04-07
V010881,DEL010,MED1326,2025-04-07
V011049,DEL043,MED1356,2025-04-07
V011903,DEL019,MED1437,2025-04-07
V012448,DEL003,MED1492,2025-04-07
V013451,DEL048,MED1591,2025-04-07
V014007,DEL018,MED1633,2025-04-07
V014674,DEL004,MED1705,2025-04-07
V014982,DEL012,MED1749,2025-04-07
V015167,DEL035,MED1769,2025-04-07
V015649,DEL011,MED1820,2025-04-07
V015866,DEL026,MED1854,2025-04-07
V016149,DEL017,MED1888,2025-04-07
V016613,DEL012,MED1955,2025-04-07
V000574,DEL021,MED0067,2025-04-08
V001692,DEL036,MED0207,2025-04-08
V001962,DEL033,MED0245,2025-04-08
V002920,DEL019,MED0365,2025-04-08
V003593,DEL036,MED0441,2025-04-08
V003629,DEL018,MED0446,2025-04-08
V005923,DEL029,MED0729,2025-04-08
V007254,DEL014,MED0893,2025-04-08
V008001,DEL023,MED0983,2025-04-08
V008012,DEL023,MED0984,2025-04-08
V008308,DEL039,MED1014,2025-04-08
V008703,DEL035,MED1061,2025-04-08
V009034,DEL035,MED1091,2025-04-08
V009985,DEL045,MED1196,2025-04-08
V010232,DEL017,MED1221,2025-04-08
V010425,DEL032,MED1244,2025-04-08
V010426,DEL032,MED1244,2025-04-08
V010484,DEL038,MED1258,2025-04-08
V012576,DEL020,MED1503,2025-04-08
V013595,DEL045,MED1601,2025-04-08
V013614,DEL031,MED1603,2025-04-08
V013996,DEL018,MED1633,2025-04-08
V014619,DEL020,MED1700,2025-04-08
V015159,DEL035,MED1769,2025-04-08
V015325,DEL018,MED1779,2025-04-08
V015337,DEL035,MED1783,2025-04-08
V015574,DEL041,MED1809,2025-04-08
V015660,DEL029,MED1823,2025-04-08
V015714,DEL049,MED1835,2025-04-08
V015942,DEL050,MED1860,2025-04-08
V016299,DEL029,MED1906,2025-04-08
V001195,DEL009,MED0144,2025-04-09
V002425,DEL010,MED0308,2025-04-09
V003171,DEL018,MED0388,2025-04-09
V003882,DEL043,MED0471,2025-04-09
V005499,DEL009,MED0685,2025-04-09
V006027,DEL030,MED0739,2025-04-09
V006126,DEL046,MED0750,2025-04-09
V008002,DEL023,MED0983,2025-04-09
V009393,DEL032,MED1131,2025-04-09
V010292,DEL023,MED1231,2025-04-09
V010979,DEL031,MED1341,2025-04-09
V011880,DEL033,MED1436,2025-04-09
V014504,DEL016,MED1693,2025-04-09
V015598,DEL046,MED1814,2025-04-09
V015893,DEL006,MED1855,2025-04-09
V016201,DEL001,MED1893,2025-04-09
V000153,DEL020,MED0022,2025-04-10
V001149,DEL033,MED0134,2025-04-10
V001995,DEL004,MED0246,2025-04-10
V002725,DEL026,MED0344,2025-04-10
V003335,DEL050,MED0406,2025-04-10
V003496,DEL014,MED0431,2025-04-10
V004288,DEL005,MED0530,2025-04-10
V005225,DEL048,MED0660,2025-04-10
V005485,DEL027,MED0682,2025-04-10
V005567,DEL023,MED0691,2025-04-10
V005750,DEL039,MED0713,2025-04-10
V006394,DEL006,MED0786,2025-04-10
V006418,DEL003,MED0789,2025-04-10
V007020,DEL025,MED0865,2025-04-10
V007485,DEL010,MED0921,2025-04-10
V007730,DEL027,MED0962,2025-04-10
V008423,DEL020,MED1032,2025-04-10
V008528,DEL033,MED1041,2025-04-10
V008825,DEL042,MED1075,2025-04-10
V009232,DEL035,MED1109,2025-04-10
V009677,DEL006,MED1173,2025-04-10
V011729,DEL001,MED1424,2025-04-10
V011805,DEL017,MED1432,2025-04-10
V013287,DEL038,MED1582,2025-04-10
V015323,DEL018,MED1779,2025-04-10
V016330,DEL007,MED1912,2025-04-10
V000261,DEL028,MED0039,2025-04-11
V000630,DEL036,MED0072,2025-04-11
V000724,DEL028,MED0084,2025-04-11
V001150,DEL033,MED0134,2025-04-11
V002090,DEL008,MED0269,2025-04-11
V002816,DEL018,MED0353,2025-04-11
V002888,DEL019,MED0359,2025-04-11
V003034,DEL007,MED0378,2025-04-11
V003181,DEL018,MED0388,2025-04-11
V003576,DEL033,MED0439,2025-04-11
V004102,DEL024,MED0504,2025-04-11
V004679,DEL018,MED0573,2025-04-11
V005568,DEL023,MED0691,2025-04-11
V006806,DEL031,MED0837,2025-04-11
V007800,DEL024,MED0968,2025-04-11
V008008,DEL023,MED0983,2025-04-11
V009148,DEL036,MED1102,2025-04-11
V010902,DEL010,MED1326,2025-04-11
V010987,DEL024,MED1345,2025-04-11
V011083,DEL031,MED1359,2025-04-11
V011519,DEL024,MED1404,2025-04-11
V011668,DEL046,MED1419,2025-04-11
V012302,DEL026,MED1470,2025-04-11
V012403,DEL009,MED1491,2025-04-11
V012810,DEL029,MED1539,2025-04-11
V013019,DEL031,MED1557,2025-04-11
V013488,DEL018,MED1592,2025-04-11
V013691,DEL010,MED1615,2025-04-11
V014100,DEL030,MED1647,2025-04-11
V015273,DEL039,MED1778,2025-04-11
V015776,DEL025,MED1842,2025-04-11
V001035,DEL008,MED0125,2025-04-12
V001300,DEL024,MED0157,2025-04-12
V001372,DEL006,MED0161,2025-04-12
V002338,DEL036,MED0298,2025-04-12
V002683,DEL008,MED0341,2025-04-12
V003820,DEL045,MED0465,2025-04-12
V003994,DEL048,MED0485,2025-04-12
V004118,DEL049,MED0509,2025-04-12
V004145,DEL034,MED0514,2025-04-12
V004181,DEL018,MED0518,2025-04-12
V004770,DEL026,MED0581,2025-04-12
V005536,DEL008,MED0688,2025-04-12
V006844,DEL006,MED0845,2025-04-12
V007784,DEL049,MED0964,2025-04-12
V007785,DEL049,MED0964,2025-04-12
V008265,DEL008,MED1007,2025-04-12
V009476,DEL039,MED1144,2025-04-12
V010461,DEL025,MED1249,2025-04-12
V011268,DEL026,MED1371,2025-04-12
V011320,DEL023,MED1381,2025-04-12
V012017,DEL021,MED1446,2025-04-12
V012498,DEL023,MED1497,2025-04-12
V013178,DEL002,MED1571,2025-04-12
V013263,DEL042,MED1580,2025-04-12
V013562,DEL049,MED1600,2025-04-12
V014770,DEL048,MED1717,2025-04-12
V014904,DEL043,MED1742,2025-04-12
V014944,DEL034,MED1746,2025-04-12
V015576,DEL041,MED1809,2025-04-12
V015842,DEL011,MED1853,2025-04-12
V000141,DEL020,MED0022,2025-04-13
V000330,DEL016,MED0043,2025-04-13
V000773,DEL024,MED0090,2025-04-13
V002314,DEL042,MED0297,2025-04-13
V002498,DEL014,MED0317,2025-04-13
V003013,DEL008,MED0375,2025-04-13
V004106,DEL024,MED0504,2025-04-13
V004268,DEL041,MED0528,2025-04-13
V004531,DEL047,MED0555,2025-04-13
V004614,DEL028,MED0570,2025-04-13
V004705,DEL029,MED0575,2025-04-13
V005099,DEL002,MED0634,2025-04-13
V005559,DEL030,MED0690,2025-04-13
V006235,DEL013,MED0758,2025-04-13
V006308,DEL021,MED0769,2025-04-13
V007128,DEL033,MED0881,2025-04-13
V008080,DEL012,MED0991,2025-04-13
V008376,DEL019,MED1027,2025-04-13
V008385,DEL030,MED1029,2025-04-13
V008863,DEL049,MED1077,2025-04-13
V009575,DEL033,MED1165,2025-04-13
V011550,DEL022,MED1405,2025-04-13
V011898,DEL019,MED1437,2025-04-13
V013321,DEL017,MED1584,2025-04-13
V014125,DEL004,MED1649,2025-04-13
V014355,DEL031,MED1676,2025-04-13
V015695,DEL048,MED1827,2025-04-13
V016185,DEL026,MED1892,2025-04-13
V000228,DEL040,MED0036,2025-04-14
V000601,DEL022,MED0069,2025-04-14
V000960,DEL021,MED0113,2025-04-14
V001933,DEL014,MED0237,2025-04-14
V003170,DEL018,MED0388,2025-04-14
V003930,DEL007,MED0475,2025-04-14
V004762,DEL026,MED0581,2025-04-14
V005078,DEL042,MED0629,2025-04-14
V005154,DEL019,MED0642,2025-04-14
V005348,DEL045,MED0670,2025-04-14
V005468,DEL029,MED0680,2025-04-14
V006254,DEL038,MED0762,2025-04-14
V006922,DEL030,MED0856,2025-04-14
V007650,DEL006,MED0952,2025-04-14
V008814,DEL042,MED1075,2025-04-14
V009029,DEL035,MED1091,2025-04-14
V009031,DEL035,MED1091,2025-04-14
V009307,DEL005,MED1117,2025-04-14
V009721,DEL033,MED1177,2025-04-14
V009876,DEL018,MED1187,2025-04-14
V011697,DEL021,MED1423,2025-04-14
V012155,DEL029,MED1458,2025-04-14
V012868,DEL017,MED1541,2025-04-14
V012879,DEL017,MED1541,2025-04-14
V014099,DEL030,MED1647,2025-04-14
V015485,DEL049,MED1805,2025-04-14
V016729,DEL005,MED1973,2025-04-14
V000451,DEL017,MED0057,2025-04-15
V000700,DEL020,MED0081,2025-04-15
V000711,DEL011,MED0083,2025-04-15
V001112,DEL007,MED0132,2025-04-15
V002597,DEL047,MED0332,2025-04-15
V003678,DEL026,MED0448,2025-04-15
V005367,DEL027,MED0672,2025-04-15
V005726,DEL049,MED0709,2025-04-15
V005882,DEL047,MED0726,2025-04-15
V006600,DEL043,MED0811,2025-04-15
V006878,DEL023,MED0846,2025-04-15
V007505,DEL042,MED0924,2025-04-15
V007700,DEL006,MED0957,2025-04-15
V008184,DEL045,MED1000,2025-04-15
V009146,DEL036,MED1102,2025-04-15
V010377,DEL050,MED1241,2025-04-15
V010892,DEL010,MED1326,2025-04-15
V011139,DEL015,MED1365,2025-04-15
V012365,DEL031,MED1487,2025-04-15
V013262,DEL042,MED1580,2025-04-15
V013843,DEL016,MED1623,2025-04-15
V014486,DEL048,MED1692,2025-04-15
V014525,DEL012,MED1696,2025-04-15
V015271,DEL039,MED1778,2025-04-15
V016054,DEL017,MED1875,2025-04-15
V000115,DEL034,MED0021,2025-04-16
V000958,DEL021,MED0113,2025-04-16
V001277,DEL005,MED0151,2025-04-16
V002711,DEL030,MED0342,2025-04-16
V003725,DEL049,MED0452,2025-04-16
V006307,DEL021,MED0769,2025-04-16
V006836,DEL027,MED0844,2025-04-16
V007131,DEL033,MED0881,2025-04-16
V009425,DEL047,MED1137,2025-04-16
V009591,DEL033,MED1165,2025-04-16
V009762,DEL002,MED1180,2025-04-16
V010094,DEL030,MED1206,2025-04-16
V010704,DEL028,MED1293,2025-04-16
V010722,DEL049,MED1298,2025-04-16
V011362,DEL013,MED1385,2025-04-16
V013450,DEL048,MED1591,2025-04-16
V014005,DEL018,MED1633,2025-04-16
V014073,DEL047,MED1644,2025-04-16
V014719,DEL039,MED1714,2025-04-16
V014874,DEL049,MED1735,2025-04-16
V015154,DEL035,MED1769,2025-04-16
V015246,DEL031,MED1777,2025-04-16
V015372,DEL015,MED1789,2025-04-16
V015958,DEL039,MED1861,2025-04-16
V016092,DEL001,MED1876,2025-04-16
V016844,DEL001,MED1984,2025-04-16
V001167,DEL011,MED0137,2025-04-17
V002298,DEL045,MED0296,2025-04-17
V002629,DEL043,MED0339,2025-04-17
V002777,DEL033,MED0351,2025-04-17
V005537,DEL008,MED0688,2025-04-17
V005784,DEL014,MED0714,2025-04-17
V008374,DEL004,MED1026,2025-04-17
V011870,DEL033,MED1436,2025-04-17
V012040,DEL030,MED1448,2025-04-17
V012791,DEL044,MED1529,2025-04-17
V012838,DEL006,MED1540,2025-04-17
V013743,DEL010,MED1616,2025-04-17
V014204,DEL041,MED1660,2025-04-17
V014849,DEL048,MED1733,2025-04-17
V015890,DEL006,MED1855,2025-04-17
V016751,DEL010,MED1974,2025-04-17
V000030,DEL002,MED0009,2025-04-18
V000598,DEL022,MED0069,2025-04-18
V001180,DEL015,MED0140,2025-04-18
V001454,DEL041,MED0168,2025-04-18
V002098,DEL041,MED0271,2025-04-18
V003007,DEL008,MED0375,2025-04-18
V003334,DEL050,MED0406,2025-04-18
V003411,DEL002,MED0416,2025-04-18
V004761,DEL026,MED0581,2025-04-18
V004869,DEL043,MED0599,2025-04-18
V004927,DEL010,MED0607,2025-04-18
V004984,DEL004,MED0619,2025-04-18
V005484,DEL027,MED0682,2025-04-18
V005843,DEL048,MED0724,2025-04-18
V005957,DEL018,MED0730,2025-04-18
V006422,DEL003,MED0789,2025-04-18
V006454,DEL042,MED0794,2025-04-18
V007194,DEL003,MED0885,2025-04-18
V008218,DEL022,MED1002,2025-04-18
V008373,DEL004,MED1026,2025-04-18
V008388,DEL030,MED1029,2025-04-18
V009317,DEL002,MED1118,2025-04-18
V009915,DEL041,MED1193,2025-04-18
V011085,DEL031,MED1359,2025-04-18
V011378,DEL013,MED1385,2025-04-18
V011735,DEL001,MED1424,2025-04-18
V013657,DEL032,MED1609,2025-04-18
V014617,DEL020,MED1700,2025-04-18
V014840,DEL006,MED1729,2025-04-18
V015043,DEL049,MED1756,2025-04-18
V016161,DEL013,MED1890,2025-04-18
V016406,DEL025,MED1931,2025-04-18
V000756,DEL049,MED0088,2025-04-19
V001645,DEL019,MED0200,2025-04-19
V001697,DEL043,MED0209,2025-04-19
V002924,DEL019,MED0365,2025-04-19
V003090,DEL013,MED0383,2025-04-19
V003611,DEL002,MED0444,2025-04-19
V004438,DEL018,MED0543,2025-04-19
V004480,DEL020,MED0549,2025-04-19
V004978,DEL004,MED0619,2025-04-19
V005347,DEL045,MED0670,2025-04-19
V005674,DEL018,MED0703,2025-04-19
V006170,DEL027,MED0752,2025-04-19
V006390,DEL006,MED0786,2025-04-19
V006463,DEL020,MED0795,2025-04-19
V006597,DEL043,MED0811,2025-04-19
V007486,DEL010,MED0921,2025-04-19
V007893,DEL034,MED0972,2025-04-19
V008296,DEL033,MED1013,2025-04-19
V008717,DEL038,MED1065,2025-04-19
V008735,DEL005,MED1067,2025-04-19
V008850,DEL023,MED1076,2025-04-19
V009426,DEL047,MED1137,2025-04-19
V009797,DEL033,MED1184,2025-04-19
V011949,DEL014,MED1439,2025-04-19
V012542,DEL011,MED1501,2025-04-19
V013694,DEL010,MED1615,2025-04-19
V013925,DEL013,MED1631,2025-04-19
V014004,DEL018,MED1633,2025-04-19
V014132,DEL004,MED1649,2025-04-19
V014416,DEL006,MED1682,2025-04-19
V015420,DEL016,MED1795,2025-04-19
V016258,DEL040,MED1900,2025-04-19
V000439,DEL048,MED0055,2025-04-20
V000666,DEL001,MED0076,2025-04-20
V001156,DEL033,MED0134,2025-04-20
V001458,DEL016,MED0170,2025-04-20
V001594,DEL030,MED0193,2025-04-20
V003332,DEL050,MED0406,2025-04-20
V004431,DEL018,MED0543,2025-04-20
V006073,DEL013,MED0748,2025-04-20
V006500,DEL014,MED0798,2025-04-20
V007287,DEL043,MED0895,2025-04-20
V008591,DEL033,MED1046,2025-04-20
V008683,DEL049,MED1058,2025-04-20
V008699,DEL036,MED1060,2025-04-20
V008875,DEL049,MED1077,2025-04-20
V009049,DEL035,MED1091,2025-04-20
V009459,DEL010,MED1143,2025-04-20
V009577,DEL033,MED1165,2025-04-20
V010422,DEL032,MED1244,2025-04-20
V010458,DEL043,MED1248,2025-04-20
V010889,DEL010,MED1326,2025-04-20
V012233,DEL041,MED1464,2025-04-20
V013959,DEL003,MED1632,2025-04-20
V014167,DEL029,MED1655,2025-04-20
V014267,DEL026,MED1673,2025-04-20
V014644,DEL010,MED1703,2025-04-20
V014949,DEL034,MED1746,2025-04-20
V015127,DEL023,MED1768,2025-04-20
V000084,DEL007,MED0016,2025-04-21
V000847,DEL032,MED0103,2025-04-21
V001057,DEL008,MED0125,2025-04-21
V001819,DEL050,MED0220,2025-04-21
V002066,DEL001,MED0266,2025-04-21
V002128,DEL013,MED0272,2025-04-21
V002313,DEL042,MED0297,2025-04-21
V002386,DEL011,MED0304,2025-04-21
V003116,DEL002,MED0386,2025-04-21
V003242,DEL002,MED0400,2025-04-21
V004875,DEL043,MED0599,2025-04-21
V005253,DEL004,MED0661,2025-04-21
V006086,DEL013,MED0748,2025-04-21
V006495,DEL035,MED0796,2025-04-21
V006689,DEL016,MED0821,2025-04-21
V007774,DEL049,MED0964,2025-04-21
V008976,DEL031,MED1089,2025-04-21
V008994,DEL021,MED1090,2025-04-21
V009383,DEL023,MED1127,2025-04-21
V009752,DEL034,MED1179,2025-04-21
V009864,DEL018,MED1187,2025-04-21
V009920,DEL041,MED1193,2025-04-21
V010254,DEL041,MED1223,2025-04-21
V010499,DEL043,MED1260,2025-04-21
V010635,DEL048,MED1284,2025-04-21
V012272,DEL029,MED1469,2025-04-21
V012832,DEL006,MED1540,2025-04-21
V014023,DEL044,MED1638,2025-04-21
V014135,DEL004,MED1649,2025-04-21
V014170,DEL029,MED1655,2025-04-21
V015049,DEL049,MED1756,2025-04-21
V015056,DEL049,MED1756,2025-04-21
V015319,DEL018,MED1779,2025-04-21
V015675,DEL044,MED1825,2025-04-21
V015692,DEL048,MED1827,2025-04-21
V015826,DEL004,MED1851,2025-04-21
V001073,DEL045,MED0127,2025-04-22
V001960,DEL033,MED0245,2025-04-22
V003089,DEL013,MED0383,2025-04-22
V004532,DEL047,MED0555,2025-04-22
V004805,DEL048,MED0586,2025-04-22
V005147,DEL019,MED0642,2025-04-22
V005732,DEL020,MED0710,2025-04-22
V006244,DEL026,MED0760,2025-04-22
V006699,DEL009,MED0823,2025-04-22
V007266,DEL014,MED0893,2025-04-22
V008972,DEL031,MED1089,2025-04-22
V010587,DEL033,MED1277,2025-04-22
V010854,DEL042,MED1324,2025-04-22
V010974,DEL018,MED1340,2025-04-22
V011252,DEL046,MED1369,2025-04-22
V011402,DEL048,MED1391,2025-04-22
V011594,DEL018,MED1412,2025-04-22
V012260,DEL020,MED1468,2025-04-22
V012298,DEL026,MED1470,2025-04-22
V013202,DEL011,MED1572,2025-04-22
V013447,DEL048,MED1591,2025-04-22
V014064,DEL013,MED1642,2025-04-22
V014508,DEL016,MED1693,2025-04-22
V014611,DEL020,MED1700,2025-04-22
V000258,DEL028,MED0039,2025-04-23
V001178,DEL041,MED0139,2025-04-23
V001576,DEL048,MED0191,2025-04-23
V001664,DEL039,MED0202,2025-04-23
V002030,DEL041,MED0251,2025-04-23
V002724,DEL026,MED0344,2025-04-23
V004387,DEL016,MED0540,2025-04-23
V006598,DEL043,MED0811,2025-04-23
V006608,DEL043,MED0811,2025-04-23
V008395,DEL043,MED1030,2025-04-23
V009461,DEL010,MED1143,2025-04-23
V010061,DEL033,MED1200,2025-04-23
V010518,DEL041,MED1263,2025-04-23
V011417,DEL006,MED1393,2025-04-23
V013591,DEL045,MED1601,2025-04-23
V013892,DEL024,MED1624,2025-04-23
V014406,DEL043,MED1678,2025-04-23
V016084,DEL001,MED1876,2025-04-23
V001343,DEL036,MED0158,2025-04-24
V001679,DEL030,MED0205,2025-04-24
V002673,DEL008,MED0341,2025-04-24
V003083,DEL013,MED0383,2025-04-24
V003112,DEL002,MED0386,2025-04-24
V003145,DEL033,MED0387,2025-04-24
V003410,DEL002,MED0416,2025-04-24
V004427,DEL018,MED0543,2025-04-24
V004648,DEL048,MED0572,2025-04-24
V004841,DEL044,MED0593,2025-04-24
V005365,DEL027,MED0672,2025-04-24
V006660,DEL033,MED0818,2025-04-24
V006873,DEL023,MED0846,2025-04-24
V007296,DEL043,MED0895,2025-04-24
V007368,DEL038,MED0902,2025-04-24
V008250,DEL035,MED1005,2025-04-24
V008359,DEL015,MED1024,2025-04-24
V009189,DEL039,MED1103,2025-04-24
V010104,DEL046,MED1207,2025-04-24
V010322,DEL023,MED1236,2025-04-24
V013343,DEL034,MED1585,2025-04-24
V013511,DEL042,MED1595,2025-04-24
V014942,DEL034,MED1746,2025-04-24
V015511,DEL010,MED1807,2025-04-24
V015615,DEL016,MED1817,2025-04-24
V016282,DEL049,MED1902,2025-04-24
V016408,DEL025,MED1931,2025-04-24
V016676,DEL009,MED1961,2025-04-24
V001139,DEL033,MED0134,2025-04-25
V001142,DEL033,MED0134,2025-04-25
V001332,DEL036,MED0158,2025-04-25
V002672,DEL008,MED0341,2025-04-25
V002994,DEL001,MED0374,2025-04-25
V003948,DEL042,MED0478,2025-04-25
V004342,DEL024,MED0533,2025-04-25
V005462,DEL029,MED0680,2025-04-25
V006147,DEL048,MED0751,2025-04-25
V008615,DEL020,MED1049,2025-04-25
V008629,DEL049,MED1052,2025-04-25
V008767,DEL049,MED1071,2025-04-25
V008845,DEL023,MED1076,2025-04-25
V009881,DEL018,MED1187,2025-04-25
V010220,DEL017,MED1221,2025-04-25
V010803,DEL004,MED1308,2025-04-25
V012138,DEL016,MED1455,2025-04-25
V013365,DEL015,MED1587,2025-04-25
V013995,DEL018,MED1633,2025-04-25
V014148,DEL012,MED1652,2025-04-25
V014649,DEL010,MED1703,2025-04-25
V014826,DEL048,MED1727,2025-04-25
V015338,DEL035,MED1783,2025-04-25
V015579,DEL041,MED1809,2025-04-25
V015819,DEL020,MED1850,2025-04-25
V015876,DEL026,MED1854,2025-04-25
V016615,DEL012,MED1955,2025-04-25
V000046,DEL012,MED0011,2025-04-26
V000332,DEL016,MED0043,2025-04-26
V000347,DEL002,MED0046,2025-04-26
V000638,DEL039,MED0073,2025-04-26
V000672,DEL001,MED0076,2025-04-26
V000697,DEL020,MED0081,2025-04-26
V001676,DEL018,MED0204,2025-04-26
V002014,DEL030,MED0249,2025-04-26
V002026,DEL041,MED0251,2025-04-26
V002769,DEL019,MED0350,2025-04-26
V005102,DEL022,MED0635,2025-04-26
V006033,DEL030,MED0739,2025-04-26
V006651,DEL033,MED0818,2025-04-26
V007261,DEL014,MED0893,2025-04-26
V007269,DEL014,MED0893,2025-04-26
V007541,DEL030,MED0926,2025-04-26
V007645,DEL006,MED0952,2025-04-26
V010513,DEL013,MED1262,2025-04-26
V011728,DEL001,MED1424,2025-04-26
V012367,DEL028,MED1488,2025-04-26
V012441,DEL003,MED1492,2025-04-26
V012937,DEL018,MED1545,2025-04-26
V013384,DEL004,MED1588,2025-04-26
V013635,DEL012,MED1605,2025-04-26
V014048,DEL043,MED1641,2025-04-26
V014478,DEL048,MED1692,2025-04-26
V014859,DEL022,MED1734,2025-04-26
V014989,DEL012,MED1749,2025-04-26
V015794,DEL012,MED1844,2025-04-26
V016160,DEL013,MED1890,2025-04-26
V016267,DEL024,MED1901,2025-04-26
V016469,DEL027,MED1942,2025-04-26
V000379,DEL016,MED0048,2025-04-27
V000509,DEL032,MED0060,2025-04-27
V001110,DEL007,MED0132,2025-04-27
V001212,DEL024,MED0146,2025-04-27
V003504,DEL014,MED0431,2025-04-27
V005066,DEL006,MED0628,2025-04-27
V005439,DEL027,MED0679,2025-04-27
V005693,DEL044,MED0707,2025-04-27
V005835,DEL010,MED0720,2025-04-27
V005961,DEL018,MED0730,2025-04-27
V006721,DEL006,MED0830,2025-04-27
V006961,DEL014,MED0861,2025-04-27
V008282,DEL049,MED1011,2025-04-27
V008693,DEL049,MED1058,2025-04-27
V009081,DEL006,MED1096,2025-04-27
V009515,DEL022,MED1155,2025-04-27
V009587,DEL033,MED1165,2025-04-27
V009873,DEL018,MED1187,2025-04-27
V010398,DEL020,MED1243,2025-04-27
V010551,DEL035,MED1270,2025-04-27
V010984,DEL031,MED1341,2025-04-27
V011285,DEL015,MED1373,2025-04-27
V012778,DEL042,MED1526,2025-04-27
V012996,DEL009,MED1553,2025-04-27
V013380,DEL004,MED1588,2025-04-27
V013632,DEL012,MED1605,2025-04-27
V015439,DEL020,MED1797,2025-04-27
V015447,DEL020,MED1797,2025-04-27
V015954,DEL039,MED1861,2025-04-27
V016091,DEL001,MED1876,2025-04-27
V000974,DEL008,MED0114,2025-04-28
V001621,DEL014,MED0197,2025-04-28
V002459,DEL025,MED0311,2025-04-28
V003753,DEL034,MED0456,2025-04-28
V003758,DEL034,MED0456,2025-04-28
V004846,DEL044,MED0593,2025-04-28
V004895,DEL026,MED0600,2025-04-28
V006561,DEL028,MED0803,2025-04-28
V008316,DEL039,MED1014,2025-04-28
V008759,DEL049,MED1071,2025-04-28
V009990,DEL030,MED1198,2025-04-28
V010487,DEL038,MED1258,2025-04-28
V011081,DEL031,MED1359,2025-04-28
V011257,DEL046,MED1369,2025-04-28
V011599,DEL025,MED1413,2025-04-28
V011807,DEL017,MED1432,2025-04-28
V012355,DEL009,MED1483,2025-04-28
V012785,DEL042,MED1526,2025-04-28
V015844,DEL011,MED1853,2025-04-28
V016646,DEL021,MED1958,2025-04-28
V001790,DEL001,MED0216,2025-05-01
V002182,DEL017,MED0279,2025-05-01
V002369,DEL034,MED0301,2025-05-01
V002378,DEL009,MED0303,2025-05-01
V003437,DEL039,MED0423,2025-05-01
V003701,DEL026,MED0451,2025-05-01
V004017,DEL015,MED0486,2025-05-01
V004287,DEL005,MED0530,2025-05-01
V004676,DEL018,MED0573,2025-05-01
V005022,DEL006,MED0622,2025-05-01
V005246,DEL004,MED0661,2025-05-01
V005733,DEL020,MED0710,2025-05-01
V006000,DEL033,MED0734,2025-05-01
V006152,DEL048,MED0751,2025-05-01
V008185,DEL045,MED1000,2025-05-01
V008275,DEL042,MED1009,2025-05-01
V009204,DEL030,MED1104,2025-05-01
V009539,DEL023,MED1161,2025-05-01
V010227,DEL017,MED1221,2025-05-01
V011698,DEL021,MED1423,2025-05-01
V012973,DEL048,MED1550,2025-05-01
V013129,DEL033,MED1566,2025-05-01
V013765,DEL032,MED1620,2025-05-01
V013769,DEL032,MED1620,2025-05-01
V014652,DEL010,MED1703,2025-05-01
V015041,DEL049,MED1756,2025-05-01
V000755,DEL049,MED0088,2025-05-02
V001565,DEL048,MED0191,2025-05-02
V002608,DEL047,MED0332,2025-05-02
V002803,DEL018,MED0353,2025-05-02
V003053,DEL049,MED0382,2025-05-02
V003394,DEL024,MED0414,2025-05-02
V005890,DEL047,MED0726,2025-05-02
V007208,DEL003,MED0886,2025-05-02
V007537,DEL030,MED0926,2025-05-02
V007626,DEL026,MED0947,2025-05-02
V009346,DEL007,MED1119,2025-05-02
V010185,DEL034,MED1220,2025-05-02
V010302,DEL038,MED1233,2025-05-02
V010374,DEL050,MED1241,2025-05-02
V011517,DEL024,MED1404,2025-05-02
V012189,DEL038,MED1459,2025-05-02
V012491,DEL023,MED1497,2025-05-02
V012831,DEL006,MED1540,2025-05-02
V014443,DEL008,MED1685,2025-05-02
V014858,DEL022,MED1734,2025-05-02
V015131,DEL023,MED1768,2025-05-02
V015284,DEL039,MED1778,2025-05-02
V015344,DEL029,MED1786,2025-05-02
V016151,DEL011,MED1889,2025-05-02
V016501,DEL002,MED1944,2025-05-02
V016757,DEL010,MED1974,2025-05-02
V000326,DEL016,MED0043,2025-05-03
V000558,DEL038,MED0063,2025-05-03
V001811,DEL050,MED0220,2025-05-03
V002351,DEL042,MED0299,2025-05-03
V003308,DEL011,MED0404,2025-05-03
V004561,DEL034,MED0557,2025-05-03
V006373,DEL017,MED0784,2025-05-03
V006927,DEL028,MED0857,2025-05-03
V007267,DEL014,MED0893,2025-05-03
V008694,DEL049,MED1058,2025-05-03
V008971,DEL031,MED1089,2025-05-03
V009216,DEL016,MED1107,2025-05-03
V010580,DEL023,MED1275,2025-05-03
V010737,DEL005,MED1300,2025-05-03
V011733,DEL001,MED1424,2025-05-03
V012067,DEL031,MED1449,2025-05-03
V015964,DEL001,MED1863,2025-05-03
V016765,DEL010,MED1974,2025-05-03
V001043,DEL008,MED0125,2025-05-04
V002246,DEL007,MED0287,2025-05-04
V002399,DEL040,MED0306,2025-05-04
V003118,DEL002,MED0386,2025-05-04
V003505,DEL014,MED0431,2025-05-04
V004154,DEL044,MED0515,2025-05-04
V004465,DEL029,MED0547,2025-05-04
V004670,DEL018,MED0573,2025-05-04
V005080,DEL042,MED0629,2025-05-04
V005894,DEL047,MED0726,2025-05-04
V006899,DEL022,MED0851,2025-05-04
V008565,DEL015,MED1045,2025-05-04
V008906,DEL033,MED1082,2025-05-04
V008950,DEL006,MED1087,2025-05-04
V009880,DEL018,MED1187,2025-05-04
V010168,DEL050,MED1216,2025-05-04
V010231,DEL017,MED1221,2025-05-04
V010686,DEL050,MED1288,2025-05-04
V011046,DEL043,MED1356,2025-05-04
V011145,DEL015,MED1365,2025-05-04
V011741,DEL001,MED1424,2025-05-04
V011948,DEL014,MED1439,2025-05-04
V013006,DEL019,MED1556,2025-05-04
V013096,DEL024,MED1563,2025-05-04
V013879,DEL024,MED1624,2025-05-04
V015268,DEL039,MED1778,2025-05-04
V015518,DEL010,MED1807,2025-05-04
V015614,DEL016,MED1817,2025-05-04
V015699,DEL011,MED1829,2025-05-04
V015814,DEL021,MED1849,2025-05-04
V000692,DEL013,MED0080,2025-05-05
V001304,DEL024,MED0157,2025-05-05
V001733,DEL040,MED0210,2025-05-05
V002027,DEL041,MED0251,2025-05-05
V002143,DEL036,MED0273,2025-05-05
V002238,DEL007,MED0287,2025-05-05
V002880,DEL050,MED0356,2025-05-05
V004214,DEL003,MED0523,2025-05-05
V004766,DEL026,MED0581,2025-05-05
V005048,DEL039,MED0624,2025-05-05
V005059,DEL050,MED0626,2025-05-05
V005132,DEL024,MED0639,2025-05-05
V007314,DEL041,MED0896,2025-05-05
V008223,DEL022,MED1002,2025-05-05
V009184,DEL039,MED1103,2025-05-05
V009789,DEL023,MED1183,2025-05-05
V010432,DEL032,MED1244,2025-05-05
V011088,DEL031,MED1359,2025-05-05
V012675,DEL037,MED1519,2025-05-05
V014147,DEL012,MED1652,2025-05-05
V014251,DEL042,MED1671,2025-05-05
V014584,DEL018,MED1698,2025-05-05
V015057,DEL049,MED1756,2025-05-05
V015402,DEL027,MED1793,2025-05-05
V015783,DEL025,MED1842,2025-05-05
V016207,DEL001,MED1893,2025-05-05
V016652,DEL021,MED1958,2025-05-05
V016881,DEL004,MED1992,2025-05-05
V002005,DEL004,MED0246,2025-05-06
V002153,DEL013,MED0275,2025-05-06
V005018,DEL006,MED0622,2025-05-06
V005134,DEL024,MED0639,2025-05-06
V009193,DEL039,MED1103,2025-05-06
V009369,DEL046,MED1126,2025-05-06
V010058,DEL033,MED1200,2025-05-06
V011052,DEL043,MED1356,2025-05-06
V011254,DEL046,MED1369,2025-05-06
V011702,DEL021,MED1423,2025-05-06
V012535,DEL011,MED1501,2025-05-06
V012624,DEL004,MED1514,2025-05-06
V013049,DEL003,MED1561,2025-05-06
V013421,DEL027,MED1589,2025-05-06
V015440,DEL020,MED1797,2025-05-06
V015704,DEL037,MED1830,2025-05-06
V001079,DEL045,MED0127,2025-05-07
V002723,DEL026,MED0344,2025-05-07
V004064,DEL006,MED0496,2025-05-07
V005371,DEL027,MED0672,2025-05-07
V005819,DEL027,MED0719,2025-05-07
V006969,DEL007,MED0863,2025-05-07
V009737,DEL034,MED1179,2025-05-07
V010059,DEL033,MED1200,2025-05-07
V010279,DEL033,MED1227,2025-05-07
V010402,DEL020,MED1243,2025-05-07
V010684,DEL050,MED1288,2025-05-07
V010771,DEL003,MED1307,2025-05-07
V012734,DEL002,MED1521,2025-05-07
V013692,DEL010,MED1615,2025-05-07
V013735,DEL010,MED1616,2025-05-07
V014817,DEL016,MED1720,2025-05-07
V015089,DEL046,MED1764,2025-05-07
V015160,DEL035,MED1769,2025-05-07
V015862,DEL026,MED1854,2025-05-07
V016236,DEL037,MED1894,2025-05-07
V016565,DEL046,MED1950,2025-05-07
V016589,DEL029,MED1953,2025-05-07
V000063,DEL012,MED0011,2025-05-08
V001076,DEL045,MED0127,2025-05-08
V001795,DEL020,MED0217,2025-05-08
V002926,DEL019,MED0365,2025-05-08
V006426,DEL003,MED0789,2025-05-08
V007186,DEL003,MED0885,2025-05-08
V007497,DEL030,MED0922,2025-05-08
V008024,DEL035,MED0986,2025-05-08
V008977,DEL031,MED1089,2025-05-08
V009372,DEL046,MED1126,2025-05-08
V010139,DEL033,MED1213,2025-05-08
V012676,DEL037,MED1519,2025-05-08
V013307,DEL017,MED1584,2025-05-08
V014985,DEL012,MED1749,2025-05-08
V015717,DEL049,MED1835,2025-05-08
V016649,DEL021,MED1958,2025-05-08
V000316,DEL049,MED0042,2025-05-09
V000500,DEL007,MED0059,2025-05-09
V000975,DEL008,MED0114,2025-05-09
V000989,DEL037,MED0120,2025-05-09
V000992,DEL029,MED0121,2025-05-09
V001726,DEL040,MED0210,2025-05-09
V002680,DEL008,MED0341,2025-05-09
V003194,DEL034,MED0392,2025-05-09
V003376,DEL023,MED0408,2025-05-09
V004481,DEL020,MED0549,2025-05-09
V005065,DEL006,MED0628,2025-05-09
V005495,DEL045,MED0684,2025-05-09
V006451,DEL042,MED0794,2025-05-09
V006624,DEL002,MED0817,2025-05-09
V006691,DEL016,MED0821,2025-05-09
V006897,DEL022,MED0851,2025-05-09
V007100,DEL015,MED0878,2025-05-09
V008159,DEL028,MED0998,2025-05-09
V008337,DEL045,MED1017,2025-05-09
V008940,DEL006,MED1087,2025-05-09
V009161,DEL036,MED1102,2025-05-09
V009246,DEL047,MED1110,2025-05-09
V010820,DEL048,MED1312,2025-05-09
V010918,DEL011,MED1331,2025-05-09
V010964,DEL044,MED1337,2025-05-09
V011058,DEL013,MED1357,2025-05-09
V011095,DEL031,MED1359,2025-05-09
V011306,DEL020,MED1379,2025-05-09
V012130,DEL016,MED1455,2025-05-09
V013285,DEL038,MED1582,2025-05-09
V013656,DEL032,MED1609,2025-05-09
V013782,DEL032,MED1620,2025-05-09
V015153,DEL035,MED1769,2025-05-09
V016021,DEL011,MED1874,2025-05-09
V016202,DEL001,MED1893,2025-05-09
V016470,DEL027,MED1942,2025-05-09
V000047,DEL012,MED0011,2025-05-10
V000156,DEL020,MED0022,2025-05-10
V000160,DEL020,MED0022,2025-05-10
V001018,DEL043,MED0124,2025-05-10
V001920,DEL035,MED0233,2025-05-10
V001944,DEL006,MED0241,2025-05-10
V005116,DEL006,MED0637,2025-05-10
V007024,DEL008,MED0866,2025-05-10
V007240,DEL041,MED0892,2025-05-10
V007298,DEL043,MED0895,2025-05-10
V008243,DEL035,MED1005,2025-05-10
V008489,DEL018,MED1037,2025-05-10
V009106,DEL020,MED1098,2025-05-10
V009368,DEL046,MED1126,2025-05-10
V010317,DEL040,MED1235,2025-05-10
V010508,DEL013,MED1261,2025-05-10
V011019,DEL010,MED1352,2025-05-10
V011319,DEL023,MED1381,2025-05-10
V012695,DEL036,MED1520,2025-05-10
V013766,DEL032,MED1620,2025-05-10
V014242,DEL035,MED1670,2025-05-10
V014514,DEL016,MED1693,2025-05-10
V014576,DEL018,MED1698,2025-05-10
V014872,DEL049,MED1735,2025-05-10
V000481,DEL002,MED0058,2025-05-11
V000856,DEL020,MED0104,2025-05-11
V001368,DEL006,MED0161,2025-05-11
V001858,DEL008,MED0224,2025-05-11
V002145,DEL036,MED0273,2025-05-11
V003755,DEL034,MED0456,2025-05-11
V004011,DEL015,MED0486,2025-05-11
V004403,DEL007,MED0542,2025-05-11
V005701,DEL044,MED0707,2025-05-11
V006181,DEL027,MED0752,2025-05-11
V006812,DEL031,MED0837,2025-05-11
V007619,DEL006,MED0946,2025-05-11
V010287,DEL021,MED1230,2025-05-11
V011622,DEL003,MED1415,2025-05-11
V011789,DEL048,MED1430,2025-05-11
V013116,DEL034,MED1564,2025-05-11
V013210,DEL048,MED1573,2025-05-11
V014399,DEL043,MED1678,2025-05-11
V014610,DEL020,MED1700,2025-05-11
V014976,DEL012,MED1749,2025-05-11
V016329,DEL007,MED1912,2025-05-11
V000908,DEL049,MED0108,2025-05-12
V001377,DEL006,MED0161,2025-05-12
V001626,DEL014,MED0197,2025-05-12
V001668,DEL039,MED0202,2025-05-12
V002741,DEL008,MED0345,2025-05-12
V002758,DEL008,MED0345,2025-05-12
V002936,DEL023,MED0366,2025-05-12
V003271,DEL029,MED0402,2025-05-12
V004320,DEL027,MED0532,2025-05-12
V005168,DEL010,MED0647,2025-05-12
V005615,DEL011,MED0700,2025-05-12
V005822,DEL027,MED0719,2025-05-12
V005996,DEL033,MED0734,2025-05-12
V007391,DEL005,MED0905,2025-05-12
V008975,DEL031,MED1089,2025-05-12
V009707,DEL033,MED1177,2025-05-12
V010884,DEL010,MED1326,2025-05-12
V010895,DEL010,MED1326,2025-05-12
V011242,DEL046,MED1369,2025-05-12
V011265,DEL026,MED1371,2025-05-12
V011906,DEL019,MED1437,2025-05-12
V012068,DEL031,MED1449,2025-05-12
V012453,DEL003,MED1492,2025-05-12
V013168,DEL023,MED1569,2025-05-12
V013385,DEL004,MED1588,2025-05-12
V013482,DEL018,MED1592,2025-05-12
V013730,DEL010,MED1616,2025-05-12
V013768,DEL032,MED1620,2025-05-12
V015170,DEL035,MED1769,2025-05-12
V016454,DEL031,MED1940,2025-05-12
V000440,DEL048,MED0055,2025-05-13
V002807,DEL018,MED0353,2025-05-13
V002879,DEL050,MED0356,2025-05-13
V003348,DEL049,MED0407,2025-05-13
V003498,DEL014,MED0431,2025-05-13
V003510,DEL014,MED0431,2025-05-13
V003617,DEL041,MED0445,2025-05-13
V004350,DEL023,MED0534,2025-05-13
V004441,DEL018,MED0543,2025-05-13
V004681,DEL018,MED0573,2025-05-13
V006563,DEL028,MED0803,2025-05-13
V006811,DEL031,MED0837,2025-05-13
V008175,DEL045,MED1000,2025-05-13
V008514,DEL033,MED1041,2025-05-13
V009061,DEL042,MED1094,2025-05-13
V009488,DEL025,MED1147,2025-05-13
V012146,DEL016,MED1456,2025-05-13
V012450,DEL003,MED1492,2025-05-13
V013588,DEL045,MED1601,2025-05-13
V015746,DEL037,MED1838,2025-05-13
V000155,DEL020,MED0022,2025-05-14
V000405,DEL018,MED0050,2025-05-14
V001240,DEL033,MED0147,2025-05-14
V001820,DEL050,MED0220,2025-05-14
V002420,DEL010,MED0308,2025-05-14
V002480,DEL008,MED0315,2025-05-14
V002863,DEL050,MED0356,2025-05-14
V003585,DEL033,MED0439,2025-05-14
V004496,DEL010,MED0553,2025-05-14
V006263,DEL015,MED0764,2025-05-14
V006868,DEL023,MED0846,2025-05-14
V006872,DEL023,MED0846,2025-05-14
V008115,DEL047,MED0993,2025-05-14
V008147,DEL019,MED0997,2025-05-14
V008598,DEL033,MED1046,2025-05-14
V011505,DEL043,MED1403,2025-05-14
V011575,DEL028,MED1408,2025-05-14
V011680,DEL046,MED1419,2025-05-14
V012375,DEL028,MED1490,2025-05-14
V012494,DEL023,MED1497,2025-05-14
V014871,DEL049,MED1735,2025-05-14
V000778,DEL048,MED0092,2025-05-15
V000901,DEL049,MED0108,2025-05-15
V001442,DEL006,MED0167,2025-05-15
V001504,DEL046,MED0183,2025-05-15
V003794,DEL014,MED0457,2025-05-15
V003934,DEL007,MED0475,2025-05-15
V004032,DEL022,MED0491,2025-05-15
V005418,DEL046,MED0674,2025-05-15
V005959,DEL018,MED0730,2025-05-15
V007600,DEL043,MED0941,2025-05-15
V008479,DEL040,MED1036,2025-05-15
V008488,DEL018,MED1037,2025-05-15
V009242,DEL047,MED1110,2025-05-15
V010272,DEL018,MED1225,2025-05-15
V011131,DEL015,MED1365,2025-05-15
V011748,DEL022,MED1428,2025-05-15
V012095,DEL006,MED1451,2025-05-15
V012591,DEL036,MED1506,2025-05-15
V012807,DEL033,MED1537,2025-05-15
V013050,DEL003,MED1561,2025-05-15
V014733,DEL017,MED1715,2025-05-15
V015130,DEL023,MED1768,2025-05-15
V015353,DEL035,MED1787,2025-05-15
V015376,DEL015,MED1789,2025-05-15
V015901,DEL046,MED1856,2025-05-15
V016083,DEL001,MED1876,2025-05-15
V016749,DEL010,MED1974,2025-05-15
V000202,DEL013,MED0031,2025-05-16
V000237,DEL026,MED0037,2025-05-16
V001418,DEL041,MED0165,2025-05-16
V001505,DEL046,MED0183,2025-05-16
V002197,DEL004,MED0282,2025-05-16
V002745,DEL008,MED0345,2025-05-16
V002872,DEL050,MED0356,2025-05-16
V003275,DEL029,MED0402,2025-05-16
V008471,DEL040,MED1036,2025-05-16
V009056,DEL042,MED1094,2025-05-16
V009166,DEL036,MED1102,2025-05-16
V010583,DEL037,MED1276,2025-05-16
V010845,DEL009,MED1318,2025-05-16
V011204,DEL034,MED1367,2025-05-16
V011255,DEL046,MED1369,2025-05-16
V011364,DEL013,MED1385,2025-05-16
V011371,DEL013,MED1385,2025-05-16
V011411,DEL001,MED1392,2025-05-16
V012148,DEL016,MED1456,2025-05-16
V014608,DEL020,MED1700,2025-05-16
V016281,DEL049,MED1902,2025-05-16
V016407,DEL025,MED1931,2025-05-16
V016412,DEL025,MED1931,2025-05-16
V016735,DEL005,MED1973,2025-05-16
V000319,DEL049,MED0042,2025-05-17
V001251,DEL033,MED0147,2025-05-17
V001439,DEL006,MED0167,2025-05-17
V003390,DEL024,MED0414,2025-05-17
V004197,DEL013,MED0522,2025-05-17
V004422,DEL018,MED0543,2025-05-17
V004460,DEL029,MED0547,2025-05-17
V004859,DEL011,MED0597,2025-05-17
V004868,DEL043,MED0599,2025-05-17
V005778,DEL014,MED0714,2025-05-17
V006145,DEL048,MED0751,2025-05-17
V006367,DEL036,MED0783,2025-05-17
V006688,DEL016,MED0821,2025-05-17
V007023,DEL025,MED0865,2025-05-17
V007463,DEL014,MED0918,2025-05-17
V010577,DEL023,MED1275,2025-05-17
V010646,DEL048,MED1284,2025-05-17
V012183,DEL038,MED1459,2025-05-17
V012270,DEL029,MED1469,2025-05-17
V012534,DEL011,MED1501,2025-05-17
V012602,DEL022,MED1511,2025-05-17
V014948,DEL034,MED1746,2025-05-17
V016241,DEL037,MED1894,2025-05-17
V003461,DEL031,MED0426,2025-05-18
V003683,DEL026,MED0448,2025-05-18
V006014,DEL003,MED0736,2025-05-18
V007032,DEL001,MED0867,2025-05-18
V007599,DEL043,MED0941,2025-05-18
V008220,DEL022,MED1002,2025-05-18
V008268,DEL005,MED1008,2025-05-18
V008477,DEL040,MED1036,2025-05-18
V009434,DEL038,MED1138,2025-05-18
V009863,DEL018,MED1187,2025-05-18
V010579,DEL023,MED1275,2025-05-18
V010642,DEL048,MED1284,2025-05-18
V011136,DEL015,MED1365,2025-05-18
V011375,DEL013,MED1385,2025-05-18
V011423,DEL019,MED1394,2025-05-18
V012509,DEL007,MED1498,2025-05-18
V013327,DEL017,MED1584,2025-05-18
V013413,DEL027,MED1589,2025-05-18
V013654,DEL032,MED1609,2025-05-18
V014676,DEL004,MED1705,2025-05-18
V015310,DEL018,MED1779,2025-05-18
V015521,DEL010,MED1807,2025-05-18
V016053,DEL017,MED1875,2025-05-18
V016204,DEL001,MED1893,2025-05-18
V016302,DEL029,MED1906,2025-05-18
V016850,DEL001,MED1984,2025-05-18
V000452,DEL017,MED0057,2025-05-19
V000702,DEL044,MED0082,2025-05-19
V000827,DEL001,MED0100,2025-05-19
V001415,DEL041,MED0165,2025-05-19
V002158,DEL024,MED0276,2025-05-19
V003446,DEL016,MED0424,2025-05-19
V003995,DEL048,MED0485,2025-05-19
V005859,DEL031,MED0725,2025-05-19
V009046,DEL035,MED1091,2025-05-19
V009709,DEL033,MED1177,2025-05-19
V010431,DEL032,MED1244,2025-05-19
V010864,DEL002,MED1325,2025-05-19
V011251,DEL046,MED1369,2025-05-19
V011283,DEL015,MED1373,2025-05-19
V011681,DEL046,MED1419,2025-05-19
V012066,DEL031,MED1449,2025-05-19
V013238,DEL013,MED1575,2025-05-19
V013884,DEL024,MED1624,2025-05-19
V014783,DEL048,MED1717,2025-05-19
V016095,DEL001,MED1876,2025-05-19
V016805,DEL011,MED1977,2025-05-19
V000233,DEL026,MED0037,2025-05-20
V000282,DEL018,MED0040,2025-05-20
V000495,DEL002,MED0058,2025-05-20
V001308,DEL024,MED0157,2025-05-20
V001382,DEL006,MED0161,2025-05-20
V002126,DEL013,MED0272,2025-05-20
V003296,DEL011,MED0404,2025-05-20
V003405,DEL016,MED0415,2025-05-20
V005193,DEL039,MED0650,2025-05-20
V005884,DEL047,MED0726,2025-05-20
V006180,DEL027,MED0752,2025-05-20
V006497,DEL035,MED0796,2025-05-20
V006659,DEL033,MED0818,2025-05-20
V007022,DEL025,MED0865,2025-05-20
V007397,DEL005,MED0905,2025-05-20
V007609,DEL044,MED0944,2025-05-20
V008729,DEL005,MED1067,2025-05-20
V010144,DEL033,MED1213,2025-05-20
V010318,DEL040,MED1235,2025-05-20
V010639,DEL048,MED1284,2025-05-20
V010711,DEL009,MED1295,2025-05-20
V011480,DEL049,MED1399,2025-05-20
V011571,DEL028,MED1408,2025-05-20
V012062,DEL031,MED1449,2025-05-20
V012179,DEL038,MED1459,2025-05-20
V012911,DEL049,MED1542,2025-05-20
V013113,DEL034,MED1564,2025-05-20
V013342,DEL034,MED1585,2025-05-20
V013356,DEL033,MED1586,2025-05-20
V013382,DEL004,MED1588,2025-05-20
V014521,DEL023,MED1695,2025-05-20
V000226,DEL010,MED0035,2025-05-21
V001721,DEL040,MED0210,2025-05-21
V002446,DEL021,MED0309,2025-05-21
V002529,DEL048,MED0321,2025-05-21
V004129,DEL047,MED0510,2025-05-21
V005069,DEL006,MED0628,2025-05-21
V005888,DEL047,MED0726,2025-05-21
V005960,DEL018,MED0730,2025-05-21
V006070,DEL013,MED0748,2025-05-21
V006150,DEL048,MED0751,2025-05-21
V007720,DEL010,MED0960,2025-05-21
V008616,DEL020,MED1049,2025-05-21
V008973,DEL031,MED1089,2025-05-21
V010863,DEL002,MED1325,2025-05-21
V012904,DEL049,MED1542,2025-05-21
V013246,DEL014,MED1576,2025-05-21
V014809,DEL016,MED1720,2025-05-21
V015335,DEL035,MED1783,2025-05-21
V016733,DEL005,MED1973,2025-05-21
V000641,DEL039,MED0073,2025-05-22
V001301,DEL024,MED0157,2025-05-22
V002121,DEL013,MED0272,2025-05-22
V002211,DEL016,MED0285,2025-05-22
V003265,DEL029,MED0402,2025-05-22
V003302,DEL011,MED0404,2025-05-22
V003448,DEL016,MED0424,2025-05-22
V004258,DEL039,MED0527,2025-05-22
V004717,DEL008,MED0576,2025-05-22
V004852,DEL044,MED0593,2025-05-22
V005044,DEL023,MED0623,2025-05-22
V005104,DEL022,MED0635,2025-05-22
V005148,DEL019,MED0642,2025-05-22
V006001,DEL033,MED0734,2025-05-22
V006754,DEL036,MED0833,2025-05-22
V006802,DEL031,MED0837,2025-05-22
V006871,DEL023,MED0846,2025-05-22
V007403,DEL050,MED0906,2025-05-22
V010950,DEL037,MED1334,2025-05-22
V011520,DEL024,MED1404,2025-05-22
V012331,DEL042,MED1476,2025-05-22
V012575,DEL020,MED1503,2025-05-22
V013257,DEL033,MED1579,2025-05-22
V014503,DEL016,MED1693,2025-05-22
V014625,DEL009,MED1702,2025-05-22
V015605,DEL003,MED1815,2025-05-22
V000259,DEL028,MED0039,2025-05-23
V000421,DEL015,MED0052,2025-05-23
V000962,DEL021,MED0113,2025-05-23
V001307,DEL024,MED0157,2025-05-23
V001740,DEL024,MED0211,2025-05-23
V001856,DEL008,MED0224,2025-05-23
V002580,DEL048,MED0328,2025-05-23
V002715,DEL030,MED0342,2025-05-23
V002817,DEL018,MED0353,2025-05-23
V003051,DEL049,MED0382,2025-05-23
V003812,DEL038,MED0462,2025-05-23
V004077,DEL006,MED0496,2025-05-23
V004316,DEL027,MED0532,2025-05-23
V004391,DEL016,MED0540,2025-05-23
V005085,DEL042,MED0629,2025-05-23
V006030,DEL030,MED0739,2025-05-23
V006038,DEL021,MED0743,2025-05-23
V007587,DEL042,MED0938,2025-05-23
V008427,DEL020,MED1032,2025-05-23
V008686,DEL049,MED1058,2025-05-23
V008733,DEL005,MED1067,2025-05-23
V008955,DEL006,MED1087,2025-05-23
V009110,DEL020,MED1098,2025-05-23
V010709,DEL009,MED1295,2025-05-23
V010736,DEL002,MED1299,2025-05-23
V011812,DEL017,MED1432,2025-05-23
V011985,DEL001,MED1445,2025-05-23
V012315,DEL033,MED1475,2025-05-23
V014583,DEL018,MED1698,2025-05-23
V014884,DEL001,MED1736,2025-05-23
V015965,DEL001,MED1863,2025-05-23
V016256,DEL040,MED1900,2025-05-23
V000328,DEL016,MED0043,2025-05-24
V001414,DEL041,MED0165,2025-05-24
V001546,DEL031,MED0190,2025-05-24
V002750,DEL008,MED0345,2025-05-24
V002759,DEL008,MED0345,2025-05-24
V002818,DEL018,MED0353,2025-05-24
V004601,DEL035,MED0566,2025-05-24
V005219,DEL012,MED0654,2025-05-24
V005460,DEL029,MED0680,2025-05-24
V006911,DEL001,MED0854,2025-05-24
V007049,DEL029,MED0868,2025-05-24
V008286,DEL049,MED1011,2025-05-24
V008436,DEL020,MED1032,2025-05-24
V008635,DEL030,MED1053,2025-05-24
V009540,DEL023,MED1161,2025-05-24
V009794,DEL023,MED1183,2025-05-24
V010404,DEL020,MED1243,2025-05-24
V012101,DEL022,MED1452,2025-05-24
V012940,DEL018,MED1545,2025-05-24
V013011,DEL019,MED1556,2025-05-24
V014188,DEL030,MED1657,2025-05-24
V015275,DEL039,MED1778,2025-05-24
V016916,DEL023,MED2000,2025-05-24
V000873,DEL001,MED0107,2025-05-25
V004424,DEL018,MED0543,2025-05-25
V004738,DEL011,MED0580,2025-05-25
V006321,DEL021,MED0769,2025-05-25
V006420,DEL003,MED0789,2025-05-25
V006776,DEL044,MED0836,2025-05-25
V008216,DEL022,MED1002,2025-05-25
V010117,DEL005,MED1208,2025-05-25
V010636,DEL048,MED1284,2025-05-25
V010847,DEL009,MED1318,2025-05-25
V011249,DEL046,MED1369,2025-05-25
V011554,DEL009,MED1406,2025-05-25
V011774,DEL048,MED1430,2025-05-25
V011955,DEL033,MED1440,2025-05-25
V013206,DEL011,MED1572,2025-05-25
V014609,DEL020,MED1700,2025-05-25
V015732,DEL009,MED1837,2025-05-25
V015861,DEL026,MED1854,2025-05-25
V015874,DEL026,MED1854,2025-05-25
V000048,DEL012,MED0011,2025-05-26
V001054,DEL008,MED0125,2025-05-26
V001416,DEL041,MED0165,2025-05-26
V003737,DEL025,MED0455,2025-05-26
V005196,DEL039,MED0650,2025-05-26
V005583,DEL039,MED0697,2025-05-26
V006119,DEL046,MED0750,2025-05-26
V007454,DEL028,MED0915,2025-05-26
V007588,DEL042,MED0938,2025-05-26
V007801,DEL024,MED0968,2025-05-26
V008536,DEL031,MED1042,2025-05-26
V008901,DEL001,MED1081,2025-05-26
V009583,DEL033,MED1165,2025-05-26
V010026,DEL019,MED1199,2025-05-26
V010797,DEL004,MED1308,2025-05-26
V011039,DEL043,MED1356,2025-05-26
V011293,DEL042,MED1374,2025-05-26
V012038,DEL030,MED1448,2025-05-26
V012348,DEL041,MED1482,2025-05-26
V012650,DEL016,MED1517,2025-05-26
V013165,DEL023,MED1569,2025-05-26
V015054,DEL049,MED1756,2025-05-26
V015343,DEL029,MED1786,2025-05-26
V015401,DEL027,MED1793,2025-05-26
V015700,DEL011,MED1829,2025-05-26
V016020,DEL011,MED1874,2025-05-26
V016049,DEL017,MED1875,2025-05-26
V016345,DEL001,MED1915,2025-05-26
V000415,DEL002,MED0051,2025-05-27
V000749,DEL016,MED0087,2025-05-27
V000959,DEL021,MED0113,2025-05-27
V001393,DEL017,MED0163,2025-05-27
V001453,DEL041,MED0168,2025-05-27
V001890,DEL021,MED0229,2025-05-27
V002253,DEL007,MED0287,2025-05-27
V002455,DEL043,MED0310,2025-05-27
V002878,DEL050,MED0356,2025-05-27
V003179,DEL018,MED0388,2025-05-27
V003973,DEL040,MED0480,2025-05-27
V004563,DEL034,MED0557,2025-05-27
V007351,DEL049,MED0900,2025-05-27
V008107,DEL047,MED0993,2025-05-27
V008393,DEL043,MED1030,2025-05-27
V008586,DEL033,MED1046,2025-05-27
V009530,DEL016,MED1159,2025-05-27
V010099,DEL030,MED1206,2025-05-27
V010385,DEL050,MED1241,2025-05-27
V010804,DEL004,MED1308,2025-05-27
V012314,DEL033,MED1475,2025-05-27
V012921,DEL016,MED1543,2025-05-27
V013197,DEL011,MED1572,2025-05-27
V015991,DEL044,MED1867,2025-05-27
V016123,DEL011,MED1883,2025-05-27
V016163,DEL013,MED1890,2025-05-27
V000057,DEL012,MED0011,2025-05-28
V000411,DEL002,MED0051,2025-05-28
V000800,DEL041,MED0093,2025-05-28
V001158,DEL033,MED0134,2025-05-28
V001345,DEL036,MED0158,2025-05-28
V001397,DEL035,MED0164,2025-05-28
V001696,DEL043,MED0209,2025-05-28
V001994,DEL004,MED0246,2025-05-28
V004128,DEL047,MED0510,2025-05-28
V004248,DEL039,MED0527,2025-05-28
V004647,DEL048,MED0572,2025-05-28
V004686,DEL018,MED0573,2025-05-28
V005302,DEL050,MED0665,2025-05-28
V005918,DEL029,MED0729,2025-05-28
V006458,DEL042,MED0794,2025-05-28
V006554,DEL028,MED0803,2025-05-28
V006849,DEL006,MED0845,2025-05-28
V007239,DEL041,MED0892,2025-05-28
V008129,DEL049,MED0994,2025-05-28
V008289,DEL023,MED1012,2025-05-28
V009154,DEL036,MED1102,2025-05-28
V011082,DEL031,MED1359,2025-05-28
V011414,DEL001,MED1392,2025-05-28
V011700,DEL021,MED1423,2025-05-28
V011803,DEL017,MED1432,2025-05-28
V014186,DEL030,MED1657,2025-05-28
V014903,DEL043,MED1742,2025-05-28
V015680,DEL044,MED1825,2025-05-28
V016015,DEL011,MED1874,2025-05-28
V016097,DEL034,MED1877,2025-05-28
V016110,DEL017,MED1881,2025-05-28
V016132,DEL006,MED1884,2025-05-28
V000260,DEL028,MED0039,2025-06-01
V000482,DEL002,MED0058,2025-06-01
V001647,DEL019,MED0200,2025-06-01
V002640,DEL019,MED0340,2025-06-01
V003501,DEL014,MED0431,2025-06-01
V003627,DEL018,MED0446,2025-06-01
V004025,DEL026,MED0487,2025-06-01
V004439,DEL018,MED0543,2025-06-01
V005477,DEL004,MED0681,2025-06-01
V005900,DEL024,MED0728,2025-06-01
V006678,DEL039,MED0819,2025-06-01
V006767,DEL038,MED0834,2025-06-01
V008047,DEL008,MED0990,2025-06-01
V009077,DEL006,MED1096,2025-06-01
V009765,DEL002,MED1180,2025-06-01
V010748,DEL004,MED1302,2025-06-01
V012177,DEL038,MED1459,2025-06-01
V012296,DEL026,MED1470,2025-06-01
V012489,DEL023,MED1497,2025-06-01
V012569,DEL020,MED1503,2025-06-01
V012783,DEL042,MED1526,2025-06-01
V013501,DEL003,MED1593,2025-06-01
V014366,DEL031,MED1676,2025-06-01
V015753,DEL042,MED1840,2025-06-01
V016009,DEL033,MED1872,2025-06-01
V000149,DEL020,MED0022,2025-06-02
V000673,DEL001,MED0076,2025-06-02
V001630,DEL014,MED0197,2025-06-02
V003660,DEL043,MED0447,2025-06-02
V005279,DEL014,MED0664,2025-06-02
V005471,DEL029,MED0680,2025-06-02
V007153,DEL025,MED0882,2025-06-02
V007195,DEL003,MED0885,2025-06-02
V007538,DEL030,MED0926,2025-06-02
V007542,DEL030,MED0926,2025-06-02
V007882,DEL034,MED0972,2025-06-02
V008731,DEL005,MED1067,2025-06-02
V008943,DEL006,MED1087,2025-06-02
V009690,DEL038,MED1175,2025-06-02
V010403,DEL020,MED1243,2025-06-02
V010614,DEL010,MED1280,2025-06-02
V010920,DEL016,MED1332,2025-06-02
V011003,DEL032,MED1349,2025-06-02
V011087,DEL031,MED1359,2025-06-02
V013157,DEL023,MED1569,2025-06-02
V013697,DEL010,MED1615,2025-06-02
V013802,DEL038,MED1621,2025-06-02
V015133,DEL023,MED1768,2025-06-02
V016574,DEL039,MED1951,2025-06-02
V002345,DEL036,MED0298,2025-06-03
V003601,DEL001,MED0442,2025-06-03
V003786,DEL014,MED0457,2025-06-03
V003852,DEL003,MED0467,2025-06-03
V003950,DEL042,MED0478,2025-06-03
V004163,DEL033,MED0516,2025-06-03
V005510,DEL005,MED0686,2025-06-03
V005560,DEL030,MED0690,2025-06-03
V005661,DEL033,MED0702,2025-06-03
V005839,DEL046,MED0721,2025-06-03
V006428,DEL018,MED0790,2025-06-03
V007850,DEL015,MED0970,2025-06-03
V010456,DEL043,MED1248,2025-06-03
V012899,DEL049,MED1542,2025-06-03
V014304,DEL002,MED1674,2025-06-03
V014615,DEL020,MED1700,2025-06-03
V014813,DEL016,MED1720,2025-06-03
V015677,DEL044,MED1825,2025-06-03
V016798,DEL011,MED1977,2025-06-03
V000339,DEL039,MED0044,2025-06-04
V000710,DEL011,MED0083,2025-06-04
V000796,DEL041,MED0093,2025-06-04
V002564,DEL046,MED0325,2025-06-04
V003337,DEL050,MED0406,2025-06-04
V004213,DEL003,MED0523,2025-06-04
V005333,DEL027,MED0669,2025-06-04
V006423,DEL003,MED0789,2025-06-04
V006818,DEL031,MED0837,2025-06-04
V007160,DEL025,MED0882,2025-06-04
V007491,DEL030,MED0922,2025-06-04
V008653,DEL039,MED1056,2025-06-04
V008867,DEL049,MED1077,2025-06-04
V009156,DEL036,MED1102,2025-06-04
V010047,DEL033,MED1200,2025-06-04
V010701,DEL038,MED1290,2025-06-04
V011110,DEL018,MED1364,2025-06-04
V012804,DEL003,MED1531,2025-06-04
V013966,DEL003,MED1632,2025-06-04
V014452,DEL036,MED1686,2025-06-04
V014683,DEL004,MED1705,2025-06-04
V015593,DEL035,MED1812,2025-06-04
V016621,DEL012,MED1955,2025-06-04
V016795,DEL011,MED1977,2025-06-04
V001897,DEL045,MED0230,2025-06-05
V002859,DEL050,MED0356,2025-06-05
V003333,DEL050,MED0406,2025-06-05
V003603,DEL001,MED0442,2025-06-05
V004385,DEL016,MED0540,2025-06-05
V004839,DEL044,MED0593,2025-06-05
V004890,DEL026,MED0600,2025-06-05
V005374,DEL027,MED0672,2025-06-05
V007556,DEL026,MED0930,2025-06-05
V008103,DEL047,MED0993,2025-06-05
V008527,DEL033,MED1041,2025-06-05
V009371,DEL046,MED1126,2025-06-05
V009402,DEL014,MED1132,2025-06-05
V010405,DEL020,MED1243,2025-06-05
V011050,DEL043,MED1356,2025-06-05
V011250,DEL046,MED1369,2025-06-05
V011665,DEL046,MED1419,2025-06-05
V014837,DEL006,MED1729,2025-06-05
V015539,DEL038,MED1808,2025-06-05
V016441,DEL026,MED1936,2025-06-05
V000382,DEL016,MED0048,2025-06-06
V000578,DEL021,MED0067,2025-06-06
V000624,DEL021,MED0070,2025-06-06
V001211,DEL024,MED0146,2025-06-06
V001312,DEL024,MED0157,2025-06-06
V001441,DEL006,MED0167,2025-06-06
V002083,DEL008,MED0269,2025-06-06
V004063,DEL006,MED0496,2025-06-06
V004585,DEL022,MED0561,2025-06-06
V004646,DEL048,MED0572,2025-06-06
V004754,DEL026,MED0581,2025-06-06
V005249,DEL004,MED0661,2025-06-06
V005644,DEL023,MED0701,2025-06-06
V006174,DEL027,MED0752,2025-06-06
V007342,DEL035,MED0899,2025-06-06
V008760,DEL049,MED1071,2025-06-06
V008820,DEL042,MED1075,2025-06-06
V009003,DEL021,MED1090,2025-06-06
V009057,DEL042,MED1094,2025-06-06
V010172,DEL007,MED1218,2025-06-06
V010468,DEL032,MED1250,2025-06-06
V011504,DEL043,MED1403,2025-06-06
V011836,DEL044,MED1435,2025-06-06
V012492,DEL023,MED1497,2025-06-06
V013740,DEL010,MED1616,2025-06-06
V014054,DEL043,MED1641,2025-06-06
V015224,DEL024,MED1775,2025-06-06
V015773,DEL025,MED1842,2025-06-06
V016234,DEL037,MED1894,2025-06-06
V016369,DEL050,MED1924,2025-06-06
V016622,DEL012,MED1955,2025-06-06
V000438,DEL048,MED0055,2025-06-07
V000488,DEL002,MED0058,2025-06-07
V000915,DEL009,MED0109,2025-06-07
V002006,DEL004,MED0246,2025-06-07
V003222,DEL019,MED0396,2025-06-07
V003392,DEL024,MED0414,2025-06-07
V003457,DEL030,MED0425,2025-06-07
V004731,DEL023,MED0579,2025-06-07
V004857,DEL011,MED0597,2025-06-07
V005178,DEL008,MED0649,2025-06-07
V005531,DEL050,MED0687,2025-06-07
V008476,DEL040,MED1036,2025-06-07
V009272,DEL024,MED1111,2025-06-07
V009925,DEL041,MED1193,2025-06-07
V010029,DEL019,MED1199,2025-06-07
V011752,DEL022,MED1428,2025-06-07
V012185,DEL038,MED1459,2025-06-07
V012645,DEL016,MED1517,2025-06-07
V013531,DEL048,MED1598,2025-06-07
V015314,DEL018,MED1779,2025-06-07
V015925,DEL050,MED1860,2025-06-07
V016612,DEL012,MED1955,2025-06-07
V016759,DEL010,MED1974,2025-06-07
V001821,DEL028,MED0223,2025-06-08
V002060,DEL011,MED0264,2025-06-08
V002160,DEL024,MED0276,2025-06-08
V002275,DEL023,MED0292,2025-06-08
V002276,DEL023,MED0292,2025-06-08
V003607,DEL010,MED0443,2025-06-08
V004608,DEL012,MED0568,2025-06-08
V005467,DEL029,MED0680,2025-06-08
V005566,DEL023,MED0691,2025-06-08
V005752,DEL039,MED0713,2025-06-08
V007073,DEL033,MED0874,2025-06-08
V007284,DEL043,MED0895,2025-06-08
V007495,DEL030,MED0922,2025-06-08
V007530,DEL030,MED0926,2025-06-08
V008269,DEL005,MED1008,2025-06-08
V008851,DEL023,MED1076,2025-06-08
V009244,DEL047,MED1110,2025-06-08
V009299,DEL026,MED1113,2025-06-08
V009531,DEL016,MED1159,2025-06-08
V009542,DEL023,MED1161,2025-06-08
V009886,DEL009,MED1188,2025-06-08
V012131,DEL016,MED1455,2025-06-08
V012455,DEL003,MED1492,2025-06-08
V012532,DEL011,MED1501,2025-06-08
V013341,DEL034,MED1585,2025-06-08
V013805,DEL038,MED1621,2025-06-08
V016022,DEL011,MED1874,2025-06-08
V000492,DEL002,MED0058,2025-06-09
V001091,DEL013,MED0129,2025-06-09
V003174,DEL018,MED0388,2025-06-09
V003631,DEL018,MED0446,2025-06-09
V003901,DEL040,MED0474,2025-06-09
V004247,DEL039,MED0527,2025-06-09
V004426,DEL018,MED0543,2025-06-09
V005201,DEL039,MED0650,2025-06-09
V005725,DEL049,MED0709,2025-06-09
V007221,DEL026,MED0890,2025-06-09
V007535,DEL030,MED0926,2025-06-09
V008104,DEL047,MED0993,2025-06-09
V008215,DEL022,MED1002,2025-06-09
V008281,DEL049,MED1011,2025-06-09
V008711,DEL016,MED1064,2025-06-09
V008766,DEL049,MED1071,2025-06-09
V009412,DEL013,MED1134,2025-06-09
V010897,DEL010,MED1326,2025-06-09
V011297,DEL042,MED1374,2025-06-09
V011736,DEL001,MED1424,2025-06-09
V011808,DEL017,MED1432,2025-06-09
V012084,DEL045,MED1450,2025-06-09
V012897,DEL049,MED1542,2025-06-09
V013091,DEL024,MED1563,2025-06-09
V013481,DEL018,MED1592,2025-06-09
V013731,DEL010,MED1616,2025-06-09
V013958,DEL003,MED1632,2025-06-09
V014580,DEL018,MED1698,2025-06-09
V014907,DEL008,MED1743,2025-06-09
V014981,DEL012,MED1749,2025-06-09
V015752,DEL042,MED1840,2025-06-09
V000804,DEL041,MED0093,2025-06-10
V001963,DEL033,MED0245,2025-06-10
V004781,DEL003,MED0583,2025-06-10
V004795,DEL001,MED0585,2025-06-10
V004948,DEL035,MED0614,2025-06-10
V005613,DEL011,MED0700,2025-06-10
V006359,DEL044,MED0779,2025-06-10
V006701,DEL048,MED0825,2025-06-10
V007464,DEL014,MED0918,2025-06-10
V007539,DEL030,MED0926,2025-06-10
V007781,DEL049,MED0964,2025-06-10
V008732,DEL005,MED1067,2025-06-10
V009356,DEL009,MED1122,2025-06-10
V009613,DEL047,MED1167,2025-06-10
V010917,DEL011,MED1331,2025-06-10
V011685,DEL020,MED1421,2025-06-10
V011873,DEL033,MED1436,2025-06-10
V013445,DEL048,MED1591,2025-06-10
V013634,DEL012,MED1605,2025-06-10
V014465,DEL025,MED1690,2025-06-10
V014717,DEL039,MED1714,2025-06-10
V014777,DEL048,MED1717,2025-06-10
V015177,DEL033,MED1770,2025-06-10
V001438,DEL006,MED0167,2025-06-11
V002179,DEL017,MED0279,2025-06-11
V003009,DEL008,MED0375,2025-06-11
V004205,DEL013,MED0522,2025-06-11
V004324,DEL027,MED0532,2025-06-11
V004702,DEL014,MED0574,2025-06-11
V004862,DEL011,MED0597,2025-06-11
V004903,DEL038,MED0601,2025-06-11
V005885,DEL047,MED0726,2025-06-11
V006249,DEL042,MED0761,2025-06-11
V006319,DEL021,MED0769,2025-06-11
V006403,DEL021,MED0788,2025-06-11
V008072,DEL012,MED0991,2025-06-11
V008431,DEL020,MED1032,2025-06-11
V008891,DEL009,MED1079,2025-06-11
V009487,DEL025,MED1147,2025-06-11
V009521,DEL011,MED1158,2025-06-11
V009720,DEL033,MED1177,2025-06-11
V010164,DEL013,MED1215,2025-06-11
V011235,DEL046,MED1369,2025-06-11
V011771,DEL048,MED1430,2025-06-11
V012237,DEL041,MED1464,2025-06-11
V012417,DEL009,MED1491,2025-06-11
V012678,DEL037,MED1519,2025-06-11
V012753,DEL019,MED1525,2025-06-11
V012839,DEL006,MED1540,2025-06-11
V012953,DEL019,MED1548,2025-06-11
V013311,DEL017,MED1584,2025-06-11
V013626,DEL012,MED1605,2025-06-11
V013687,DEL010,MED1615,2025-06-11
V013706,DEL010,MED1615,2025-06-11
V014197,DEL011,MED1658,2025-06-11
V014650,DEL010,MED1703,2025-06-11
V016563,DEL046,MED1950,2025-06-11
V016752,DEL010,MED1974,2025-06-11
V000310,DEL049,MED0042,2025-06-12
V000757,DEL049,MED0088,2025-06-12
V001512,DEL034,MED0186,2025-06-12
V001613,DEL014,MED0197,2025-06-12
V003244,DEL003,MED0401,2025-06-12
V003817,DEL038,MED0463,2025-06-12
V004153,DEL044,MED0515,2025-06-12
V005862,DEL031,MED0725,2025-06-12
V006236,DEL013,MED0758,2025-06-12
V007344,DEL035,MED0899,2025-06-12
V008770,DEL049,MED1071,2025-06-12
V008892,DEL009,MED1079,2025-06-12
V010215,DEL017,MED1221,2025-06-12
V010520,DEL041,MED1263,2025-06-12
V011144,DEL015,MED1365,2025-06-12
V012364,DEL031,MED1487,2025-06-12
V012411,DEL009,MED1491,2025-06-12
V013292,DEL038,MED1582,2025-06-12
V013592,DEL045,MED1601,2025-06-12
V014480,DEL048,MED1692,2025-06-12
V014861,DEL022,MED1734,2025-06-12
V015063,DEL005,MED1758,2025-06-12
V015122,DEL023,MED1768,2025-06-12
V015549,DEL038,MED1808,2025-06-12
V000281,DEL018,MED0040,2025-06-13
V000494,DEL002,MED0058,2025-06-13
V001080,DEL045,MED0127,2025-06-13
V001349,DEL050,MED0159,2025-06-13
V001915,DEL035,MED0233,2025-06-13
V002029,DEL041,MED0251,2025-06-13
V002241,DEL007,MED0287,2025-06-13
V002358,DEL014,MED0300,2025-06-13
V003305,DEL011,MED0404,2025-06-13
V003865,DEL003,MED0467,2025-06-13
V004250,DEL039,MED0527,2025-06-13
V004894,DEL026,MED0600,2025-06-13
V006003,DEL033,MED0734,2025-06-13
V006083,DEL013,MED0748,2025-06-13
V006233,DEL013,MED0758,2025-06-13
V006351,DEL048,MED0778,2025-06-13
V006378,DEL014,MED0785,2025-06-13
V007735,DEL027,MED0962,2025-06-13
V007771,DEL049,MED0964,2025-06-13
V008438,DEL020,MED1032,2025-06-13
V010560,DEL041,MED1271,2025-06-13
V010941,DEL037,MED1334,2025-06-13
V011751,DEL022,MED1428,2025-06-13
V013383,DEL004,MED1588,2025-06-13
V014324,DEL015,MED1675,2025-06-13
V014534,DEL021,MED1697,2025-06-13
V014782,DEL048,MED1717,2025-06-13
V015585,DEL035,MED1810,2025-06-13
V015896,DEL006,MED1855,2025-06-13
V016619,DEL012,MED1955,2025-06-13
V003050,DEL049,MED0382,2025-06-14
V003177,DEL018,MED0388,2025-06-14
V003202,DEL027,MED0394,2025-06-14
V004806,DEL048,MED0586,2025-06-14
V004822,DEL048,MED0591,2025-06-14
V006005,DEL033,MED0734,2025-06-14
V006187,DEL019,MED0753,2025-06-14
V007161,DEL025,MED0882,2025-06-14
V009662,DEL009,MED1171,2025-06-14
V009716,DEL033,MED1177,2025-06-14
V010055,DEL033,MED1200,2025-06-14
V010572,DEL023,MED1275,2025-06-14
V011138,DEL015,MED1365,2025-06-14
V012074,DEL031,MED1449,2025-06-14
V012232,DEL041,MED1464,2025-06-14
V013882,DEL024,MED1624,2025-06-14
V015169,DEL035,MED1769,2025-06-14
V016535,DEL021,MED1945,2025-06-14
V016629,DEL012,MED1955,2025-06-14
V016632,DEL019,MED1957,2025-06-14
V016818,DEL029,MED1979,2025-06-14
V000120,DEL034,MED0021,2025-06-15
V000250,DEL024,MED0038,2025-06-15
V001166,DEL011,MED0137,2025-06-15
V001371,DEL006,MED0161,2025-06-15
V001564,DEL048,MED0191,2025-06-15
V002598,DEL047,MED0332,2025-06-15
V003584,DEL033,MED0439,2025-06-15
V004270,DEL029,MED0529,2025-06-15
V004616,DEL013,MED0571,2025-06-15
V005026,DEL006,MED0622,2025-06-15
V006109,DEL046,MED0750,2025-06-15
V007317,DEL041,MED0896,2025-06-15
V008643,DEL034,MED1054,2025-06-15
V008953,DEL006,MED1087,2025-06-15
V011962,DEL041,MED1444,2025-06-15
V012598,DEL036,MED1510,2025-06-15
V012696,DEL036,MED1520,2025-06-15
V013742,DEL010,MED1616,2025-06-15
V014356,DEL031,MED1676,2025-06-15
V015937,DEL050,MED1860,2025-06-15
V016055,DEL017,MED1875,2025-06-15
V000288,DEL018,MED0040,2025-06-16
V000772,DEL024,MED0090,2025-06-16
V000917,DEL009,MED0109,2025-06-16
V002011,DEL024,MED0248,2025-06-16
V002056,DEL046,MED0260,2025-06-16
V002886,DEL019,MED0359,2025-06-16
V003805,DEL003,MED0460,2025-06-16
V004547,DEL047,MED0555,2025-06-16
V004588,DEL030,MED0562,2025-06-16
V004699,DEL014,MED0574,2025-06-16
V004988,DEL026,MED0620,2025-06-16
V005124,DEL042,MED0638,2025-06-16
V005349,DEL045,MED0670,2025-06-16
V005441,DEL027,MED0679,2025-06-16
V005679,DEL034,MED0705,2025-06-16
V006845,DEL006,MED0845,2025-06-16
V007319,DEL041,MED0896,2025-06-16
V008697,DEL036,MED1060,2025-06-16
V010070,DEL038,MED1202,2025-06-16
V010589,DEL033,MED1277,2025-06-16
V010610,DEL010,MED1280,2025-06-16
V011986,DEL001,MED1445,2025-06-16
V015209,DEL024,MED1775,2025-06-16
V015223,DEL024,MED1775,2025-06-16
V016090,DEL001,MED1876,2025-06-16
V016121,DEL011,MED1883,2025-06-16
V016905,DEL020,MED1998,2025-06-16
V000575,DEL021,MED0067,2025-06-17
V000795,DEL041,MED0093,2025-06-17
V000872,DEL001,MED0107,2025-06-17
V002004,DEL004,MED0246,2025-06-17
V002764,DEL046,MED0347,2025-06-17
V002864,DEL050,MED0356,2025-06-17
V003862,DEL003,MED0467,2025-06-17
V004095,DEL035,MED0502,2025-06-17
V004286,DEL005,MED0530,2025-06-17
V005079,DEL042,MED0629,2025-06-17
V005486,DEL027,MED0682,2025-06-17
V005735,DEL027,MED0712,2025-06-17
V005928,DEL029,MED0729,2025-06-17
V006465,DEL020,MED0795,2025-06-17
V007570,DEL040,MED0931,2025-06-17
V009192,DEL039,MED1103,2025-06-17
V010021,DEL019,MED1199,2025-06-17
V011017,DEL010,MED1352,2025-06-17
V011383,DEL013,MED1385,2025-06-17
V011568,DEL028,MED1408,2025-06-17
V011663,DEL046,MED1419,2025-06-17
V011772,DEL048,MED1430,2025-06-17
V011792,DEL027,MED1431,2025-06-17
V011875,DEL033,MED1436,2025-06-17
V012913,DEL049,MED1542,2025-06-17
V015037,DEL049,MED1756,2025-06-17
V015406,DEL027,MED1793,2025-06-17
V015662,DEL029,MED1823,2025-06-17
V000313,DEL049,MED0042,2025-06-18
V000742,DEL043,MED0085,2025-06-18
V002257,DEL035,MED0288,2025-06-18
V002666,DEL008,MED0341,2025-06-18
V003380,DEL023,MED0408,2025-06-18
V003436,DEL039,MED0423,2025-06-18
V005015,DEL006,MED0622,2025-06-18
V005591,DEL008,MED0698,2025-06-18
V006330,DEL038,MED0771,2025-06-18
V007282,DEL043,MED0895,2025-06-18
V008000,DEL023,MED0983,2025-06-18
V008847,DEL023,MED1076,2025-06-18
V009109,DEL020,MED1098,2025-06-18
V009159,DEL036,MED1102,2025-06-18
V009343,DEL007,MED1119,2025-06-18
V009347,DEL007,MED1119,2025-06-18
V010734,DEL002,MED1299,2025-06-18
V011321,DEL023,MED1381,2025-06-18
V011437,DEL048,MED1395,2025-06-18
V011555,DEL009,MED1406,2025-06-18
V013048,DEL003,MED1561,2025-06-18
V013266,DEL030,MED1581,2025-06-18
V013688,DEL010,MED1615,2025-06-18
V015282,DEL039,MED1778,2025-06-18
V015322,DEL018,MED1779,2025-06-18
V016150,DEL017,MED1888,2025-06-18
V016206,DEL001,MED1893,2025-06-18
V016360,DEL016,MED1923,2025-06-18
V016379,DEL023,MED1928,2025-06-18
V016573,DEL039,MED1951,2025-06-18
V001154,DEL033,MED0134,2025-06-19
V001239,DEL033,MED0147,2025-06-19
V001562,DEL048,MED0191,2025-06-19
V001563,DEL048,MED0191,2025-06-19
V001786,DEL035,MED0215,2025-06-19
V003185,DEL004,MED0389,2025-06-19
V003269,DEL029,MED0402,2025-06-19
V003735,DEL008,MED0453,2025-06-19
V005024,DEL006,MED0622,2025-06-19
V005659,DEL033,MED0702,2025-06-19
V005997,DEL033,MED0734,2025-06-19
V007997,DEL023,MED0983,2025-06-19
V008566,DEL015,MED1045,2025-06-19
V009474,DEL039,MED1144,2025-06-19
V009681,DEL024,MED1174,2025-06-19
V010249,DEL026,MED1222,2025-06-19
V010333,DEL006,MED1238,2025-06-19
V010851,DEL008,MED1322,2025-06-19
V011474,DEL049,MED1399,2025-06-19
V011882,DEL033,MED1436,2025-06-19
V012619,DEL011,MED1513,2025-06-19
V013778,DEL032,MED1620,2025-06-19
V014140,DEL004,MED1649,2025-06-19
V014176,DEL029,MED1655,2025-06-19
V014839,DEL006,MED1729,2025-06-19
V016317,DEL025,MED1910,2025-06-19
V016532,DEL021,MED1945,2025-06-19
V000346,DEL002,MED0046,2025-06-20
V000579,DEL021,MED0067,2025-06-20
V001111,DEL007,MED0132,2025-06-20
V001170,DEL011,MED0137,2025-06-20
V001965,DEL033,MED0245,2025-06-20
V002991,DEL001,MED0374,2025-06-20
V003128,DEL002,MED0386,2025-06-20
V003168,DEL018,MED0388,2025-06-20
V005050,DEL039,MED0624,2025-06-20
V005821,DEL027,MED0719,2025-06-20
V005964,DEL018,MED0730,2025-06-20
V006900,DEL022,MED0851,2025-06-20
V008998,DEL021,MED1090,2025-06-20
V009039,DEL035,MED1091,2025-06-20
V009243,DEL047,MED1110,2025-06-20
V009264,DEL024,MED1111,2025-06-20
V009316,DEL002,MED1118,2025-06-20
V009557,DEL041,MED1163,2025-06-20
V010078,DEL028,MED1204,2025-06-20
V010225,DEL017,MED1221,2025-06-20
V010307,DEL038,MED1233,2025-06-20
V010381,DEL050,MED1241,2025-06-20
V011245,DEL046,MED1369,2025-06-20
V011248,DEL046,MED1369,2025-06-20
V012402,DEL009,MED1491,2025-06-20
V012581,DEL020,MED1503,2025-06-20
V013100,DEL024,MED1563,2025-06-20
V013596,DEL045,MED1601,2025-06-20
V013812,DEL038,MED1621,2025-06-20
V014241,DEL035,MED1670,2025-06-20
V014810,DEL016,MED1720,2025-06-20
V000446,DEL046,MED0056,2025-06-21
V000905,DEL049,MED0108,2025-06-21
V001036,DEL008,MED0125,2025-06-21
V002089,DEL008,MED0269,2025-06-21
V003853,DEL003,MED0467,2025-06-21
V004073,DEL006,MED0496,2025-06-21
V004678,DEL018,MED0573,2025-06-21
V005165,DEL010,MED0647,2025-06-21
V005416,DEL046,MED0674,2025-06-21
V006389,DEL006,MED0786,2025-06-21
V007286,DEL043,MED0895,2025-06-21
V007292,DEL043,MED0895,2025-06-21
V007844,DEL015,MED0970,2025-06-21
V008041,DEL044,MED0989,2025-06-21
V010645,DEL048,MED1284,2025-06-21
V012075,DEL031,MED1449,2025-06-21
V015782,DEL025,MED1842,2025-06-21
V015933,DEL050,MED1860,2025-06-21
V016502,DEL002,MED1944,2025-06-21
V000691,DEL013,MED0080,2025-06-22
V000977,DEL008,MED0114,2025-06-22
V001197,DEL009,MED0144,2025-06-22
V001815,DEL050,MED0220,2025-06-22
V002061,DEL011,MED0264,2025-06-22
V002342,DEL036,MED0298,2025-06-22
V003178,DEL018,MED0388,2025-06-22
V004468,DEL029,MED0547,2025-06-22
V005252,DEL004,MED0661,2025-06-22
V006544,DEL028,MED0803,2025-06-22
V006682,DEL039,MED0819,2025-06-22
V006777,DEL044,MED0836,2025-06-22
V007012,DEL025,MED0865,2025-06-22
V007255,DEL014,MED0893,2025-06-22
V007291,DEL043,MED0895,2025-06-22
V007697,DEL006,MED0957,2025-06-22
V007805,DEL024,MED0968,2025-06-22
V008114,DEL047,MED0993,2025-06-22
V009559,DEL011,MED1164,2025-06-22
V010115,DEL005,MED1208,2025-06-22
V010221,DEL017,MED1221,2025-06-22
V010389,DEL013,MED1242,2025-06-22
V011243,DEL046,MED1369,2025-06-22
V011482,DEL049,MED1399,2025-06-22
V011942,DEL014,MED1439,2025-06-22
V012736,DEL002,MED1521,2025-06-22
V012777,DEL042,MED1526,2025-06-22
V012909,DEL049,MED1542,2025-06-22
V013087,DEL024,MED1563,2025-06-22
V013194,DEL011,MED1572,2025-06-22
V013550,DEL049,MED1600,2025-06-22
V014169,DEL029,MED1655,2025-06-22
V014219,DEL041,MED1663,2025-06-22
V014607,DEL020,MED1700,2025-06-22
V015446,DEL020,MED1797,2025-06-22
V015787,DEL022,MED1843,2025-06-22
V016181,DEL025,MED1891,2025-06-22
V016684,DEL047,MED1962,2025-06-22
V000388,DEL011,MED0049,2025-06-23
V000480,DEL002,MED0058,2025-06-23
V000557,DEL038,MED0063,2025-06-23
V001503,DEL046,MED0183,2025-06-23
V002051,DEL035,MED0259,2025-06-23
V003975,DEL040,MED0480,2025-06-23
V004174,DEL017,MED0517,2025-06-23
V006076,DEL013,MED0748,2025-06-23
V008361,DEL015,MED1024,2025-06-23
V008951,DEL006,MED1087,2025-06-23
V011543,DEL022,MED1405,2025-06-23
V012354,DEL009,MED1483,2025-06-23
V012727,DEL002,MED1521,2025-06-23
V012737,DEL002,MED1521,2025-06-23
V013704,DEL010,MED1615,2025-06-23
V013880,DEL024,MED1624,2025-06-23
V014645,DEL010,MED1703,2025-06-23
V015155,DEL035,MED1769,2025-06-23
V015172,DEL035,MED1769,2025-06-23
V015751,DEL042,MED1840,2025-06-23
V015938,DEL050,MED1860,2025-06-23
V015940,DEL050,MED1860,2025-06-23
V016286,DEL034,MED1903,2025-06-23
V001102,DEL009,MED0130,2025-06-24
V003381,DEL023,MED0408,2025-06-24
V003427,DEL020,MED0422,2025-06-24
V003693,DEL013,MED0450,2025-06-24
V003931,DEL007,MED0475,2025-06-24
V005297,DEL050,MED0665,2025-06-24
V006315,DEL021,MED0769,2025-06-24
V006499,DEL019,MED0797,2025-06-24
V006692,DEL016,MED0821,2025-06-24
V007444,DEL044,MED0910,2025-06-24
V007582,DEL032,MED0934,2025-06-24
V008299,DEL033,MED1013,2025-06-24
V008890,DEL009,MED1079,2025-06-24
V009100,DEL020,MED1098,2025-06-24
V009162,DEL036,MED1102,2025-06-24
V009433,DEL038,MED1138,2025-06-24
V009554,DEL033,MED1162,2025-06-24
V009831,DEL047,MED1186,2025-06-24
V010894,DEL010,MED1326,2025-06-24
V011146,DEL015,MED1365,2025-06-24
V011327,DEL027,MED1382,2025-06-24
V012329,DEL042,MED1476,2025-06-24
V012653,DEL016,MED1517,2025-06-24
V013094,DEL024,MED1563,2025-06-24
V013353,DEL033,MED1586,2025-06-24
V013969,DEL003,MED1632,2025-06-24
V014271,DEL026,MED1673,2025-06-24
V014411,DEL022,MED1681,2025-06-24
V014791,DEL046,MED1718,2025-06-24
V001466,DEL020,MED0173,2025-06-25
V001872,DEL029,MED0227,2025-06-25
V002841,DEL041,MED0355,2025-06-25
V002996,DEL001,MED0374,2025-06-25
V003867,DEL003,MED0467,2025-06-25
V005244,DEL004,MED0661,2025-06-25
V005547,DEL033,MED0689,2025-06-25
V006042,DEL026,MED0745,2025-06-25
V006435,DEL029,MED0792,2025-06-25
V006676,DEL039,MED0819,2025-06-25
V008894,DEL009,MED1079,2025-06-25
V009517,DEL031,MED1157,2025-06-25
V009807,DEL048,MED1185,2025-06-25
V010347,DEL037,MED1240,2025-06-25
V010463,DEL025,MED1249,2025-06-25
V011291,DEL042,MED1374,2025-06-25
V011540,DEL022,MED1405,2025-06-25
V013236,DEL013,MED1575,2025-06-25
V013240,DEL013,MED1575,2025-06-25
V013418,DEL027,MED1589,2025-06-25
V013510,DEL042,MED1595,2025-06-25
V015887,DEL006,MED1855,2025-06-25
V016043,DEL017,MED1875,2025-06-25
V016582,DEL046,MED1952,2025-06-25
V016738,DEL005,MED1973,2025-06-25
V016803,DEL011,MED1977,2025-06-25
V001172,DEL011,MED0137,2025-06-26
V001274,DEL017,MED0149,2025-06-26
V001533,DEL031,MED0190,2025-06-26
V002371,DEL034,MED0301,2025-06-26
V002447,DEL021,MED0309,2025-06-26
V002458,DEL025,MED0311,2025-06-26
V005617,DEL011,MED0700,2025-06-26
V006188,DEL019,MED0753,2025-06-26
V006250,DEL042,MED0761,2025-06-26
V006962,DEL014,MED0861,2025-06-26
V007710,DEL038,MED0958,2025-06-26
V008045,DEL008,MED0990,2025-06-26
V009338,DEL007,MED1119,2025-06-26
V010498,DEL043,MED1260,2025-06-26
V010758,DEL013,MED1304,2025-06-26
V011090,DEL031,MED1359,2025-06-26
V012175,DEL038,MED1459,2025-06-26
V013232,DEL013,MED1575,2025-06-26
V014943,DEL034,MED1746,2025-06-26
V015820,DEL020,MED1850,2025-06-26
V000290,DEL018,MED0040,2025-06-27
V000687,DEL013,MED0080,2025-06-27
V001452,DEL041,MED0168,2025-06-27
V002082,DEL008,MED0269,2025-06-27
V002335,DEL036,MED0298,2025-06-27
V002505,DEL034,MED0319,2025-06-27
V003142,DEL033,MED0387,2025-06-27
V003346,DEL049,MED0407,2025-06-27
V003497,DEL014,MED0431,2025-06-27
V003871,DEL025,MED0469,2025-06-27
V005673,DEL018,MED0703,2025-06-27
V005919,DEL029,MED0729,2025-06-27
V008173,DEL045,MED1000,2025-06-27
V009158,DEL036,MED1102,2025-06-27
V009205,DEL030,MED1104,2025-06-27
V009862,DEL018,MED1187,2025-06-27
V010967,DEL026,MED1338,2025-06-27
V011683,DEL046,MED1419,2025-06-27
V011703,DEL021,MED1423,2025-06-27
V011788,DEL048,MED1430,2025-06-27
V012443,DEL003,MED1492,2025-06-27
V013668,DEL019,MED1613,2025-06-27
V014139,DEL004,MED1649,2025-06-27
V014818,DEL016,MED1720,2025-06-27
V015214,DEL024,MED1775,2025-06-27
V016440,DEL026,MED1936,2025-06-27
V016551,DEL011,MED1948,2025-06-27
V000573,DEL021,MED0067,2025-06-28
V000771,DEL024,MED0090,2025-06-28
V001747,DEL010,MED0212,2025-06-28
V001972,DEL033,MED0245,2025-06-28
V002097,DEL041,MED0271,2025-06-28
V003127,DEL002,MED0386,2025-06-28
V003272,DEL029,MED0402,2025-06-28
V003855,DEL003,MED0467,2025-06-28
V004094,DEL017,MED0500,2025-06-28
V006877,DEL023,MED0846,2025-06-28
V006881,DEL023,MED0846,2025-06-28
V006947,DEL006,MED0859,2025-06-28
V008811,DEL042,MED1075,2025-06-28
V009957,DEL013,MED1194,2025-06-28
V009961,DEL013,MED1194,2025-06-28
V010097,DEL030,MED1206,2025-06-28
V010995,DEL001,MED1347,2025-06-28
V011091,DEL031,MED1359,2025-06-28
V012180,DEL038,MED1459,2025-06-28
V014678,DEL004,MED1705,2025-06-28
V015676,DEL044,MED1825,2025-06-28
V016887,DEL033,MED1996,2025-06-28
V000154,DEL020,MED0022,2025-07-01
V000577,DEL021,MED0067,2025-07-01
V001168,DEL011,MED0137,2025-07-01
V001482,DEL045,MED0176,2025-07-01
V002422,DEL010,MED0308,2025-07-01
V003236,DEL023,MED0398,2025-07-01
V003936,DEL007,MED0475,2025-07-01
V005090,DEL002,MED0630,2025-07-01
V005354,DEL011,MED0671,2025-07-01
V005833,DEL010,MED0720,2025-07-01
V007568,DEL040,MED0931,2025-07-01
V007651,DEL006,MED0952,2025-07-01
V007744,DEL021,MED0963,2025-07-01
V009037,DEL035,MED1091,2025-07-01
V009076,DEL006,MED1096,2025-07-01
V009271,DEL024,MED1111,2025-07-01
V009300,DEL026,MED1113,2025-07-01
V010563,DEL039,MED1272,2025-07-01
V011060,DEL038,MED1358,2025-07-01
V011923,DEL036,MED1438,2025-07-01
V013775,DEL032,MED1620,2025-07-01
V014983,DEL012,MED1749,2025-07-01
V015003,DEL048,MED1753,2025-07-01
V016016,DEL011,MED1874,2025-07-01
V001689,DEL034,MED0206,2025-07-02
V001777,DEL035,MED0215,2025-07-02
V001889,DEL021,MED0229,2025-07-02
V001992,DEL004,MED0246,2025-07-02
V002904,DEL002,MED0363,2025-07-02
V003041,DEL007,MED0381,2025-07-02
V003667,DEL043,MED0447,2025-07-02
V004448,DEL037,MED0544,2025-07-02
V006667,DEL033,MED0818,2025-07-02
V007555,DEL026,MED0930,2025-07-02
V014127,DEL004,MED1649,2025-07-02
V014816,DEL016,MED1720,2025-07-02
V015166,DEL035,MED1769,2025-07-02
V015845,DEL011,MED1853,2025-07-02
V016305,DEL037,MED1907,2025-07-02
V016737,DEL005,MED1973,2025-07-02
V000157,DEL020,MED0022,2025-07-03
V000192,DEL047,MED0028,2025-07-03
V002868,DEL050,MED0356,2025-07-03
V003121,DEL002,MED0386,2025-07-03
V004075,DEL006,MED0496,2025-07-03
V004130,DEL047,MED0510,2025-07-03
V004446,DEL037,MED0544,2025-07-03
V005466,DEL029,MED0680,2025-07-03
V006231,DEL013,MED0758,2025-07-03
V006506,DEL017,MED0800,2025-07-03
V007960,DEL041,MED0978,2025-07-03
V008864,DEL049,MED1077,2025-07-03
V008941,DEL006,MED1087,2025-07-03
V009538,DEL023,MED1161,2025-07-03
V009746,DEL034,MED1179,2025-07-03
V010213,DEL017,MED1221,2025-07-03
V010644,DEL048,MED1284,2025-07-03
V011296,DEL042,MED1374,2025-07-03
V011473,DEL049,MED1399,2025-07-03
V011634,DEL036,MED1418,2025-07-03
V011956,DEL033,MED1440,2025-07-03
V012181,DEL038,MED1459,2025-07-03
V012912,DEL049,MED1542,2025-07-03
V014022,DEL044,MED1638,2025-07-03
V014352,DEL031,MED1676,2025-07-03
V015174,DEL035,MED1769,2025-07-03
V015339,DEL035,MED1783,2025-07-03
V015834,DEL038,MED1852,2025-07-03
V016564,DEL046,MED1950,2025-07-03
V000072,DEL006,MED0014,2025-07-04
V000093,DEL042,MED0017,2025-07-04
V002551,DEL008,MED0323,2025-07-04
V002935,DEL023,MED0366,2025-07-04
V003502,DEL014,MED0431,2025-07-04
V003592,DEL036,MED0441,2025-07-04
V005108,DEL039,MED0636,2025-07-04
V007215,DEL026,MED0887,2025-07-04
V008146,DEL019,MED0997,2025-07-04
V008260,DEL036,MED1006,2025-07-04
V008652,DEL039,MED1056,2025-07-04
V008936,DEL006,MED1087,2025-07-04
V009390,DEL013,MED1129,2025-07-04
V009874,DEL018,MED1187,2025-07-04
V009927,DEL041,MED1193,2025-07-04
V010617,DEL048,MED1282,2025-07-04
V011610,DEL045,MED1414,2025-07-04
V012992,DEL042,MED1552,2025-07-04
V013733,DEL010,MED1616,2025-07-04
V014772,DEL048,MED1717,2025-07-04
V014988,DEL012,MED1749,2025-07-04
V015212,DEL024,MED1775,2025-07-04
V016362,DEL016,MED1923,2025-07-04
V016853,DEL001,MED1984,2025-07-04
V001539,DEL031,MED0190,2025-07-05
V001648,DEL019,MED0200,2025-07-05
V002123,DEL013,MED0272,2025-07-05
V002203,DEL024,MED0283,2025-07-05
V002395,DEL042,MED0305,2025-07-05
V002535,DEL048,MED0321,2025-07-05
V003092,DEL013,MED0383,2025-07-05
V003297,DEL011,MED0404,2025-07-05
V004176,DEL017,MED0517,2025-07-05
V005021,DEL006,MED0622,2025-07-05
V005461,DEL029,MED0680,2025-07-05
V005968,DEL018,MED0730,2025-07-05
V006374,DEL017,MED0784,2025-07-05
V006827,DEL017,MED0842,2025-07-05
V007492,DEL030,MED0922,2025-07-05
V007775,DEL049,MED0964,2025-07-05
V008525,DEL033,MED1041,2025-07-05
V008763,DEL049,MED1071,2025-07-05
V009714,DEL033,MED1177,2025-07-05
V009748,DEL034,MED1179,2025-07-05
V009813,DEL048,MED1185,2025-07-05
V010462,DEL025,MED1249,2025-07-05
V010535,DEL020,MED1268,2025-07-05
V011196,DEL034,MED1367,2025-07-05
V012808,DEL033,MED1537,2025-07-05
V013839,DEL016,MED1623,2025-07-05
V014936,DEL034,MED1746,2025-07-05
V015546,DEL038,MED1808,2025-07-05
V016367,DEL050,MED1924,2025-07-05
V016726,DEL005,MED1973,2025-07-05
V016761,DEL010,MED1974,2025-07-05
V000551,DEL038,MED0063,2025-07-06
V000907,DEL049,MED0108,2025-07-06
V002045,DEL039,MED0258,2025-07-06
V002483,DEL008,MED0315,2025-07-06
V003139,DEL033,MED0387,2025-07-06
V004069,DEL006,MED0496,2025-07-06
V005149,DEL019,MED0642,2025-07-06
V005417,DEL046,MED0674,2025-07-06
V005929,DEL029,MED0729,2025-07-06
V007504,DEL034,MED0923,2025-07-06
V007624,DEL026,MED0947,2025-07-06
V008226,DEL022,MED1002,2025-07-06
V008512,DEL033,MED1041,2025-07-06
V008597,DEL033,MED1046,2025-07-06
V009004,DEL021,MED1090,2025-07-06
V009190,DEL039,MED1103,2025-07-06
V009745,DEL034,MED1179,2025-07-06
V011370,DEL013,MED1385,2025-07-06
V012205,DEL036,MED1461,2025-07-06
V013739,DEL010,MED1616,2025-07-06
V014396,DEL043,MED1678,2025-07-06
V014488,DEL048,MED1692,2025-07-06
V015651,DEL011,MED1820,2025-07-06
V016552,DEL011,MED1948,2025-07-06
V000146,DEL020,MED0022,2025-07-07
V000378,DEL016,MED0048,2025-07-07
V001085,DEL028,MED0128,2025-07-07
V001185,DEL036,MED0142,2025-07-07
V001253,DEL033,MED0147,2025-07-07
V001756,DEL016,MED0214,2025-07-07
V002532,DEL048,MED0321,2025-07-07
V002584,DEL014,MED0329,2025-07-07
V002873,DEL050,MED0356,2025-07-07
V002925,DEL019,MED0365,2025-07-07
V004103,DEL024,MED0504,2025-07-07
V004461,DEL029,MED0547,2025-07-07
V005209,DEL028,MED0651,2025-07-07
V005926,DEL029,MED0729,2025-07-07
V006260,DEL015,MED0764,2025-07-07
V006681,DEL039,MED0819,2025-07-07
V007252,DEL014,MED0893,2025-07-07
V007455,DEL028,MED0915,2025-07-07
V007540,DEL030,MED0926,2025-07-07
V007815,DEL006,MED0969,2025-07-07
V008139,DEL014,MED0995,2025-07-07
V008589,DEL033,MED1046,2025-07-07
V009201,DEL030,MED1104,2025-07-07
V010069,DEL038,MED1202,2025-07-07
V010188,DEL034,MED1220,2025-07-07
V010537,DEL020,MED1268,2025-07-07
V012191,DEL038,MED1459,2025-07-07
V013881,DEL024,MED1624,2025-07-07
V013923,DEL013,MED1631,2025-07-07
V014512,DEL016,MED1693,2025-07-07
V015448,DEL020,MED1797,2025-07-07
V015540,DEL038,MED1808,2025-07-07
V015745,DEL037,MED1838,2025-07-07
V015815,DEL021,MED1849,2025-07-07
V000179,DEL033,MED0025,2025-07-08
V000188,DEL030,MED0027,2025-07-08
V001569,DEL048,MED0191,2025-07-08
V001779,DEL035,MED0215,2025-07-08
V002320,DEL042,MED0297,2025-07-08
V002526,DEL048,MED0321,2025-07-08
V003120,DEL002,MED0386,2025-07-08
V003289,DEL011,MED0404,2025-07-08
V004026,DEL019,MED0488,2025-07-08
V004044,DEL028,MED0494,2025-07-08
V004498,DEL010,MED0553,2025-07-08
V005016,DEL006,MED0622,2025-07-08
V005152,DEL019,MED0642,2025-07-08
V005207,DEL028,MED0651,2025-07-08
V005781,DEL014,MED0714,2025-07-08
V006417,DEL003,MED0789,2025-07-08
V008298,DEL033,MED1013,2025-07-08
V008386,DEL030,MED1029,2025-07-08
V008954,DEL006,MED1087,2025-07-08
V009168,DEL036,MED1102,2025-07-08
V009647,DEL022,MED1170,2025-07-08
V009771,DEL014,MED1181,2025-07-08
V010951,DEL037,MED1334,2025-07-08
V011477,DEL049,MED1399,2025-07-08
V012458,DEL022,MED1493,2025-07-08
V013012,DEL019,MED1556,2025-07-08
V013308,DEL017,MED1584,2025-07-08
V013369,DEL015,MED1587,2025-07-08
V015399,DEL027,MED1793,2025-07-08
V016503,DEL002,MED1944,2025-07-08
V000766,DEL024,MED0090,2025-07-09
V000838,DEL019,MED0102,2025-07-09
V001422,DEL041,MED0165,2025-07-09
V001620,DEL014,MED0197,2025-07-09
V001732,DEL040,MED0210,2025-07-09
V002020,DEL019,MED0250,2025-07-09
V002068,DEL001,MED0266,2025-07-09
V002087,DEL008,MED0269,2025-07-09
V003307,DEL011,MED0404,2025-07-09
V004467,DEL029,MED0547,2025-07-09
V004767,DEL026,MED0581,2025-07-09
V004949,DEL035,MED0614,2025-07-09
V005420,DEL046,MED0674,2025-07-09
V005508,DEL005,MED0686,2025-07-09
V005509,DEL005,MED0686,2025-07-09
V006847,DEL006,MED0845,2025-07-09
V008960,DEL038,MED1088,2025-07-09
V009036,DEL035,MED1091,2025-07-09
V009088,DEL006,MED1096,2025-07-09
V009207,DEL004,MED1105,2025-07-09
V011244,DEL046,MED1369,2025-07-09
V011392,DEL042,MED1389,2025-07-09
V011775,DEL048,MED1430,2025-07-09
V011884,DEL033,MED1436,2025-07-09
V012621,DEL011,MED1513,2025-07-09
V013698,DEL010,MED1615,2025-07-09
V014015,DEL043,MED1635,2025-07-09
V014081,DEL026,MED1645,2025-07-09
V014121,DEL004,MED1649,2025-07-09
V014201,DEL034,MED1659,2025-07-09
V014209,DEL029,MED1661,2025-07-09
V000054,DEL012,MED0011,2025-07-10
V000839,DEL019,MED0102,2025-07-10
V002716,DEL030,MED0342,2025-07-10
V004220,DEL048,MED0525,2025-07-10
V005012,DEL006,MED0622,2025-07-10
V009059,DEL042,MED1094,2025-07-10
V009953,DEL013,MED1194,2025-07-10
V012565,DEL020,MED1503,2025-07-10
V012722,DEL002,MED1521,2025-07-10
V012728,DEL002,MED1521,2025-07-10
V014130,DEL004,MED1649,2025-07-10
V015469,DEL043,MED1801,2025-07-10
V016626,DEL012,MED1955,2025-07-10
V000225,DEL010,MED0035,2025-07-11
V000690,DEL013,MED0080,2025-07-11
V001175,DEL011,MED0137,2025-07-11
V001654,DEL035,MED0201,2025-07-11
V002575,DEL023,MED0327,2025-07-11
V002678,DEL008,MED0341,2025-07-11
V002890,DEL019,MED0359,2025-07-11
V003808,DEL003,MED0460,2025-07-11
V004459,DEL029,MED0547,2025-07-11
V004580,DEL026,MED0560,2025-07-11
V005303,DEL050,MED0665,2025-07-11
V005704,DEL044,MED0707,2025-07-11
V005980,DEL048,MED0732,2025-07-11
V006120,DEL046,MED0750,2025-07-11
V006548,DEL028,MED0803,2025-07-11
V007803,DEL024,MED0968,2025-07-11
V008004,DEL023,MED0983,2025-07-11
V008179,DEL045,MED1000,2025-07-11
V008262,DEL036,MED1006,2025-07-11
V010183,DEL034,MED1220,2025-07-11
V010457,DEL043,MED1248,2025-07-11
V010581,DEL023,MED1275,2025-07-11
V011143,DEL015,MED1365,2025-07-11
V011478,DEL049,MED1399,2025-07-11
V012024,DEL014,MED1447,2025-07-11
V013364,DEL015,MED1587,2025-07-11
V013594,DEL045,MED1601,2025-07-11
V016257,DEL040,MED1900,2025-07-11
V016496,DEL002,MED1944,2025-07-11
V016801,DEL011,MED1977,2025-07-11
V000779,DEL048,MED0092,2025-07-12
V002008,DEL002,MED0247,2025-07-12
V002343,DEL036,MED0298,2025-07-12
V002966,DEL010,MED0368,2025-07-12
V003113,DEL002,MED0386,2025-07-12
V003144,DEL033,MED0387,2025-07-12
V003235,DEL023,MED0398,2025-07-12
V003377,DEL023,MED0408,2025-07-12
V004739,DEL011,MED0580,2025-07-12
V005103,DEL022,MED0635,2025-07-12
V006803,DEL031,MED0837,2025-07-12
V006905,DEL049,MED0852,2025-07-12
V008245,DEL035,MED1005,2025-07-12
V009087,DEL006,MED1096,2025-07-12
V009912,DEL041,MED1193,2025-07-12
V011147,DEL015,MED1365,2025-07-12
V011901,DEL019,MED1437,2025-07-12
V012543,DEL011,MED1501,2025-07-12
V013900,DEL047,MED1628,2025-07-12
V014780,DEL048,MED1717,2025-07-12
V015176,DEL035,MED1769,2025-07-12
V015476,DEL037,MED1803,2025-07-12
V015569,DEL041,MED1809,2025-07-12
V015854,DEL026,MED1854,2025-07-12
V016694,DEL015,MED1968,2025-07-12
V000191,DEL030,MED0027,2025-07-13
V000387,DEL011,MED0049,2025-07-13
V000670,DEL001,MED0076,2025-07-13
V001309,DEL024,MED0157,2025-07-13
V001685,DEL034,MED0206,2025-07-13
V001885,DEL021,MED0229,2025-07-13
V003988,DEL016,MED0483,2025-07-13
V004068,DEL006,MED0496,2025-07-13
V004327,DEL027,MED0532,2025-07-13
V004685,DEL018,MED0573,2025-07-13
V007688,DEL029,MED0955,2025-07-13
V007811,DEL024,MED0968,2025-07-13
V008258,DEL036,MED1006,2025-07-13
V008466,DEL040,MED1036,2025-07-13
V008473,DEL040,MED1036,2025-07-13
V008495,DEL010,MED1038,2025-07-13
V009524,DEL011,MED1158,2025-07-13
V009837,DEL047,MED1186,2025-07-13
V009924,DEL041,MED1193,2025-07-13
V011852,DEL044,MED1435,2025-07-13
V013083,DEL024,MED1563,2025-07-13
V013557,DEL049,MED1600,2025-07-13
V013655,DEL032,MED1609,2025-07-13
V014296,DEL002,MED1674,2025-07-13
V014511,DEL016,MED1693,2025-07-13
V016040,DEL017,MED1875,2025-07-13
V016498,DEL002,MED1944,2025-07-13
V016523,DEL021,MED1945,2025-07-13
V016593,DEL041,MED1954,2025-07-13
V000152,DEL020,MED0022,2025-07-14
V000406,DEL018,MED0050,2025-07-14
V002247,DEL007,MED0287,2025-07-14
V002806,DEL018,MED0353,2025-07-14
V003029,DEL044,MED0377,2025-07-14
V003086,DEL013,MED0383,2025-07-14
V004402,DEL007,MED0542,2025-07-14
V004778,DEL003,MED0583,2025-07-14
V004981,DEL004,MED0619,2025-07-14
V006623,DEL002,MED0817,2025-07-14
V007283,DEL043,MED0895,2025-07-14
V008993,DEL021,MED1090,2025-07-14
V009790,DEL023,MED1183,2025-07-14
V010101,DEL030,MED1206,2025-07-14
V010429,DEL032,MED1244,2025-07-14
V010454,DEL043,MED1248,2025-07-14
V011439,DEL048,MED1395,2025-07-14
V011674,DEL046,MED1419,2025-07-14
V011895,DEL019,MED1437,2025-07-14
V011900,DEL019,MED1437,2025-07-14
V012408,DEL009,MED1491,2025-07-14
V012517,DEL004,MED1500,2025-07-14
V012738,DEL002,MED1521,2025-07-14
V013783,DEL032,MED1620,2025-07-14
V014912,DEL001,MED1744,2025-07-14
V015128,DEL023,MED1768,2025-07-14
V015267,DEL039,MED1778,2025-07-14
V015547,DEL038,MED1808,2025-07-14
V015716,DEL049,MED1835,2025-07-14
V016577,DEL039,MED1951,2025-07-14
V016799,DEL011,MED1977,2025-07-14
V001593,DEL030,MED0193,2025-07-15
V001809,DEL050,MED0220,2025-07-15
V002599,DEL047,MED0332,2025-07-15
V004447,DEL037,MED0544,2025-07-15
V005198,DEL039,MED0650,2025-07-15
V005538,DEL008,MED0688,2025-07-15
V006866,DEL023,MED0846,2025-07-15
V007059,DEL029,MED0868,2025-07-15
V007367,DEL038,MED0902,2025-07-15
V007579,DEL032,MED0934,2025-07-15
V008102,DEL047,MED0993,2025-07-15
V008617,DEL020,MED1049,2025-07-15
V008852,DEL023,MED1076,2025-07-15
V009357,DEL009,MED1122,2025-07-15
V009791,DEL023,MED1183,2025-07-15
V009913,DEL041,MED1193,2025-07-15
V011469,DEL049,MED1399,2025-07-15
V011621,DEL003,MED1415,2025-07-15
V013092,DEL024,MED1563,2025-07-15
V013559,DEL049,MED1600,2025-07-15
V014364,DEL031,MED1676,2025-07-15
V001303,DEL024,MED0157,2025-07-16
V002834,DEL039,MED0354,2025-07-16
V003055,DEL049,MED0382,2025-07-16
V003756,DEL034,MED0456,2025-07-16
V007055,DEL029,MED0868,2025-07-16
V008068,DEL012,MED0991,2025-07-16
V009619,DEL001,MED1169,2025-07-16
V010054,DEL033,MED1200,2025-07-16
V011488,DEL034,MED1400,2025-07-16
V011671,DEL046,MED1419,2025-07-16
V012344,DEL015,MED1480,2025-07-16
V012440,DEL003,MED1492,2025-07-16
V012694,DEL036,MED1520,2025-07-16
V012906,DEL049,MED1542,2025-07-16
V014082,DEL026,MED1645,2025-07-16
V014101,DEL030,MED1647,2025-07-16
V014460,DEL011,MED1687,2025-07-16
V014908,DEL008,MED1743,2025-07-16
V015449,DEL020,MED1797,2025-07-16
V015891,DEL006,MED1855,2025-07-16
V016006,DEL033,MED1872,2025-07-16
V016019,DEL011,MED1874,2025-07-16
V016495,DEL002,MED1944,2025-07-16
V016755,DEL010,MED1974,2025-07-16
V016811,DEL015,MED1978,2025-07-16
V000309,DEL049,MED0042,2025-07-17
V001048,DEL008,MED0125,2025-07-17
V002639,DEL019,MED0340,2025-07-17
V003829,DEL038,MED0466,2025-07-17
V003927,DEL007,MED0475,2025-07-17
V005437,DEL014,MED0678,2025-07-17
V005489,DEL010,MED0683,2025-07-17
V006870,DEL023,MED0846,2025-07-17
V007918,DEL045,MED0973,2025-07-17
V008261,DEL036,MED1006,2025-07-17
V009267,DEL024,MED1111,2025-07-17
V009735,DEL034,MED1179,2025-07-17
V009870,DEL018,MED1187,2025-07-17
V011161,DEL001,MED1366,2025-07-17
V011612,DEL045,MED1414,2025-07-17
V011740,DEL001,MED1424,2025-07-17
V012235,DEL041,MED1464,2025-07-17
V013427,DEL049,MED1590,2025-07-17
V014653,DEL010,MED1703,2025-07-17
V014812,DEL016,MED1720,2025-07-17
V015168,DEL035,MED1769,2025-07-17
V015315,DEL018,MED1779,2025-07-17
V015336,DEL035,MED1783,2025-07-17
V015480,DEL017,MED1804,2025-07-17
V016010,DEL033,MED1872,2025-07-17
V016058,DEL017,MED1875,2025-07-17
V016315,DEL025,MED1910,2025-07-17
V016522,DEL021,MED1945,2025-07-17
V000744,DEL043,MED0085,2025-07-18
V001039,DEL008,MED0125,2025-07-18
V001496,DEL008,MED0181,2025-07-18
V001618,DEL014,MED0197,2025-07-18
V002752,DEL008,MED0345,2025-07-18
V003012,DEL008,MED0375,2025-07-18
V003221,DEL019,MED0396,2025-07-18
V003336,DEL050,MED0406,2025-07-18
V003971,DEL040,MED0480,2025-07-18
V004435,DEL018,MED0543,2025-07-18
V004566,DEL003,MED0558,2025-07-18
V004874,DEL043,MED0599,2025-07-18
V006029,DEL030,MED0739,2025-07-18
V006944,DEL006,MED0859,2025-07-18
V007134,DEL033,MED0881,2025-07-18
V007243,DEL041,MED0892,2025-07-18
V007301,DEL043,MED0895,2025-07-18
V007543,DEL030,MED0926,2025-07-18
V007598,DEL043,MED0941,2025-07-18
V008734,DEL005,MED1067,2025-07-18
V009449,DEL032,MED1140,2025-07-18
V010137,DEL033,MED1213,2025-07-18
V010936,DEL037,MED1334,2025-07-18
V010986,DEL024,MED1342,2025-07-18
V011745,DEL036,MED1427,2025-07-18
V014199,DEL011,MED1658,2025-07-18
V014766,DEL048,MED1717,2025-07-18
V014987,DEL012,MED1749,2025-07-18
V015035,DEL049,MED1756,2025-07-18
V000348,DEL039,MED0047,2025-07-19
V000807,DEL041,MED0093,2025-07-19
V001929,DEL012,MED0236,2025-07-19
V002323,DEL042,MED0297,2025-07-19
V003076,DEL013,MED0383,2025-07-19
V003670,DEL043,MED0447,2025-07-19
V007214,DEL026,MED0887,2025-07-19
V007601,DEL043,MED0941,2025-07-19
V010294,DEL040,MED1232,2025-07-19
V010575,DEL023,MED1275,2025-07-19
V010805,DEL004,MED1308,2025-07-19
V010959,DEL028,MED1335,2025-07-19
V011239,DEL046,MED1369,2025-07-19
V012466,DEL023,MED1494,2025-07-19
V013026,DEL010,MED1558,2025-07-19
V013818,DEL007,MED1622,2025-07-19
V014681,DEL004,MED1705,2025-07-19
V014857,DEL022,MED1734,2025-07-19
V014991,DEL012,MED1749,2025-07-19
V015715,DEL049,MED1835,2025-07-19
V000922,DEL009,MED0110,2025-07-20
V000952,DEL021,MED0113,2025-07-20
V001748,DEL010,MED0212,2025-07-20
V001850,DEL008,MED0224,2025-07-20
V001969,DEL033,MED0245,2025-07-20
V002168,DEL037,MED0278,2025-07-20
V002805,DEL018,MED0353,2025-07-20
V003052,DEL049,MED0382,2025-07-20
V003079,DEL013,MED0383,2025-07-20
V003969,DEL040,MED0480,2025-07-20
V004330,DEL027,MED0532,2025-07-20
V004433,DEL018,MED0543,2025-07-20
V004779,DEL003,MED0583,2025-07-20
V004823,DEL034,MED0592,2025-07-20
V007109,DEL040,MED0879,2025-07-20
V007136,DEL033,MED0881,2025-07-20
V007786,DEL049,MED0964,2025-07-20
V008560,DEL015,MED1045,2025-07-20
V009713,DEL033,MED1177,2025-07-20
V010052,DEL033,MED1200,2025-07-20
V011042,DEL043,MED1356,2025-07-20
V011366,DEL013,MED1385,2025-07-20
V013098,DEL024,MED1563,2025-07-20
V014648,DEL010,MED1703,2025-07-20
V016851,DEL001,MED1984,2025-07-20
V000058,DEL012,MED0011,2025-07-21
V000317,DEL049,MED0042,2025-07-21
V000926,DEL048,MED0111,2025-07-21
V001339,DEL036,MED0158,2025-07-21
V001566,DEL048,MED0191,2025-07-21
V001893,DEL021,MED0229,2025-07-21
V002536,DEL048,MED0321,2025-07-21
V002919,DEL019,MED0365,2025-07-21
V003184,DEL018,MED0388,2025-07-21
V004393,DEL016,MED0540,2025-07-21
V005010,DEL006,MED0622,2025-07-21
V005392,DEL026,MED0673,2025-07-21
V008156,DEL028,MED0998,2025-07-21
V008287,DEL049,MED1011,2025-07-21
V008352,DEL011,MED1023,2025-07-21
V008559,DEL015,MED1045,2025-07-21
V008562,DEL015,MED1045,2025-07-21
V009581,DEL033,MED1165,2025-07-21
V009806,DEL048,MED1185,2025-07-21
V010050,DEL033,MED1200,2025-07-21
V011390,DEL016,MED1387,2025-07-21
V012410,DEL009,MED1491,2025-07-21
V012836,DEL006,MED1540,2025-07-21
V014863,DEL022,MED1734,2025-07-21
V016283,DEL049,MED1902,2025-07-21
V016824,DEL029,MED1979,2025-07-21
V000642,DEL039,MED0073,2025-07-22
V001281,DEL045,MED0156,2025-07-22
V001814,DEL050,MED0220,2025-07-22
V001966,DEL033,MED0245,2025-07-22
V002119,DEL013,MED0272,2025-07-22
V002554,DEL008,MED0323,2025-07-22
V004383,DEL016,MED0540,2025-07-22
V004677,DEL018,MED0573,2025-07-22
V005317,DEL036,MED0666,2025-07-22
V006457,DEL042,MED0794,2025-07-22
V007536,DEL030,MED0926,2025-07-22
V007647,DEL006,MED0952,2025-07-22
V007654,DEL006,MED0952,2025-07-22
V009620,DEL001,MED1169,2025-07-22
V009815,DEL048,MED1185,2025-07-22
V010421,DEL032,MED1244,2025-07-22
V010611,DEL010,MED1280,2025-07-22
V011041,DEL043,MED1356,2025-07-22
V013312,DEL017,MED1584,2025-07-22
V014517,DEL016,MED1693,2025-07-22
V016085,DEL001,MED1876,2025-07-22
V016754,DEL010,MED1974,2025-07-22
V016808,DEL011,MED1977,2025-07-22
V000067,DEL012,MED0011,2025-07-23
V000251,DEL024,MED0038,2025-07-23
V001058,DEL008,MED0125,2025-07-23
V001152,DEL033,MED0134,2025-07-23
V003011,DEL008,MED0375,2025-07-23
V003301,DEL011,MED0404,2025-07-23
V003582,DEL033,MED0439,2025-07-23
V004048,DEL006,MED0495,2025-07-23
V004093,DEL017,MED0500,2025-07-23
V004503,DEL017,MED0554,2025-07-23
V005698,DEL044,MED0707,2025-07-23
V005893,DEL047,MED0726,2025-07-23
V006440,DEL038,MED0793,2025-07-23
V008815,DEL042,MED1075,2025-07-23
V008999,DEL021,MED1090,2025-07-23
V009165,DEL036,MED1102,2025-07-23
V009462,DEL010,MED1143,2025-07-23
V009607,DEL047,MED1167,2025-07-23
V010217,DEL017,MED1221,2025-07-23
V012563,DEL020,MED1503,2025-07-23
V013522,DEL026,MED1596,2025-07-23
V013627,DEL012,MED1605,2025-07-23
V014042,DEL043,MED1641,2025-07-23
V014240,DEL035,MED1670,2025-07-23
V014254,DEL017,MED1672,2025-07-23
V014506,DEL016,MED1693,2025-07-23
V014805,DEL016,MED1720,2025-07-23
V015595,DEL035,MED1812,2025-07-23
V000412,DEL002,MED0051,2025-07-24
V000549,DEL038,MED0063,2025-07-24
V002344,DEL036,MED0298,2025-07-24
V002349,DEL036,MED0298,2025-07-24
V002496,DEL014,MED0317,2025-07-24
V002675,DEL008,MED0341,2025-07-24
V006148,DEL048,MED0751,2025-07-24
V006981,DEL019,MED0864,2025-07-24
V007528,DEL030,MED0926,2025-07-24
V007620,DEL006,MED0946,2025-07-24
V011164,DEL001,MED1366,2025-07-24
V011876,DEL033,MED1436,2025-07-24
V013774,DEL032,MED1620,2025-07-24
V014006,DEL018,MED1633,2025-07-24
V014249,DEL042,MED1671,2025-07-24
V014672,DEL004,MED1705,2025-07-24
V015124,DEL023,MED1768,2025-07-24
V015443,DEL020,MED1797,2025-07-24
V016093,DEL001,MED1876,2025-07-24
V000150,DEL020,MED0022,2025-07-25
V001394,DEL017,MED0163,2025-07-25
V001781,DEL035,MED0215,2025-07-25
V002244,DEL007,MED0287,2025-07-25
V003473,DEL025,MED0429,2025-07-25
V003729,DEL049,MED0452,2025-07-25
V005262,DEL004,MED0661,2025-07-25
V005858,DEL031,MED0725,2025-07-25
V006739,DEL006,MED0832,2025-07-25
V006820,DEL007,MED0839,2025-07-25
V009000,DEL021,MED1090,2025-07-25
V009584,DEL033,MED1165,2025-07-25
V009917,DEL041,MED1193,2025-07-25
V010122,DEL038,MED1209,2025-07-25
V010604,DEL010,MED1280,2025-07-25
V010643,DEL048,MED1284,2025-07-25
V011166,DEL001,MED1366,2025-07-25
V011541,DEL022,MED1405,2025-07-25
V013085,DEL024,MED1563,2025-07-25
V013167,DEL023,MED1569,2025-07-25
V013229,DEL013,MED1575,2025-07-25
V014606,DEL020,MED1700,2025-07-25
V015058,DEL049,MED1756,2025-07-25
V015613,DEL016,MED1817,2025-07-25
V000850,DEL032,MED0103,2025-07-26
V003044,DEL007,MED0381,2025-07-26
V003788,DEL014,MED0457,2025-07-26
V004084,DEL034,MED0497,2025-07-26
V005151,DEL019,MED0642,2025-07-26
V005263,DEL004,MED0661,2025-07-26
V005971,DEL018,MED0730,2025-07-26
V006686,DEL016,MED0821,2025-07-26
V006831,DEL045,MED0843,2025-07-26
V007923,DEL026,MED0974,2025-07-26
V008076,DEL012,MED0991,2025-07-26
V009220,DEL016,MED1107,2025-07-26
V009302,DEL026,MED1113,2025-07-26
V009722,DEL033,MED1177,2025-07-26
V010275,DEL038,MED1226,2025-07-26
V010886,DEL010,MED1326,2025-07-26
V011838,DEL044,MED1435,2025-07-26
V011839,DEL044,MED1435,2025-07-26
V012779,DEL042,MED1526,2025-07-26
V013411,DEL027,MED1589,2025-07-26
V013587,DEL045,MED1601,2025-07-26
V013888,DEL024,MED1624,2025-07-26
V013899,DEL047,MED1628,2025-07-26
V014122,DEL004,MED1649,2025-07-26
V014354,DEL031,MED1676,2025-07-26
V016298,DEL029,MED1906,2025-07-26
V016359,DEL016,MED1923,2025-07-26
V000051,DEL012,MED0011,2025-07-27
V000547,DEL038,MED0063,2025-07-27
V001919,DEL035,MED0233,2025-07-27
V003216,DEL019,MED0396,2025-07-27
V003370,DEL023,MED0408,2025-07-27
V003679,DEL026,MED0448,2025-07-27
V004716,DEL008,MED0576,2025-07-27
V004972,DEL004,MED0619,2025-07-27
V005089,DEL002,MED0630,2025-07-27
V005412,DEL046,MED0674,2025-07-27
V008567,DEL015,MED1045,2025-07-27
V009551,DEL033,MED1162,2025-07-27
V011167,DEL001,MED1366,2025-07-27
V012103,DEL022,MED1452,2025-07-27
V012446,DEL003,MED1492,2025-07-27
V012726,DEL002,MED1521,2025-07-27
V013119,DEL034,MED1564,2025-07-27
V013320,DEL017,MED1584,2025-07-27
V013554,DEL049,MED1600,2025-07-27
V013998,DEL018,MED1633,2025-07-27
V015272,DEL039,MED1778,2025-07-27
V015594,DEL035,MED1812,2025-07-27
V003080,DEL013,MED0383,2025-07-28
V003929,DEL007,MED0475,2025-07-28
V004440,DEL018,MED0543,2025-07-28
V004535,DEL047,MED0555,2025-07-28
V004818,DEL006,MED0588,2025-07-28
V005528,DEL050,MED0687,2025-07-28
V006318,DEL021,MED0769,2025-07-28
V006439,DEL038,MED0793,2025-07-28
V006810,DEL031,MED0837,2025-07-28
V007648,DEL006,MED0952,2025-07-28
V008568,DEL015,MED1045,2025-07-28
V008812,DEL042,MED1075,2025-07-28
V009427,DEL047,MED1137,2025-07-28
V009606,DEL047,MED1167,2025-07-28
V010590,DEL033,MED1277,2025-07-28
V011100,DEL047,MED1363,2025-07-28
V012147,DEL016,MED1456,2025-07-28
V013483,DEL018,MED1592,2025-07-28
V014715,DEL039,MED1714,2025-07-28
V016421,DEL025,MED1931,2025-07-28
V016468,DEL027,MED1942,2025-07-28
V002497,DEL014,MED0317,2025-08-01
V002684,DEL008,MED0341,2025-08-01
V002922,DEL019,MED0365,2025-08-01
V003403,DEL016,MED0415,2025-08-01
V004317,DEL027,MED0532,2025-08-01
V005167,DEL010,MED0647,2025-08-01
V005464,DEL029,MED0680,2025-08-01
V006555,DEL028,MED0803,2025-08-01
V009308,DEL005,MED1117,2025-08-01
V010224,DEL017,MED1221,2025-08-01
V010525,DEL048,MED1265,2025-08-01
V011850,DEL044,MED1435,2025-08-01
V012240,DEL041,MED1464,2025-08-01
V012579,DEL020,MED1503,2025-08-01
V014741,DEL017,MED1715,2025-08-01
V014975,DEL012,MED1749,2025-08-01
V015242,DEL031,MED1777,2025-08-01
V016547,DEL047,MED1947,2025-08-01
V016666,DEL001,MED1959,2025-08-01
V001629,DEL014,MED0197,2025-08-02
V002157,DEL024,MED0276,2025-08-02
V003133,DEL002,MED0386,2025-08-02
V003632,DEL018,MED0446,2025-08-02
V003856,DEL003,MED0467,2025-08-02
V004682,DEL018,MED0573,2025-08-02
V006329,DEL038,MED0771,2025-08-02
V006625,DEL002,MED0817,2025-08-02
V007046,DEL029,MED0868,2025-08-02
V007804,DEL024,MED0968,2025-08-02
V007857,DEL036,MED0971,2025-08-02
V008128,DEL049,MED0994,2025-08-02
V008526,DEL033,MED1041,2025-08-02
V008853,DEL023,MED1076,2025-08-02
V009169,DEL036,MED1102,2025-08-02
V010433,DEL032,MED1244,2025-08-02
V010751,DEL028,MED1303,2025-08-02
V011045,DEL043,MED1356,2025-08-02
V011331,DEL028,MED1383,2025-08-02
V011872,DEL033,MED1436,2025-08-02
V012875,DEL017,MED1541,2025-08-02
V013099,DEL024,MED1563,2025-08-02
V013259,DEL033,MED1579,2025-08-02
V013267,DEL030,MED1581,2025-08-02
V013381,DEL004,MED1588,2025-08-02
V013485,DEL018,MED1592,2025-08-02
V014200,DEL034,MED1659,2025-08-02
V014229,DEL032,MED1669,2025-08-02
V015213,DEL024,MED1775,2025-08-02
V015515,DEL010,MED1807,2025-08-02
V016656,DEL021,MED1958,2025-08-02
V016725,DEL005,MED1973,2025-08-02
V002686,DEL008,MED0341,2025-08-03
V002747,DEL008,MED0345,2025-08-03
V002877,DEL050,MED0356,2025-08-03
V003658,DEL043,MED0447,2025-08-03
V004696,DEL014,MED0574,2025-08-03
V005925,DEL029,MED0729,2025-08-03
V006006,DEL033,MED0734,2025-08-03
V006697,DEL009,MED0823,2025-08-03
V006959,DEL014,MED0861,2025-08-03
V007932,DEL031,MED0977,2025-08-03
V008294,DEL033,MED1013,2025-08-03
V008530,DEL033,MED1041,2025-08-03
V008822,DEL042,MED1075,2025-08-03
V008939,DEL006,MED1087,2025-08-03
V009035,DEL035,MED1091,2025-08-03
V009499,DEL011,MED1150,2025-08-03
V010096,DEL030,MED1206,2025-08-03
V010528,DEL017,MED1266,2025-08-03
V012486,DEL023,MED1497,2025-08-03
V013090,DEL024,MED1563,2025-08-03
V013582,DEL045,MED1601,2025-08-03
V015509,DEL010,MED1807,2025-08-03
V016348,DEL001,MED1915,2025-08-03
V016647,DEL021,MED1958,2025-08-03
V016907,DEL020,MED1998,2025-08-03
V000147,DEL020,MED0022,2025-08-04
V001387,DEL028,MED0162,2025-08-04
V001808,DEL050,MED0220,2025-08-04
V002140,DEL036,MED0273,2025-08-04
V002667,DEL008,MED0341,2025-08-04
V002992,DEL001,MED0374,2025-08-04
V003702,DEL026,MED0451,2025-08-04
V004039,DEL026,MED0492,2025-08-04
V004282,DEL005,MED0530,2025-08-04
V004764,DEL026,MED0581,2025-08-04
V005344,DEL045,MED0670,2025-08-04
V006830,DEL045,MED0843,2025-08-04
V007196,DEL003,MED0885,2025-08-04
V007258,DEL014,MED0893,2025-08-04
V007476,DEL034,MED0920,2025-08-04
V008595,DEL033,MED1046,2025-08-04
V009770,DEL014,MED1181,2025-08-04
V011731,DEL001,MED1424,2025-08-04
V011782,DEL048,MED1430,2025-08-04
V013020,DEL031,MED1557,2025-08-04
V013555,DEL049,MED1600,2025-08-04
V014136,DEL004,MED1649,2025-08-04
V015248,DEL031,MED1777,2025-08-04
V015643,DEL009,MED1818,2025-08-04
V015859,DEL026,MED1854,2025-08-04
V015999,DEL036,MED1870,2025-08-04
V000279,DEL018,MED0040,2025-08-05
V000331,DEL016,MED0043,2025-08-05
V000489,DEL002,MED0058,2025-08-05
V000507,DEL032,MED0060,2025-08-05
V001258,DEL012,MED0148,2025-08-05
V001559,DEL048,MED0191,2025-08-05
V001812,DEL050,MED0220,2025-08-05
V002600,DEL047,MED0332,2025-08-05
V005696,DEL044,MED0707,2025-08-05
V005965,DEL018,MED0730,2025-08-05
V008465,DEL040,MED1036,2025-08-05
V008719,DEL038,MED1065,2025-08-05
V008830,DEL042,MED1075,2025-08-05
V010752,DEL028,MED1303,2025-08-05
V011413,DEL001,MED1392,2025-08-05
V012870,DEL017,MED1541,2025-08-05
V013852,DEL016,MED1623,2025-08-05
V014937,DEL034,MED1746,2025-08-05
V015987,DEL034,MED1866,2025-08-05
V001990,DEL004,MED0246,2025-08-06
V002290,DEL014,MED0295,2025-08-06
V002346,DEL036,MED0298,2025-08-06
V003143,DEL033,MED0387,2025-08-06
V004388,DEL016,MED0540,2025-08-06
V004450,DEL050,MED0546,2025-08-06
V005047,DEL023,MED0623,2025-08-06
V006391,DEL006,MED0786,2025-08-06
V006552,DEL028,MED0803,2025-08-06
V006666,DEL033,MED0818,2025-08-06
V006807,DEL031,MED0837,2025-08-06
V007285,DEL043,MED0895,2025-08-06
V007413,DEL021,MED0908,2025-08-06
V011570,DEL028,MED1408,2025-08-06
V011840,DEL044,MED1435,2025-08-06
V012294,DEL026,MED1470,2025-08-06
V012841,DEL006,MED1540,2025-08-06
V015052,DEL049,MED1756,2025-08-06
V015542,DEL038,MED1808,2025-08-06
V016094,DEL001,MED1876,2025-08-06
V016699,DEL001,MED1970,2025-08-06
V016865,DEL048,MED1986,2025-08-06
V000122,DEL034,MED0021,2025-08-07
V001306,DEL024,MED0157,2025-08-07
V002494,DEL014,MED0317,2025-08-07
V003078,DEL013,MED0383,2025-08-07
V003508,DEL014,MED0431,2025-08-07
V004207,DEL013,MED0522,2025-08-07
V004854,DEL044,MED0593,2025-08-07
V006668,DEL033,MED0818,2025-08-07
V007079,DEL025,MED0875,2025-08-07
V007851,DEL015,MED0970,2025-08-07
V008174,DEL045,MED1000,2025-08-07
V009304,DEL026,MED1113,2025-08-07
V009674,DEL039,MED1172,2025-08-07
V010972,DEL021,MED1339,2025-08-07
V011475,DEL049,MED1399,2025-08-07
V011984,DEL001,MED1445,2025-08-07
V012683,DEL037,MED1519,2025-08-07
V012864,DEL017,MED1541,2025-08-07
V014742,DEL017,MED1715,2025-08-07
V015278,DEL039,MED1778,2025-08-07
V016056,DEL017,MED1875,2025-08-07
V016268,DEL024,MED1901,2025-08-07
V016845,DEL001,MED1984,2025-08-07
V016876,DEL030,MED1990,2025-08-07
V000342,DEL039,MED0044,2025-08-08
V000600,DEL022,MED0069,2025-08-08
V001572,DEL048,MED0191,2025-08-08
V002341,DEL036,MED0298,2025-08-08
V004156,DEL044,MED0515,2025-08-08
V004202,DEL013,MED0522,2025-08-08
V005747,DEL039,MED0713,2025-08-08
V005780,DEL014,MED0714,2025-08-08
V006018,DEL033,MED0738,2025-08-08
V006765,DEL038,MED0834,2025-08-08
V006929,DEL009,MED0858,2025-08-08
V008046,DEL008,MED0990,2025-08-08
V009303,DEL026,MED1113,2025-08-08
V009982,DEL045,MED1196,2025-08-08
V011493,DEL034,MED1400,2025-08-08
V012421,DEL009,MED1491,2025-08-08
V013316,DEL017,MED1584,2025-08-08
V014827,DEL048,MED1727,2025-08-08
V016356,DEL026,MED1921,2025-08-08
V000664,DEL001,MED0076,2025-08-09
V001103,DEL009,MED0130,2025-08-09
V001450,DEL041,MED0168,2025-08-09
V003703,DEL026,MED0451,2025-08-09
V004259,DEL039,MED0527,2025-08-09
V005482,DEL027,MED0682,2025-08-09
V007209,DEL003,MED0886,2025-08-09
V007407,DEL033,MED0907,2025-08-09
V008323,DEL040,MED1016,2025-08-09
V008513,DEL033,MED1041,2025-08-09
V008721,DEL038,MED1065,2025-08-09
V010016,DEL019,MED1199,2025-08-09
V010380,DEL050,MED1241,2025-08-09
V010715,DEL023,MED1296,2025-08-09
V010844,DEL009,MED1318,2025-08-09
V012022,DEL021,MED1446,2025-08-09
V012871,DEL017,MED1541,2025-08-09
V013558,DEL049,MED1600,2025-08-09
V014978,DEL012,MED1749,2025-08-09
V015217,DEL024,MED1775,2025-08-09
V015544,DEL038,MED1808,2025-08-09
V015577,DEL041,MED1809,2025-08-09
V016685,DEL018,MED1963,2025-08-09
V000034,DEL010,MED0010,2025-08-10
V000953,DEL021,MED0113,2025-08-10
V002147,DEL036,MED0273,2025-08-10
V003634,DEL018,MED0446,2025-08-10
V003984,DEL009,MED0482,2025-08-10
V006317,DEL021,MED0769,2025-08-10
V007155,DEL025,MED0882,2025-08-10
V007883,DEL034,MED0972,2025-08-10
V008467,DEL040,MED1036,2025-08-10
V009060,DEL042,MED1094,2025-08-10
V010184,DEL034,MED1220,2025-08-10
V010810,DEL003,MED1310,2025-08-10
V011048,DEL043,MED1356,2025-08-10
V011737,DEL001,MED1424,2025-08-10
V013800,DEL038,MED1621,2025-08-10
V013806,DEL038,MED1621,2025-08-10
V013891,DEL024,MED1624,2025-08-10
V014141,DEL042,MED1650,2025-08-10
V015099,DEL014,MED1766,2025-08-10
V016137,DEL041,MED1886,2025-08-10
V002530,DEL048,MED0321,2025-08-11
V002754,DEL008,MED0345,2025-08-11
V002867,DEL050,MED0356,2025-08-11
V003696,DEL013,MED0450,2025-08-11
V004010,DEL015,MED0486,2025-08-11
V004489,DEL016,MED0552,2025-08-11
V005592,DEL008,MED0698,2025-08-11
V005602,DEL001,MED0699,2025-08-11
V006262,DEL015,MED0764,2025-08-11
V006310,DEL021,MED0769,2025-08-11
V006338,DEL002,MED0777,2025-08-11
V007558,DEL026,MED0930,2025-08-11
V007595,DEL001,MED0940,2025-08-11
V008678,DEL049,MED1058,2025-08-11
V008685,DEL049,MED1058,2025-08-11
V008893,DEL009,MED1079,2025-08-11
V009101,DEL020,MED1098,2025-08-11
V009314,DEL002,MED1118,2025-08-11
V009885,DEL009,MED1188,2025-08-11
V010153,DEL044,MED1214,2025-08-11
V011169,DEL001,MED1366,2025-08-11
V012238,DEL041,MED1464,2025-08-11
V013428,DEL049,MED1590,2025-08-11
V014570,DEL018,MED1698,2025-08-11
V015855,DEL026,MED1854,2025-08-11
V016106,DEL009,MED1879,2025-08-11
V000988,DEL037,MED0120,2025-08-12
V001046,DEL008,MED0125,2025-08-12
V001194,DEL009,MED0144,2025-08-12
V001310,DEL024,MED0157,2025-08-12
V001644,DEL019,MED0200,2025-08-12
V003123,DEL002,MED0386,2025-08-12
V004021,DEL015,MED0486,2025-08-12
V004757,DEL026,MED0581,2025-08-12
V005616,DEL011,MED0700,2025-08-12
V006172,DEL027,MED0752,2025-08-12
V006227,DEL013,MED0758,2025-08-12
V006421,DEL003,MED0789,2025-08-12
V006971,DEL007,MED0863,2025-08-12
V007253,DEL014,MED0893,2025-08-12
V009108,DEL020,MED1098,2025-08-12
V010329,DEL041,MED1237,2025-08-12
V011904,DEL019,MED1437,2025-08-12
V012651,DEL016,MED1517,2025-08-12
V013037,DEL003,MED1560,2025-08-12
V013192,DEL011,MED1572,2025-08-12
V014096,DEL030,MED1647,2025-08-12
V015470,DEL043,MED1801,2025-08-12
V016797,DEL011,MED1977,2025-08-12
V001603,DEL036,MED0196,2025-08-13
V002722,DEL026,MED0344,2025-08-13
V003577,DEL033,MED0439,2025-08-13
V003828,DEL038,MED0466,2025-08-13
V003873,DEL037,MED0470,2025-08-13
V005083,DEL042,MED0629,2025-08-13
V005106,DEL022,MED0635,2025-08-13
V005734,DEL021,MED0711,2025-08-13
V006468,DEL020,MED0795,2025-08-13
V006895,DEL022,MED0851,2025-08-13
V007051,DEL029,MED0868,2025-08-13
V007077,DEL025,MED0875,2025-08-13
V008475,DEL040,MED1036,2025-08-13
V008480,DEL040,MED1036,2025-08-13
V008995,DEL021,MED1090,2025-08-13
V009687,DEL038,MED1175,2025-08-13
V010079,DEL028,MED1204,2025-08-13
V010540,DEL016,MED1269,2025-08-13
V010907,DEL011,MED1327,2025-08-13
V011253,DEL046,MED1369,2025-08-13
V011521,DEL024,MED1404,2025-08-13
V011783,DEL048,MED1430,2025-08-13
V013122,DEL032,MED1565,2025-08-13
V013283,DEL038,MED1582,2025-08-13
V014524,DEL012,MED1696,2025-08-13
V014573,DEL018,MED1698,2025-08-13
V014803,DEL016,MED1720,2025-08-13
V016061,DEL017,MED1875,2025-08-13
V016873,DEL011,MED1988,2025-08-13
V000867,DEL041,MED0106,2025-08-14
V001155,DEL033,MED0134,2025-08-14
V001900,DEL045,MED0230,2025-08-14
V002243,DEL007,MED0287,2025-08-14
V002252,DEL007,MED0287,2025-08-14
V003182,DEL018,MED0388,2025-08-14
V003657,DEL043,MED0447,2025-08-14
V005017,DEL006,MED0622,2025-08-14
V005432,DEL016,MED0676,2025-08-14
V005640,DEL023,MED0701,2025-08-14
V006044,DEL026,MED0745,2025-08-14
V006078,DEL013,MED0748,2025-08-14
V006814,DEL031,MED0837,2025-08-14
V007078,DEL025,MED0875,2025-08-14
V008181,DEL045,MED1000,2025-08-14
V008244,DEL035,MED1005,2025-08-14
V008680,DEL049,MED1058,2025-08-14
V010890,DEL010,MED1326,2025-08-14
V012730,DEL002,MED1521,2025-08-14
V012979,DEL048,MED1550,2025-08-14
V013556,DEL049,MED1600,2025-08-14
V014677,DEL004,MED1705,2025-08-14
V015512,DEL010,MED1807,2025-08-14
V000380,DEL016,MED0048,2025-08-15
V001380,DEL006,MED0161,2025-08-15
V001650,DEL019,MED0200,2025-08-15
V002866,DEL050,MED0356,2025-08-15
V003375,DEL023,MED0408,2025-08-15
V003790,DEL014,MED0457,2025-08-15
V003864,DEL003,MED0467,2025-08-15
V005469,DEL029,MED0680,2025-08-15
V006002,DEL033,MED0734,2025-08-15
V006441,DEL038,MED0793,2025-08-15
V007559,DEL026,MED0930,2025-08-15
V008593,DEL033,MED1046,2025-08-15
V008690,DEL049,MED1058,2025-08-15
V009217,DEL016,MED1107,2025-08-15
V009882,DEL018,MED1187,2025-08-15
V010214,DEL017,MED1221,2025-08-15
V011492,DEL034,MED1400,2025-08-15
V011538,DEL022,MED1405,2025-08-15
V011802,DEL017,MED1432,2025-08-15
V012016,DEL021,MED1446,2025-08-15
V013514,DEL042,MED1595,2025-08-15
V014174,DEL029,MED1655,2025-08-15
V015543,DEL038,MED1808,2025-08-15
V016105,DEL009,MED1879,2025-08-15
V016205,DEL001,MED1893,2025-08-15
V016872,DEL011,MED1988,2025-08-15
V001337,DEL036,MED0158,2025-08-16
V001375,DEL006,MED0161,2025-08-16
V002319,DEL042,MED0297,2025-08-16
V003093,DEL013,MED0383,2025-08-16
V003372,DEL023,MED0408,2025-08-16
V003453,DEL016,MED0424,2025-08-16
V004671,DEL018,MED0573,2025-08-16
V005041,DEL023,MED0623,2025-08-16
V006204,DEL018,MED0757,2025-08-16
V007007,DEL025,MED0865,2025-08-16
V007658,DEL006,MED0952,2025-08-16
V008338,DEL045,MED1017,2025-08-16
V009009,DEL021,MED1090,2025-08-16
V009274,DEL024,MED1111,2025-08-16
V009442,DEL018,MED1139,2025-08-16
V010900,DEL010,MED1326,2025-08-16
V013007,DEL019,MED1556,2025-08-16
V013585,DEL045,MED1601,2025-08-16
V013967,DEL003,MED1632,2025-08-16
V014569,DEL018,MED1698,2025-08-16
V001210,DEL024,MED0146,2025-08-17
V002021,DEL019,MED0250,2025-08-17
V002676,DEL008,MED0341,2025-08-17
V005046,DEL023,MED0623,2025-08-17
V005082,DEL042,MED0629,2025-08-17
V005096,DEL043,MED0631,2025-08-17
V005323,DEL042,MED0668,2025-08-17
V006720,DEL006,MED0830,2025-08-17
V006809,DEL031,MED0837,2025-08-17
V006948,DEL006,MED0859,2025-08-17
V007191,DEL003,MED0885,2025-08-17
V007683,DEL050,MED0953,2025-08-17
V008808,DEL042,MED1075,2025-08-17
V009516,DEL022,MED1155,2025-08-17
V009751,DEL034,MED1179,2025-08-17
V010025,DEL019,MED1199,2025-08-17
V010080,DEL028,MED1204,2025-08-17
V010173,DEL036,MED1219,2025-08-17
V010547,DEL035,MED1270,2025-08-17
V011878,DEL033,MED1436,2025-08-17
V012077,DEL031,MED1449,2025-08-17
V012229,DEL041,MED1464,2025-08-17
V012740,DEL002,MED1521,2025-08-17
V013326,DEL017,MED1584,2025-08-17
V013689,DEL010,MED1615,2025-08-17
V014359,DEL031,MED1676,2025-08-17
V014670,DEL004,MED1705,2025-08-17
V016819,DEL029,MED1979,2025-08-17
V016914,DEL023,MED2000,2025-08-17
V000916,DEL009,MED0109,2025-08-18
V000976,DEL008,MED0114,2025-08-18
V004979,DEL004,MED0619,2025-08-18
V007853,DEL015,MED0970,2025-08-18
V007916,DEL045,MED0973,2025-08-18
V008387,DEL030,MED1029,2025-08-18
V008587,DEL033,MED1046,2025-08-18
V009710,DEL033,MED1177,2025-08-18
V011931,DEL036,MED1438,2025-08-18
V012025,DEL014,MED1447,2025-08-18
V012611,DEL014,MED1512,2025-08-18
V012773,DEL042,MED1526,2025-08-18
V013155,DEL023,MED1569,2025-08-18
V013426,DEL049,MED1590,2025-08-18
V013597,DEL045,MED1601,2025-08-18
V015121,DEL023,MED1768,2025-08-18
V015928,DEL050,MED1860,2025-08-18
V000235,DEL026,MED0037,2025-08-19
V001193,DEL009,MED0144,2025-08-19
V001507,DEL043,MED0184,2025-08-19
V003126,DEL002,MED0386,2025-08-19
V003366,DEL023,MED0408,2025-08-19
V003925,DEL007,MED0475,2025-08-19
V004200,DEL013,MED0522,2025-08-19
V005498,DEL009,MED0685,2025-08-19
V008117,DEL047,MED0993,2025-08-19
V009409,DEL036,MED1133,2025-08-19
V009448,DEL032,MED1140,2025-08-19
V010306,DEL038,MED1233,2025-08-19
V010834,DEL010,MED1315,2025-08-19
V011778,DEL048,MED1430,2025-08-19
V012246,DEL016,MED1466,2025-08-19
V014842,DEL006,MED1729,2025-08-19
V015956,DEL039,MED1861,2025-08-19
V016358,DEL016,MED1923,2025-08-19
V000521,DEL047,MED0062,2025-08-20
V000815,DEL042,MED0094,2025-08-20
V001419,DEL041,MED0165,2025-08-20
V001595,DEL030,MED0193,2025-08-20
V003892,DEL043,MED0471,2025-08-20
V004204,DEL013,MED0522,2025-08-20
V004255,DEL039,MED0527,2025-08-20
V005570,DEL023,MED0691,2025-08-20
V007359,DEL021,MED0901,2025-08-20
V007467,DEL014,MED0918,2025-08-20
V009215,DEL016,MED1107,2025-08-20
V010607,DEL010,MED1280,2025-08-20
V011373,DEL013,MED1385,2025-08-20
V012134,DEL016,MED1455,2025-08-20
V012780,DEL042,MED1526,2025-08-20
V013513,DEL042,MED1595,2025-08-20
V013927,DEL013,MED1631,2025-08-20
V013928,DEL013,MED1631,2025-08-20
V014351,DEL031,MED1676,2025-08-20
V000820,DEL044,MED0095,2025-08-21
V001898,DEL045,MED0230,2025-08-21
V001921,DEL035,MED0233,2025-08-21
V002288,DEL014,MED0295,2025-08-21
V002997,DEL001,MED0374,2025-08-21
V003831,DEL038,MED0466,2025-08-21
V004973,DEL004,MED0619,2025-08-21
V005199,DEL039,MED0650,2025-08-21
V005530,DEL050,MED0687,2025-08-21
V005857,DEL031,MED0725,2025-08-21
V006779,DEL044,MED0836,2025-08-21
V007428,DEL030,MED0909,2025-08-21
V007770,DEL049,MED0964,2025-08-21
V007807,DEL024,MED0968,2025-08-21
V008824,DEL042,MED1075,2025-08-21
V009812,DEL048,MED1185,2025-08-21
V013227,DEL013,MED1575,2025-08-21
V014365,DEL031,MED1676,2025-08-21
V014438,DEL008,MED1685,2025-08-21
V014748,DEL016,MED1716,2025-08-21
V014862,DEL022,MED1734,2025-08-21
V015857,DEL026,MED1854,2025-08-21
V015897,DEL006,MED1855,2025-08-21
V016235,DEL037,MED1894,2025-08-21
V016911,DEL026,MED1999,2025-08-21
V000674,DEL001,MED0076,2025-08-22
V002237,DEL007,MED0287,2025-08-22
V004141,DEL026,MED0513,2025-08-22
V004543,DEL047,MED0555,2025-08-22
V005261,DEL004,MED0661,2025-08-22
V006655,DEL033,MED0818,2025-08-22
V007067,DEL026,MED0871,2025-08-22
V007268,DEL014,MED0893,2025-08-22
V008295,DEL033,MED1013,2025-08-22
V008650,DEL039,MED1056,2025-08-22
V009381,DEL023,MED1127,2025-08-22
V009473,DEL039,MED1144,2025-08-22
V010098,DEL030,MED1206,2025-08-22
V010112,DEL005,MED1208,2025-08-22
V010423,DEL032,MED1244,2025-08-22
V011806,DEL017,MED1432,2025-08-22
V013097,DEL024,MED1563,2025-08-22
V013726,DEL010,MED1616,2025-08-22
V014171,DEL029,MED1655,2025-08-22
V015843,DEL011,MED1853,2025-08-22
V016017,DEL011,MED1874,2025-08-22
V000595,DEL022,MED0069,2025-08-23
V001255,DEL033,MED0147,2025-08-23
V001854,DEL008,MED0224,2025-08-23
V002630,DEL043,MED0339,2025-08-23
V003726,DEL049,MED0452,2025-08-23
V003754,DEL034,MED0456,2025-08-23
V004180,DEL018,MED0518,2025-08-23
V004215,DEL003,MED0523,2025-08-23
V004392,DEL016,MED0540,2025-08-23
V004462,DEL029,MED0547,2025-08-23
V009490,DEL025,MED1147,2025-08-23
V009962,DEL013,MED1194,2025-08-23
V010717,DEL023,MED1296,2025-08-23
V011322,DEL023,MED1381,2025-08-23
V012132,DEL016,MED1455,2025-08-23
V012950,DEL026,MED1547,2025-08-23
V013599,DEL045,MED1601,2025-08-23
V013642,DEL032,MED1608,2025-08-23
V014000,DEL018,MED1633,2025-08-23
V014680,DEL004,MED1705,2025-08-23
V014843,DEL006,MED1729,2025-08-23
V015516,DEL010,MED1807,2025-08-23
V000716,DEL011,MED0083,2025-08-24
V001413,DEL041,MED0165,2025-08-24
V001514,DEL020,MED0187,2025-08-24
V002567,DEL024,MED0326,2025-08-24
V002669,DEL008,MED0341,2025-08-24
V003293,DEL011,MED0404,2025-08-24
V003575,DEL033,MED0439,2025-08-24
V004353,DEL016,MED0536,2025-08-24
V004361,DEL032,MED0537,2025-08-24
V004706,DEL029,MED0575,2025-08-24
V004952,DEL014,MED0616,2025-08-24
V005259,DEL004,MED0661,2025-08-24
V006228,DEL013,MED0758,2025-08-24
V006311,DEL021,MED0769,2025-08-24
V007346,DEL035,MED0899,2025-08-24
V007449,DEL032,MED0913,2025-08-24
V007731,DEL027,MED0962,2025-08-24
V008348,DEL008,MED1022,2025-08-24
V008547,DEL041,MED1044,2025-08-24
V009650,DEL022,MED1170,2025-08-24
V009811,DEL048,MED1185,2025-08-24
V010379,DEL050,MED1241,2025-08-24
V011256,DEL046,MED1369,2025-08-24
V012190,DEL038,MED1459,2025-08-24
V012495,DEL023,MED1497,2025-08-24
V013561,DEL049,MED1600,2025-08-24
V014008,DEL018,MED1633,2025-08-24
V014363,DEL031,MED1676,2025-08-24
V015068,DEL025,MED1760,2025-08-24
V016857,DEL001,MED1984,2025-08-24
V000060,DEL012,MED0011,2025-08-25
V000404,DEL018,MED0050,2025-08-25
V000668,DEL001,MED0076,2025-08-25
V001075,DEL045,MED0127,2025-08-25
V001187,DEL021,MED0143,2025-08-25
V003545,DEL029,MED0436,2025-08-25
V003890,DEL043,MED0471,2025-08-25
V004674,DEL018,MED0573,2025-08-25
V005068,DEL006,MED0628,2025-08-25
V005459,DEL029,MED0680,2025-08-25
V006663,DEL033,MED0818,2025-08-25
V006880,DEL023,MED0846,2025-08-25
V007011,DEL025,MED0865,2025-08-25
V007974,DEL009,MED0981,2025-08-25
V008428,DEL020,MED1032,2025-08-25
V008720,DEL038,MED1065,2025-08-25
V009478,DEL039,MED1144,2025-08-25
V010437,DEL032,MED1244,2025-08-25
V010557,DEL041,MED1271,2025-08-25
V012119,DEL039,MED1454,2025-08-25
V012750,DEL014,MED1524,2025-08-25
V012828,DEL006,MED1540,2025-08-25
V013631,DEL012,MED1605,2025-08-25
V014123,DEL004,MED1649,2025-08-25
V016138,DEL041,MED1886,2025-08-25
V016763,DEL010,MED1974,2025-08-25
V016897,DEL040,MED1997,2025-08-25
V000018,DEL039,MED0003,2025-08-26
V000257,DEL028,MED0039,2025-08-26
V000723,DEL028,MED0084,2025-08-26
V001459,DEL016,MED0170,2025-08-26
V001567,DEL048,MED0191,2025-08-26
V002046,DEL039,MED0258,2025-08-26
V002189,DEL014,MED0281,2025-08-26
V002359,DEL014,MED0300,2025-08-26
V005647,DEL023,MED0701,2025-08-26
V005793,DEL037,MED0715,2025-08-26
V005818,DEL027,MED0719,2025-08-26
V006074,DEL013,MED0748,2025-08-26
V006124,DEL046,MED0750,2025-08-26
V006191,DEL046,MED0754,2025-08-26
V008335,DEL045,MED1017,2025-08-26
V008491,DEL018,MED1037,2025-08-26
V009654,DEL022,MED1170,2025-08-26
V009672,DEL039,MED1172,2025-08-26
V009877,DEL018,MED1187,2025-08-26
V010068,DEL038,MED1202,2025-08-26
V010219,DEL017,MED1221,2025-08-26
V011470,DEL049,MED1399,2025-08-26
V013005,DEL019,MED1556,2025-08-26
V014210,DEL029,MED1661,2025-08-26
V014586,DEL018,MED1698,2025-08-26
V015453,DEL020,MED1797,2025-08-26
V015894,DEL006,MED1855,2025-08-26
V001081,DEL045,MED0127,2025-08-27
V001873,DEL029,MED0227,2025-08-27
V001928,DEL012,MED0236,2025-08-27
V001939,DEL044,MED0238,2025-08-27
V002198,DEL004,MED0282,2025-08-27
V003082,DEL013,MED0383,2025-08-27
V003220,DEL019,MED0396,2025-08-27
V005218,DEL012,MED0654,2025-08-27
V006434,DEL029,MED0792,2025-08-27
V006591,DEL043,MED0811,2025-08-27
V006813,DEL031,MED0837,2025-08-27
V007091,DEL039,MED0877,2025-08-27
V008125,DEL049,MED0994,2025-08-27
V008259,DEL036,MED1006,2025-08-27
V008422,DEL020,MED1032,2025-08-27
V008896,DEL009,MED1079,2025-08-27
V009085,DEL006,MED1096,2025-08-27
V011388,DEL016,MED1387,2025-08-27
V011619,DEL003,MED1415,2025-08-27
V011699,DEL021,MED1423,2025-08-27
V012644,DEL016,MED1517,2025-08-27
V012673,DEL037,MED1519,2025-08-27
V013553,DEL049,MED1600,2025-08-27
V013662,DEL007,MED1610,2025-08-27
V013725,DEL010,MED1616,2025-08-27
V014403,DEL043,MED1678,2025-08-27
V016247,DEL037,MED1894,2025-08-27
V016834,DEL046,MED1983,2025-08-27
V000372,DEL016,MED0048,2025-08-28
V001050,DEL008,MED0125,2025-08-28
V001272,DEL017,MED0149,2025-08-28
V001917,DEL035,MED0233,2025-08-28
V002041,DEL050,MED0257,2025-08-28
V003191,DEL002,MED0390,2025-08-28
V004873,DEL043,MED0599,2025-08-28
V004928,DEL010,MED0607,2025-08-28
V004976,DEL004,MED0619,2025-08-28
V005648,DEL023,MED0701,2025-08-28
V006456,DEL042,MED0794,2025-08-28
V008628,DEL049,MED1052,2025-08-28
V008871,DEL049,MED1077,2025-08-28
V009033,DEL035,MED1091,2025-08-28
V010230,DEL017,MED1221,2025-08-28
V011690,DEL002,MED1422,2025-08-28
V012070,DEL031,MED1449,2025-08-28
V013696,DEL010,MED1615,2025-08-28
V013848,DEL016,MED1623,2025-08-28
V013924,DEL013,MED1631,2025-08-28
V014173,DEL029,MED1655,2025-08-28
V014626,DEL009,MED1702,2025-08-28
V014749,DEL016,MED1716,2025-08-28
V014885,DEL001,MED1736,2025-08-28
V015175,DEL035,MED1769,2025-08-28
V015245,DEL031,MED1777,2025-08-28
V016866,DEL048,MED1986,2025-08-28
V000009,DEL041,MED0001,2025-09-01
V001344,DEL036,MED0158,2025-09-01
V001916,DEL035,MED0233,2025-09-01
V003001,DEL001,MED0374,2025-09-01
V003031,DEL044,MED0377,2025-09-01
V004484,DEL020,MED0549,2025-09-01
V004931,DEL024,MED0610,2025-09-01
V005364,DEL027,MED0672,2025-09-01
V006081,DEL013,MED0748,2025-09-01
V007262,DEL014,MED0893,2025-09-01
V007316,DEL041,MED0896,2025-09-01
V007608,DEL021,MED0943,2025-09-01
V008073,DEL012,MED0991,2025-09-01
V008190,DEL045,MED1000,2025-09-01
V008368,DEL027,MED1025,2025-09-01
V008420,DEL020,MED1032,2025-09-01
V010049,DEL033,MED1200,2025-09-01
V011094,DEL031,MED1359,2025-09-01
V011140,DEL015,MED1365,2025-09-01
V011539,DEL022,MED1405,2025-09-01
V011750,DEL022,MED1428,2025-09-01
V013724,DEL010,MED1616,2025-09-01
V013744,DEL010,MED1616,2025-09-01
V015048,DEL049,MED1756,2025-09-01
V015311,DEL018,MED1779,2025-09-01
V015952,DEL039,MED1861,2025-09-01
V016644,DEL021,MED1958,2025-09-01
V016828,DEL020,MED1982,2025-09-01
V000113,DEL034,MED0021,2025-09-02
V000848,DEL032,MED0103,2025-09-02
V001574,DEL048,MED0191,2025-09-02
V003010,DEL008,MED0375,2025-09-02
V004358,DEL032,MED0537,2025-09-02
V005243,DEL004,MED0661,2025-09-02
V005597,DEL008,MED0698,2025-09-02
V006283,DEL015,MED0768,2025-09-02
V007034,DEL001,MED0867,2025-09-02
V007429,DEL030,MED0909,2025-09-02
V008135,DEL014,MED0995,2025-09-02
V008564,DEL015,MED1045,2025-09-02
V009388,DEL023,MED1127,2025-09-02
V010022,DEL019,MED1199,2025-09-02
V010802,DEL004,MED1308,2025-09-02
V011089,DEL031,MED1359,2025-09-02
V011302,DEL046,MED1377,2025-09-02
V012274,DEL029,MED1469,2025-09-02
V012590,DEL036,MED1506,2025-09-02
V013695,DEL010,MED1615,2025-09-02
V015374,DEL015,MED1789,2025-09-02
V015734,DEL009,MED1837,2025-09-02
V016246,DEL037,MED1894,2025-09-02
V016426,DEL018,MED1932,2025-09-02
V000099,DEL023,MED0019,2025-09-03
V000375,DEL016,MED0048,2025-09-03
V000559,DEL038,MED0063,2025-09-03
V000597,DEL022,MED0069,2025-09-03
V001367,DEL006,MED0161,2025-09-03
V002347,DEL036,MED0298,2025-09-03
V004842,DEL044,MED0593,2025-09-03
V005472,DEL029,MED0680,2025-09-03
V007259,DEL014,MED0893,2025-09-03
V007318,DEL041,MED0896,2025-09-03
V007657,DEL006,MED0952,2025-09-03
V008430,DEL020,MED1032,2025-09-03
V009281,DEL010,MED1112,2025-09-03
V009479,DEL039,MED1144,2025-09-03
V010313,DEL040,MED1235,2025-09-03
V010536,DEL020,MED1268,2025-09-03
V010848,DEL009,MED1318,2025-09-03
V012110,DEL006,MED1453,2025-09-03
V012723,DEL002,MED1521,2025-09-03
V012943,DEL036,MED1546,2025-09-03
V013058,DEL001,MED1562,2025-09-03
V014646,DEL010,MED1703,2025-09-03
V014781,DEL048,MED1717,2025-09-03
V016374,DEL032,MED1925,2025-09-03
V016528,DEL021,MED1945,2025-09-03
V000163,DEL033,MED0023,2025-09-04
V000215,DEL034,MED0034,2025-09-04
V000483,DEL002,MED0058,2025-09-04
V000832,DEL001,MED0101,2025-09-04
V001678,DEL030,MED0205,2025-09-04
V002615,DEL050,MED0337,2025-09-04
V002821,DEL018,MED0353,2025-09-04
V003887,DEL043,MED0471,2025-09-04
V004331,DEL027,MED0532,2025-09-04
V004980,DEL004,MED0619,2025-09-04
V005675,DEL018,MED0703,2025-09-04
V005676,DEL018,MED0703,2025-09-04
V006358,DEL044,MED0779,2025-09-04
V009270,DEL024,MED1111,2025-09-04
V010319,DEL040,MED1235,2025-09-04
V010477,DEL023,MED1253,2025-09-04
V010716,DEL023,MED1296,2025-09-04
V011679,DEL046,MED1419,2025-09-04
V011723,DEL001,MED1424,2025-09-04
V012182,DEL038,MED1459,2025-09-04
V012867,DEL017,MED1541,2025-09-04
V012869,DEL017,MED1541,2025-09-04
V014934,DEL034,MED1746,2025-09-04
V016802,DEL011,MED1977,2025-09-04
V016820,DEL029,MED1979,2025-09-04
V000833,DEL001,MED0101,2025-09-05
V001006,DEL049,MED0122,2025-09-05
V001602,DEL013,MED0194,2025-09-05
V002315,DEL042,MED0297,2025-09-05
V003266,DEL029,MED0402,2025-09-05
V003274,DEL029,MED0402,2025-09-05
V004022,DEL015,MED0486,2025-09-05
V004644,DEL048,MED0572,2025-09-05
V005603,DEL001,MED0699,2025-09-05
V006354,DEL048,MED0778,2025-09-05
V006569,DEL025,MED0807,2025-09-05
V006594,DEL043,MED0811,2025-09-05
V007018,DEL025,MED0865,2025-09-05
V007021,DEL025,MED0865,2025-09-05
V007124,DEL033,MED0881,2025-09-05
V007963,DEL041,MED0978,2025-09-05
V007999,DEL023,MED0983,2025-09-05
V008487,DEL018,MED1037,2025-09-05
V009548,DEL033,MED1162,2025-09-05
V011576,DEL028,MED1408,2025-09-05
V011779,DEL048,MED1430,2025-09-05
V011961,DEL018,MED1443,2025-09-05
V012102,DEL022,MED1452,2025-09-05
V012627,DEL007,MED1516,2025-09-05
V014016,DEL029,MED1636,2025-09-05
V014063,DEL013,MED1642,2025-09-05
V014873,DEL049,MED1735,2025-09-05
V015244,DEL031,MED1777,2025-09-05
V016417,DEL025,MED1931,2025-09-05
V016682,DEL047,MED1962,2025-09-05
V000239,DEL026,MED0037,2025-09-06
V000376,DEL016,MED0048,2025-09-06
V001341,DEL036,MED0158,2025-09-06
V002073,DEL036,MED0268,2025-09-06
V002141,DEL036,MED0273,2025-09-06
V005423,DEL007,MED0675,2025-09-06
V005650,DEL023,MED0701,2025-09-06
V008198,DEL019,MED1001,2025-09-06
V008619,DEL020,MED1049,2025-09-06
V009163,DEL036,MED1102,2025-09-06
V010323,DEL023,MED1236,2025-09-06
V011274,DEL049,MED1372,2025-09-06
V011393,DEL042,MED1389,2025-09-06
V013628,DEL012,MED1605,2025-09-06
V014361,DEL031,MED1676,2025-09-06
V014893,DEL010,MED1740,2025-09-06
V016098,DEL034,MED1877,2025-09-06
V016300,DEL029,MED1906,2025-09-06
V016373,DEL032,MED1925,2025-09-06
V016467,DEL027,MED1942,2025-09-06
V016854,DEL001,MED1984,2025-09-06
V000576,DEL021,MED0067,2025-09-07
V001388,DEL028,MED0162,2025-09-07
V001849,DEL008,MED0224,2025-09-07
V002287,DEL014,MED0295,2025-09-07
V002664,DEL008,MED0341,2025-09-07
V003428,DEL020,MED0422,2025-09-07
V004425,DEL018,MED0543,2025-09-07
V004844,DEL044,MED0593,2025-09-07
V004900,DEL026,MED0600,2025-09-07
V005197,DEL039,MED0650,2025-09-07
V005470,DEL029,MED0680,2025-09-07
V005515,DEL005,MED0686,2025-09-07
V006605,DEL043,MED0811,2025-09-07
V006706,DEL043,MED0827,2025-09-07
V006950,DEL006,MED0859,2025-09-07
V007057,DEL029,MED0868,2025-09-07
V007223,DEL026,MED0890,2025-09-07
V007406,DEL033,MED0907,2025-09-07
V007656,DEL006,MED0952,2025-09-07
V009835,DEL047,MED1186,2025-09-07
V011099,DEL013,MED1361,2025-09-07
V011339,DEL020,MED1384,2025-09-07
V011727,DEL001,MED1424,2025-09-07
V013605,DEL027,MED1602,2025-09-07
V014687,DEL023,MED1709,2025-09-07
V015368,DEL015,MED1789,2025-09-07
V016419,DEL025,MED1931,2025-09-07
V016471,DEL027,MED1942,2025-09-07
V016579,DEL039,MED1951,2025-09-07
V000798,DEL041,MED0093,2025-09-08
V001988,DEL004,MED0246,2025-09-08
V002285,DEL014,MED0295,2025-09-08
V002312,DEL042,MED0297,2025-09-08
V002321,DEL042,MED0297,2025-09-08
V002858,DEL050,MED0356,2025-09-08
V002933,DEL023,MED0366,2025-09-08
V003519,DEL003,MED0432,2025-09-08
V003807,DEL003,MED0460,2025-09-08
V003886,DEL043,MED0471,2025-09-08
V004404,DEL007,MED0542,2025-09-08
V005346,DEL045,MED0670,2025-09-08
V005834,DEL010,MED0720,2025-09-08
V006917,DEL001,MED0854,2025-09-08
V006949,DEL006,MED0859,2025-09-08
V007581,DEL032,MED0934,2025-09-08
V010269,DEL018,MED1225,2025-09-08
V013163,DEL023,MED1569,2025-09-08
V014298,DEL002,MED1674,2025-09-08
V014437,DEL008,MED1685,2025-09-08
V014720,DEL039,MED1714,2025-09-08
V014734,DEL017,MED1715,2025-09-08
V014998,DEL015,MED1752,2025-09-08
V015733,DEL009,MED1837,2025-09-08
V015988,DEL034,MED1866,2025-09-08
V015994,DEL044,MED1867,2025-09-08
V001074,DEL045,MED0127,2025-09-09
V002387,DEL011,MED0304,2025-09-09
V002749,DEL008,MED0345,2025-09-09
V002757,DEL008,MED0345,2025-09-09
V003303,DEL011,MED0404,2025-09-09
V003450,DEL016,MED0424,2025-09-09
V006347,DEL048,MED0778,2025-09-09
V006519,DEL047,MED0801,2025-09-09
V007159,DEL025,MED0882,2025-09-09
V007773,DEL049,MED0964,2025-09-09
V008590,DEL033,MED1046,2025-09-09
V010086,DEL019,MED1205,2025-09-09
V010255,DEL041,MED1223,2025-09-09
V010383,DEL050,MED1241,2025-09-09
V010434,DEL032,MED1244,2025-09-09
V010943,DEL037,MED1334,2025-09-09
V011163,DEL001,MED1366,2025-09-09
V011301,DEL046,MED1377,2025-09-09
V012493,DEL023,MED1497,2025-09-09
V012840,DEL006,MED1540,2025-09-09
V013337,DEL034,MED1585,2025-09-09
V013340,DEL034,MED1585,2025-09-09
V015756,DEL039,MED1841,2025-09-09
V015774,DEL025,MED1842,2025-09-09
V001151,DEL033,MED0134,2025-09-10
V002000,DEL004,MED0246,2025-09-10
V002814,DEL018,MED0353,2025-09-10
V003435,DEL039,MED0423,2025-09-10
V006361,DEL028,MED0780,2025-09-10
V006494,DEL035,MED0796,2025-09-10
V006614,DEL049,MED0815,2025-09-10
V007546,DEL030,MED0926,2025-09-10
V007678,DEL050,MED0953,2025-09-10
V008336,DEL045,MED1017,2025-09-10
V009641,DEL022,MED1170,2025-09-10
V009663,DEL009,MED1171,2025-09-10
V010142,DEL033,MED1213,2025-09-10
V010846,DEL009,MED1318,2025-09-10
V011009,DEL023,MED1350,2025-09-10
V012019,DEL021,MED1446,2025-09-10
V012306,DEL026,MED1470,2025-09-10
V012405,DEL009,MED1491,2025-09-10
V012597,DEL036,MED1510,2025-09-10
V012827,DEL006,MED1540,2025-09-10
V013156,DEL023,MED1569,2025-09-10
V013209,DEL011,MED1572,2025-09-10
V013419,DEL027,MED1589,2025-09-10
V015126,DEL023,MED1768,2025-09-10
V015892,DEL006,MED1855,2025-09-10
V000402,DEL018,MED0050,2025-09-11
V000625,DEL021,MED0070,2025-09-11
V004066,DEL006,MED0496,2025-09-11
V005518,DEL005,MED0686,2025-09-11
V007047,DEL029,MED0868,2025-09-11
V008451,DEL014,MED1035,2025-09-11
V009747,DEL034,MED1179,2025-09-11
V011497,DEL046,MED1402,2025-09-11
V011734,DEL001,MED1424,2025-09-11
V012865,DEL017,MED1541,2025-09-11
V013313,DEL017,MED1584,2025-09-11
V013887,DEL024,MED1624,2025-09-11
V014084,DEL026,MED1645,2025-09-11
V014434,DEL008,MED1685,2025-09-11
V015441,DEL020,MED1797,2025-09-11
V016287,DEL034,MED1903,2025-09-11
V000813,DEL042,MED0094,2025-09-12
V001729,DEL040,MED0210,2025-09-12
V004040,DEL026,MED0492,2025-09-12
V006556,DEL028,MED0803,2025-09-12
V008029,DEL035,MED0986,2025-09-12
V008276,DEL042,MED1009,2025-09-12
V008353,DEL011,MED1023,2025-09-12
V008604,DEL046,MED1048,2025-09-12
V008605,DEL046,MED1048,2025-09-12
V008785,DEL008,MED1072,2025-09-12
V009441,DEL018,MED1139,2025-09-12
V009963,DEL013,MED1194,2025-09-12
V010346,DEL037,MED1240,2025-09-12
V010373,DEL050,MED1241,2025-09-12
V010708,DEL009,MED1295,2025-09-12
V010885,DEL010,MED1326,2025-09-12
V011016,DEL010,MED1352,2025-09-12
V011479,DEL049,MED1399,2025-09-12
V011542,DEL022,MED1405,2025-09-12
V012774,DEL042,MED1526,2025-09-12
V012781,DEL042,MED1526,2025-09-12
V012924,DEL016,MED1543,2025-09-12
V013515,DEL042,MED1595,2025-09-12
V014051,DEL043,MED1641,2025-09-12
V014080,DEL026,MED1645,2025-09-12
V014102,DEL030,MED1647,2025-09-12
V014705,DEL014,MED1712,2025-09-12
V014980,DEL012,MED1749,2025-09-12
V016648,DEL021,MED1958,2025-09-12
V000082,DEL007,MED0016,2025-09-13
V002566,DEL046,MED0325,2025-09-13
V005255,DEL004,MED0661,2025-09-13
V006904,DEL049,MED0852,2025-09-13
V007270,DEL014,MED0893,2025-09-13
V009048,DEL035,MED1091,2025-09-13
V009649,DEL022,MED1170,2025-09-13
V013093,DEL024,MED1563,2025-09-13
V015777,DEL025,MED1842,2025-09-13
V000726,DEL028,MED0084,2025-09-14
V001379,DEL006,MED0161,2025-09-14
V003368,DEL023,MED0408,2025-09-14
V004175,DEL017,MED0517,2025-09-14
V004896,DEL026,MED0600,2025-09-14
V004898,DEL026,MED0600,2025-09-14
V004907,DEL036,MED0602,2025-09-14
V005963,DEL018,MED0730,2025-09-14
V007343,DEL035,MED0899,2025-09-14
V007672,DEL050,MED0953,2025-09-14
V009078,DEL006,MED1096,2025-09-14
V009505,DEL038,MED1154,2025-09-14
V009973,DEL027,MED1195,2025-09-14
V010273,DEL018,MED1225,2025-09-14
V010497,DEL043,MED1260,2025-09-14
V010523,DEL041,MED1263,2025-09-14
V010609,DEL010,MED1280,2025-09-14
V010615,DEL010,MED1280,2025-09-14
V010893,DEL010,MED1326,2025-09-14
V011165,DEL001,MED1366,2025-09-14
V011672,DEL046,MED1419,2025-09-14
V012230,DEL041,MED1464,2025-09-14
V012570,DEL020,MED1503,2025-09-14
V013289,DEL038,MED1582,2025-09-14
V013502,DEL003,MED1593,2025-09-14
V013811,DEL038,MED1621,2025-09-14
V014485,DEL048,MED1692,2025-09-14
V014898,DEL002,MED1741,2025-09-14
V000490,DEL002,MED0058,2025-09-15
V000563,DEL038,MED0063,2025-09-15
V001857,DEL008,MED0224,2025-09-15
V004009,DEL015,MED0486,2025-09-15
V004344,DEL024,MED0533,2025-09-15
V004560,DEL034,MED0557,2025-09-15
V005389,DEL026,MED0673,2025-09-15
V005465,DEL029,MED0680,2025-09-15
V006182,DEL027,MED0752,2025-09-15
V006557,DEL028,MED0803,2025-09-15
V006622,DEL002,MED0817,2025-09-15
V008221,DEL022,MED1002,2025-09-15
V008872,DEL049,MED1077,2025-09-15
V009268,DEL024,MED1111,2025-09-15
V009741,DEL034,MED1179,2025-09-15
V009809,DEL048,MED1185,2025-09-15
V011443,DEL048,MED1395,2025-09-15
V011666,DEL046,MED1419,2025-09-15
V012133,DEL016,MED1455,2025-09-15
V012137,DEL016,MED1455,2025-09-15
V012209,DEL025,MED1462,2025-09-15
V012907,DEL049,MED1542,2025-09-15
V015584,DEL035,MED1810,2025-09-15
V016180,DEL025,MED1891,2025-09-15
V016237,DEL037,MED1894,2025-09-15
V016368,DEL050,MED1924,2025-09-15
V000285,DEL018,MED0040,2025-09-16
V000849,DEL032,MED0103,2025-09-16
V000898,DEL049,MED0108,2025-09-16
V001627,DEL014,MED0197,2025-09-16
V002445,DEL021,MED0309,2025-09-16
V002537,DEL048,MED0321,2025-09-16
V002602,DEL047,MED0332,2025-09-16
V002810,DEL018,MED0353,2025-09-16
V002974,DEL039,MED0369,2025-09-16
V003664,DEL043,MED0447,2025-09-16
V004788,DEL007,MED0584,2025-09-16
V005224,DEL048,MED0660,2025-09-16
V005254,DEL004,MED0661,2025-09-16
V005582,DEL039,MED0697,2025-09-16
V005596,DEL008,MED0698,2025-09-16
V006179,DEL027,MED0752,2025-09-16
V006596,DEL043,MED0811,2025-09-16
V006665,DEL033,MED0818,2025-09-16
V006768,DEL038,MED0834,2025-09-16
V006887,DEL031,MED0848,2025-09-16
V007534,DEL030,MED0926,2025-09-16
V007594,DEL001,MED0940,2025-09-16
V008343,DEL038,MED1021,2025-09-16
V009122,DEL025,MED1101,2025-09-16
V009367,DEL046,MED1126,2025-09-16
V009744,DEL034,MED1179,2025-09-16
V010290,DEL023,MED1231,2025-09-16
V011281,DEL015,MED1373,2025-09-16
V011842,DEL044,MED1435,2025-09-16
V012646,DEL016,MED1517,2025-09-16
V012682,DEL037,MED1519,2025-09-16
V013499,DEL003,MED1593,2025-09-16
V014362,DEL031,MED1676,2025-09-16
V015929,DEL050,MED1860,2025-09-16
V000187,DEL030,MED0027,2025-09-17
V000252,DEL024,MED0038,2025-09-17
V000519,DEL047,MED0062,2025-09-17
V000713,DEL011,MED0083,2025-09-17
V001624,DEL014,MED0197,2025-09-17
V003015,DEL008,MED0375,2025-09-17
V003085,DEL013,MED0383,2025-09-17
V003087,DEL013,MED0383,2025-09-17
V003131,DEL002,MED0386,2025-09-17
V003793,DEL014,MED0457,2025-09-17
V003861,DEL003,MED0467,2025-09-17
V003968,DEL040,MED0480,2025-09-17
V004701,DEL014,MED0574,2025-09-17
V004847,DEL044,MED0593,2025-09-17
V006079,DEL013,MED0748,2025-09-17
V006826,DEL017,MED0842,2025-09-17
V008828,DEL042,MED1075,2025-09-17
V008897,DEL009,MED1079,2025-09-17
V009512,DEL022,MED1155,2025-09-17
V009621,DEL001,MED1169,2025-09-17
V010862,DEL002,MED1325,2025-09-17
V010906,DEL011,MED1327,2025-09-17
V011841,DEL044,MED1435,2025-09-17
V012677,DEL037,MED1519,2025-09-17
V012789,DEL050,MED1527,2025-09-17
V013198,DEL011,MED1572,2025-09-17
V013294,DEL038,MED1582,2025-09-17
V013703,DEL010,MED1615,2025-09-17
V014144,DEL038,MED1651,2025-09-17
V014252,DEL042,MED1671,2025-09-17
V014401,DEL043,MED1678,2025-09-17
V014477,DEL048,MED1692,2025-09-17
V014767,DEL048,MED1717,2025-09-17
V014768,DEL048,MED1717,2025-09-17
V015010,DEL018,MED1754,2025-09-17
V015451,DEL020,MED1797,2025-09-17
V015461,DEL002,MED1800,2025-09-17
V000320,DEL049,MED0042,2025-09-18
V003616,DEL041,MED0445,2025-09-18
V004283,DEL005,MED0530,2025-09-18
V004983,DEL004,MED0619,2025-09-18
V006085,DEL013,MED0748,2025-09-18
V006890,DEL025,MED0849,2025-09-18
V008183,DEL045,MED1000,2025-09-18
V008314,DEL039,MED1014,2025-09-18
V008394,DEL043,MED1030,2025-09-18
V009715,DEL033,MED1177,2025-09-18
V011843,DEL044,MED1435,2025-09-18
V012903,DEL049,MED1542,2025-09-18
V013201,DEL011,MED1572,2025-09-18
V015247,DEL031,MED1777,2025-09-18
V015318,DEL018,MED1779,2025-09-18
V015580,DEL041,MED1809,2025-09-18
V015869,DEL026,MED1854,2025-09-18
V016136,DEL041,MED1886,2025-09-18
V016336,DEL033,MED1914,2025-09-18
V000114,DEL034,MED0021,2025-09-19
V000227,DEL010,MED0035,2025-09-19
V000253,DEL024,MED0038,2025-09-19
V001094,DEL013,MED0129,2025-09-19
V001181,DEL015,MED0140,2025-09-19
V001250,DEL033,MED0147,2025-09-19
V002122,DEL013,MED0272,2025-09-19
V002144,DEL036,MED0273,2025-09-19
V002934,DEL023,MED0366,2025-09-19
V003028,DEL044,MED0377,2025-09-19
V004891,DEL026,MED0600,2025-09-19
V005304,DEL050,MED0665,2025-09-19
V005931,DEL029,MED0729,2025-09-19
V006080,DEL013,MED0748,2025-09-19
V006230,DEL013,MED0758,2025-09-19
V006722,DEL006,MED0830,2025-09-19
V006816,DEL031,MED0837,2025-09-19
V008098,DEL047,MED0993,2025-09-19
V008432,DEL020,MED1032,2025-09-19
V009089,DEL016,MED1097,2025-09-19
V009661,DEL009,MED1171,2025-09-19
V009711,DEL033,MED1177,2025-09-19
V009712,DEL033,MED1177,2025-09-19
V009910,DEL041,MED1193,2025-09-19
V010349,DEL037,MED1240,2025-09-19
V010455,DEL043,MED1248,2025-09-19
V010755,DEL028,MED1303,2025-09-19
V010939,DEL037,MED1334,2025-09-19
V011545,DEL022,MED1405,2025-09-19
V011879,DEL033,MED1436,2025-09-19
V013604,DEL027,MED1602,2025-09-19
V013780,DEL032,MED1620,2025-09-19
V014041,DEL043,MED1641,2025-09-19
V015165,DEL035,MED1769,2025-09-19
V016540,DEL021,MED1945,2025-09-19
V016664,DEL001,MED1959,2025-09-19
V001196,DEL009,MED0144,2025-09-20
V001675,DEL018,MED0204,2025-09-20
V002233,DEL007,MED0287,2025-09-20
V002583,DEL014,MED0329,2025-09-20
V002668,DEL008,MED0341,2025-09-20
V003196,DEL034,MED0392,2025-09-20
V004437,DEL018,MED0543,2025-09-20
V005670,DEL018,MED0703,2025-09-20
V005697,DEL044,MED0707,2025-09-20
V006202,DEL018,MED0757,2025-09-20
V006331,DEL038,MED0771,2025-09-20
V009792,DEL023,MED1183,2025-09-20
V009918,DEL041,MED1193,2025-09-20
V012118,DEL039,MED1454,2025-09-20
V012531,DEL011,MED1501,2025-09-20
V012935,DEL018,MED1545,2025-09-20
V013260,DEL033,MED1579,2025-09-20
V014605,DEL020,MED1700,2025-09-20
V014825,DEL048,MED1727,2025-09-20
V015226,DEL024,MED1775,2025-09-20
V000403,DEL018,MED0050,2025-09-21
V001209,DEL024,MED0146,2025-09-21
V002058,DEL045,MED0261,2025-09-21
V002196,DEL004,MED0282,2025-09-21
V003014,DEL008,MED0375,2025-09-21
V004206,DEL013,MED0522,2025-09-21
V004527,DEL047,MED0555,2025-09-21
V006658,DEL033,MED0818,2025-09-21
V007016,DEL025,MED0865,2025-09-21
V008081,DEL012,MED0991,2025-09-21
V008188,DEL045,MED1000,2025-09-21
V008948,DEL006,MED1087,2025-09-21
V009436,DEL038,MED1138,2025-09-21
V009556,DEL041,MED1163,2025-09-21
V010019,DEL019,MED1199,2025-09-21
V010111,DEL005,MED1208,2025-09-21
V010399,DEL020,MED1243,2025-09-21
V010754,DEL028,MED1303,2025-09-21
V010879,DEL010,MED1326,2025-09-21
V011305,DEL020,MED1379,2025-09-21
V012572,DEL020,MED1503,2025-09-21
V013161,DEL023,MED1569,2025-09-21
V013414,DEL027,MED1589,2025-09-21
V013584,DEL045,MED1601,2025-09-21
V015120,DEL023,MED1768,2025-09-21
V015207,DEL024,MED1775,2025-09-21
V015781,DEL025,MED1842,2025-09-21
V015993,DEL044,MED1867,2025-09-21
V016531,DEL021,MED1945,2025-09-21
V016693,DEL015,MED1968,2025-09-21
V000429,DEL045,MED0054,2025-09-22
V000501,DEL007,MED0059,2025-09-22
V000774,DEL024,MED0090,2025-09-22
V001047,DEL008,MED0125,2025-09-22
V001591,DEL030,MED0193,2025-09-22
V003412,DEL002,MED0416,2025-09-22
V003681,DEL026,MED0448,2025-09-22
V003952,DEL042,MED0478,2025-09-22
V007135,DEL033,MED0881,2025-09-22
V007257,DEL014,MED0893,2025-09-22
V007933,DEL031,MED0977,2025-09-22
V007956,DEL041,MED0978,2025-09-22
V008524,DEL033,MED1041,2025-09-22
V008873,DEL049,MED1077,2025-09-22
V009001,DEL021,MED1090,2025-09-22
V009230,DEL035,MED1109,2025-09-22
V009370,DEL046,MED1126,2025-09-22
V009653,DEL022,MED1170,2025-09-22
V010946,DEL037,MED1334,2025-09-22
V011673,DEL046,MED1419,2025-09-22
V011810,DEL017,MED1432,2025-09-22
V012204,DEL036,MED1461,2025-09-22
V012567,DEL020,MED1503,2025-09-22
V013492,DEL018,MED1592,2025-09-22
V013505,DEL036,MED1594,2025-09-22
V013749,DEL014,MED1617,2025-09-22
V014738,DEL017,MED1715,2025-09-22
V014999,DEL015,MED1752,2025-09-22
V001634,DEL014,MED0197,2025-09-23
V002336,DEL036,MED0298,2025-09-23
V002362,DEL014,MED0300,2025-09-23
V003668,DEL043,MED0447,2025-09-23
V005924,DEL029,MED0729,2025-09-23
V006427,DEL003,MED0789,2025-09-23
V007396,DEL005,MED0905,2025-09-23
V007859,DEL036,MED0971,2025-09-23
V010162,DEL013,MED1215,2025-09-23
V010696,DEL014,MED1289,2025-09-23
V010768,DEL003,MED1307,2025-09-23
V011203,DEL034,MED1367,2025-09-23
V011491,DEL034,MED1400,2025-09-23
V011853,DEL044,MED1435,2025-09-23
V011922,DEL036,MED1438,2025-09-23
V012878,DEL017,MED1541,2025-09-23
V012971,DEL048,MED1550,2025-09-23
V013727,DEL010,MED1616,2025-09-23
V013883,DEL024,MED1624,2025-09-23
V013957,DEL003,MED1632,2025-09-23
V014196,DEL011,MED1658,2025-09-23
V014814,DEL016,MED1720,2025-09-23
V014882,DEL001,MED1736,2025-09-23
V000158,DEL020,MED0022,2025-09-24
V000176,DEL033,MED0025,2025-09-24
V000224,DEL010,MED0035,2025-09-24
V001853,DEL008,MED0224,2025-09-24
V001945,DEL006,MED0241,2025-09-24
V002340,DEL036,MED0298,2025-09-24
V003268,DEL029,MED0402,2025-09-24
V003290,DEL011,MED0404,2025-09-24
V004280,DEL005,MED0530,2025-09-24
V004645,DEL048,MED0572,2025-09-24
V004861,DEL011,MED0597,2025-09-24
V006246,DEL026,MED0760,2025-09-24
V007082,DEL020,MED0876,2025-09-24
V007653,DEL006,MED0952,2025-09-24
V008558,DEL015,MED1045,2025-09-24
V008773,DEL049,MED1071,2025-09-24
V009642,DEL022,MED1170,2025-09-24
V014198,DEL011,MED1658,2025-09-24
V015064,DEL005,MED1758,2025-09-24
V016529,DEL021,MED1945,2025-09-24
V016670,DEL004,MED1960,2025-09-24
V000100,DEL023,MED0019,2025-09-25
V002286,DEL014,MED0295,2025-09-25
V002531,DEL048,MED0321,2025-09-25
V002549,DEL008,MED0323,2025-09-25
V002760,DEL008,MED0345,2025-09-25
V002870,DEL050,MED0356,2025-09-25
V002874,DEL050,MED0356,2025-09-25
V003264,DEL029,MED0402,2025-09-25
V005258,DEL004,MED0661,2025-09-25
V006896,DEL022,MED0851,2025-09-25
V006980,DEL019,MED0864,2025-09-25
V007333,DEL002,MED0897,2025-09-25
V007494,DEL030,MED0922,2025-09-25
V007782,DEL049,MED0964,2025-09-25
V008709,DEL016,MED1064,2025-09-25
V008723,DEL038,MED1065,2025-09-25
V009195,DEL039,MED1103,2025-09-25
V010576,DEL023,MED1275,2025-09-25
V010655,DEL038,MED1286,2025-09-25
V011168,DEL001,MED1366,2025-09-25
V011206,DEL034,MED1367,2025-09-25
V011544,DEL022,MED1405,2025-09-25
V011686,DEL020,MED1421,2025-09-25
V012418,DEL009,MED1491,2025-09-25
V013040,DEL003,MED1560,2025-09-25
V013081,DEL024,MED1563,2025-09-25
V013896,DEL003,MED1625,2025-09-25
V014307,DEL002,MED1674,2025-09-25
V014612,DEL020,MED1700,2025-09-25
V014696,DEL038,MED1710,2025-09-25
V015650,DEL011,MED1820,2025-09-25
V016179,DEL025,MED1891,2025-09-25
V016334,DEL007,MED1912,2025-09-25
V016736,DEL005,MED1973,2025-09-25
V016847,DEL001,MED1984,2025-09-25
V000725,DEL028,MED0084,2025-09-26
V000964,DEL021,MED0113,2025-09-26
V001619,DEL014,MED0197,2025-09-26
V002604,DEL047,MED0332,2025-09-26
V002607,DEL047,MED0332,2025-09-26
V003932,DEL007,MED0475,2025-09-26
V005242,DEL004,MED0661,2025-09-26
V005368,DEL027,MED0672,2025-09-26
V005413,DEL046,MED0674,2025-09-26
V005652,DEL023,MED0701,2025-09-26
V006960,DEL014,MED0861,2025-09-26
V008189,DEL045,MED1000,2025-09-26
V008692,DEL049,MED1058,2025-09-26
V009079,DEL006,MED1096,2025-09-26
V009724,DEL044,MED1178,2025-09-26
V010648,DEL033,MED1285,2025-09-26
V011273,DEL049,MED1372,2025-09-26
V015674,DEL044,MED1825,2025-09-26
V000189,DEL030,MED0027,2025-09-27
V000768,DEL024,MED0090,2025-09-27
V001245,DEL033,MED0147,2025-09-27
V004285,DEL005,MED0530,2025-09-27
V004673,DEL018,MED0573,2025-09-27
V005123,DEL042,MED0638,2025-09-27
V006118,DEL046,MED0750,2025-09-27
V006837,DEL027,MED0844,2025-09-27
V007158,DEL025,MED0882,2025-09-27
V007189,DEL003,MED0885,2025-09-27
V008074,DEL012,MED0991,2025-09-27
V011507,DEL043,MED1403,2025-09-27
V011574,DEL028,MED1408,2025-09-27
V012207,DEL036,MED1461,2025-09-27
V012959,DEL034,MED1549,2025-09-27
V013179,DEL002,MED1571,2025-09-27
V013487,DEL018,MED1592,2025-09-27
V013772,DEL032,MED1620,2025-09-27
V014568,DEL018,MED1698,2025-09-27
V014735,DEL017,MED1715,2025-09-27
V015097,DEL049,MED1765,2025-09-27
V015467,DEL043,MED1801,2025-09-27
V016306,DEL037,MED1907,2025-09-27
V016314,DEL025,MED1910,2025-09-27
V016316,DEL025,MED1910,2025-09-27
V016846,DEL001,MED1984,2025-09-27
V000688,DEL013,MED0080,2025-09-28
V000770,DEL024,MED0090,2025-09-28
V001271,DEL017,MED0149,2025-09-28
V002163,DEL048,MED0277,2025-09-28
V002403,DEL038,MED0307,2025-09-28
V002464,DEL014,MED0312,2025-09-28
V003548,DEL029,MED0436,2025-09-28
V004396,DEL016,MED0540,2025-09-28
V006770,DEL038,MED0834,2025-09-28
V007496,DEL030,MED0922,2025-09-28
V007894,DEL034,MED0972,2025-09-28
V008228,DEL022,MED1002,2025-09-28
V009044,DEL035,MED1091,2025-09-28
V010588,DEL033,MED1277,2025-09-28
V010973,DEL021,MED1339,2025-09-28
V011210,DEL030,MED1368,2025-09-28
V011260,DEL032,MED1370,2025-09-28
V012674,DEL037,MED1519,2025-09-28
V012974,DEL048,MED1550,2025-09-28
V014694,DEL038,MED1710,2025-09-28
V001855,DEL008,MED0224,2025-10-01
V003495,DEL014,MED0431,2025-10-01
V003956,DEL042,MED0478,2025-10-01
V004071,DEL006,MED0496,2025-10-01
V004314,DEL027,MED0532,2025-10-01
V004432,DEL018,MED0543,2025-10-01
V005215,DEL012,MED0654,2025-10-01
V005977,DEL012,MED0731,2025-10-01
V006146,DEL048,MED0751,2025-10-01
V006316,DEL021,MED0769,2025-10-01
V007192,DEL003,MED0885,2025-10-01
V008006,DEL023,MED0983,2025-10-01
V008225,DEL022,MED1002,2025-10-01
V008610,DEL046,MED1048,2025-10-01
V010472,DEL043,MED1251,2025-10-01
V010613,DEL010,MED1280,2025-10-01
V010760,DEL038,MED1305,2025-10-01
V010880,DEL010,MED1326,2025-10-01
V010949,DEL037,MED1334,2025-10-01
V011742,DEL001,MED1424,2025-10-01
V011950,DEL014,MED1439,2025-10-01
V012334,DEL042,MED1476,2025-10-01
V012592,DEL036,MED1506,2025-10-01
V014440,DEL008,MED1685,2025-10-01
V014785,DEL048,MED1717,2025-10-01
V014870,DEL049,MED1735,2025-10-01
V000026,DEL042,MED0006,2025-10-02
V000955,DEL021,MED0113,2025-10-02
V001335,DEL036,MED0158,2025-10-02
V003094,DEL013,MED0383,2025-10-02
V004015,DEL015,MED0486,2025-10-02
V004389,DEL016,MED0540,2025-10-02
V005490,DEL010,MED0683,2025-10-02
V006606,DEL043,MED0811,2025-10-02
V007126,DEL033,MED0881,2025-10-02
V008141,DEL014,MED0995,2025-10-02
V008434,DEL020,MED1032,2025-10-02
V008599,DEL033,MED1046,2025-10-02
V009231,DEL035,MED1109,2025-10-02
V009344,DEL007,MED1119,2025-10-02
V010512,DEL013,MED1262,2025-10-02
V010807,DEL014,MED1309,2025-10-02
V010912,DEL034,MED1328,2025-10-02
V010965,DEL044,MED1337,2025-10-02
V011583,DEL023,MED1410,2025-10-02
V012643,DEL016,MED1517,2025-10-02
V013583,DEL045,MED1601,2025-10-02
V013616,DEL031,MED1603,2025-10-02
V014183,DEL016,MED1656,2025-10-02
V016665,DEL001,MED1959,2025-10-02
V000374,DEL016,MED0048,2025-10-03
V002685,DEL008,MED0341,2025-10-03
V004483,DEL020,MED0549,2025-10-03
V004759,DEL026,MED0581,2025-10-03
V004796,DEL001,MED0585,2025-10-03
V005507,DEL005,MED0686,2025-10-03
V005785,DEL014,MED0714,2025-10-03
V006108,DEL046,MED0750,2025-10-03
V006252,DEL042,MED0761,2025-10-03
V006757,DEL036,MED0833,2025-10-03
V009914,DEL041,MED1193,2025-10-03
V011002,DEL032,MED1349,2025-10-03
V011040,DEL043,MED1356,2025-10-03
V012086,DEL045,MED1450,2025-10-03
V014321,DEL015,MED1675,2025-10-03
V014461,DEL011,MED1687,2025-10-03
V014888,DEL014,MED1738,2025-10-03
V015044,DEL049,MED1756,2025-10-03
V015373,DEL015,MED1789,2025-10-03
V016500,DEL002,MED1944,2025-10-03
V016614,DEL012,MED1955,2025-10-03
V001241,DEL033,MED0147,2025-10-04
V001340,DEL036,MED0158,2025-10-04
V002235,DEL007,MED0287,2025-10-04
V002596,DEL047,MED0332,2025-10-04
V003232,DEL023,MED0398,2025-10-04
V003720,DEL049,MED0452,2025-10-04
V004323,DEL027,MED0532,2025-10-04
V004947,DEL035,MED0614,2025-10-04
V005200,DEL039,MED0650,2025-10-04
V005855,DEL031,MED0725,2025-10-04
V008257,DEL036,MED1006,2025-10-04
V008369,DEL027,MED1025,2025-10-04
V008546,DEL041,MED1044,2025-10-04
V008911,DEL033,MED1086,2025-10-04
V009810,DEL048,MED1185,2025-10-04
V009838,DEL047,MED1186,2025-10-04
V011380,DEL013,MED1385,2025-10-04
V011548,DEL022,MED1405,2025-10-04
V011946,DEL014,MED1439,2025-10-04
V013136,DEL033,MED1568,2025-10-04
V016625,DEL012,MED1955,2025-10-04
V000896,DEL049,MED0108,2025-10-05
V000963,DEL021,MED0113,2025-10-05
V002155,DEL013,MED0275,2025-10-05
V002861,DEL050,MED0356,2025-10-05
V004216,DEL003,MED0523,2025-10-05
V004925,DEL027,MED0606,2025-10-05
V005315,DEL036,MED0666,2025-10-05
V005651,DEL023,MED0701,2025-10-05
V006322,DEL021,MED0769,2025-10-05
V008274,DEL042,MED1009,2025-10-05
V008561,DEL015,MED1045,2025-10-05
V009588,DEL033,MED1165,2025-10-05
V009723,DEL033,MED1177,2025-10-05
V010656,DEL038,MED1286,2025-10-05
V010998,DEL001,MED1347,2025-10-05
V011051,DEL043,MED1356,2025-10-05
V011096,DEL032,MED1360,2025-10-05
V011132,DEL015,MED1365,2025-10-05
V012149,DEL016,MED1456,2025-10-05
V014941,DEL034,MED1746,2025-10-05
V015840,DEL011,MED1853,2025-10-05
V016253,DEL040,MED1900,2025-10-05
V016576,DEL039,MED1951,2025-10-05
V016585,DEL046,MED1952,2025-10-05
V016760,DEL010,MED1974,2025-10-05
V000068,DEL012,MED0011,2025-10-06
V001244,DEL033,MED0147,2025-10-06
V002372,DEL034,MED0301,2025-10-06
V002748,DEL008,MED0345,2025-10-06
V004541,DEL047,MED0555,2025-10-06
V004919,DEL038,MED0604,2025-10-06
V005915,DEL029,MED0729,2025-10-06
V006562,DEL028,MED0803,2025-10-06
V006592,DEL043,MED0811,2025-10-06
V006700,DEL009,MED0823,2025-10-06
V008347,DEL008,MED1022,2025-10-06
V009717,DEL033,MED1177,2025-10-06
V010436,DEL032,MED1244,2025-10-06
V010811,DEL003,MED1310,2025-10-06
V011021,DEL027,MED1353,2025-10-06
V012564,DEL020,MED1503,2025-10-06
V012594,DEL036,MED1506,2025-10-06
V012835,DEL006,MED1540,2025-10-06
V013124,DEL032,MED1565,2025-10-06
V013886,DEL024,MED1624,2025-10-06
V014439,DEL008,MED1685,2025-10-06
V014535,DEL021,MED1697,2025-10-06
V016243,DEL037,MED1894,2025-10-06
V016276,DEL049,MED1902,2025-10-06
V016521,DEL021,MED1945,2025-10-06
V016915,DEL023,MED2000,2025-10-06
V000548,DEL038,MED0063,2025-10-07
V001045,DEL008,MED0125,2025-10-07
V002118,DEL013,MED0272,2025-10-07
V003117,DEL002,MED0386,2025-10-07
V003580,DEL033,MED0439,2025-10-07
V003695,DEL013,MED0450,2025-10-07
V004485,DEL020,MED0549,2025-10-07
V005155,DEL001,MED0643,2025-10-07
V005159,DEL044,MED0644,2025-10-07
V005958,DEL018,MED0730,2025-10-07
V006914,DEL001,MED0854,2025-10-07
V007431,DEL030,MED0909,2025-10-07
V007677,DEL050,MED0953,2025-10-07
V008251,DEL035,MED1005,2025-10-07
V008644,DEL004,MED1055,2025-10-07
V008689,DEL049,MED1058,2025-10-07
V008771,DEL049,MED1071,2025-10-07
V010222,DEL017,MED1221,2025-10-07
V011623,DEL003,MED1415,2025-10-07
V011675,DEL046,MED1419,2025-10-07
V012065,DEL031,MED1449,2025-10-07
V012176,DEL038,MED1459,2025-10-07
V012829,DEL006,MED1540,2025-10-07
V013420,DEL027,MED1589,2025-10-07
V014079,DEL026,MED1645,2025-10-07
V015050,DEL049,MED1756,2025-10-07
V016269,DEL024,MED1901,2025-10-07
V001561,DEL048,MED0191,2025-10-08
V001813,DEL050,MED0220,2025-10-08
V005025,DEL006,MED0622,2025-10-08
V006040,DEL021,MED0743,2025-10-08
V006601,DEL043,MED0811,2025-10-08
V007188,DEL003,MED0885,2025-10-08
V008585,DEL033,MED1046,2025-10-08
V009384,DEL023,MED1127,2025-10-08
V011323,DEL023,MED1381,2025-10-08
V011424,DEL019,MED1394,2025-10-08
V011896,DEL019,MED1437,2025-10-08
V012488,DEL023,MED1497,2025-10-08
V012538,DEL011,MED1501,2025-10-08
V012874,DEL017,MED1541,2025-10-08
V014152,DEL011,MED1654,2025-10-08
V014453,DEL036,MED1686,2025-10-08
V015281,DEL039,MED1778,2025-10-08
V016089,DEL001,MED1876,2025-10-08
V016567,DEL046,MED1950,2025-10-08
V001373,DEL006,MED0161,2025-10-09
V002394,DEL042,MED0305,2025-10-09
V005260,DEL004,MED0661,2025-10-09
V005815,DEL027,MED0719,2025-10-09
V005967,DEL018,MED0730,2025-10-09
V007014,DEL025,MED0865,2025-10-09
V007884,DEL034,MED0972,2025-10-09
V008384,DEL030,MED1029,2025-10-09
V008949,DEL006,MED1087,2025-10-09
V009241,DEL047,MED1110,2025-10-09
V010641,DEL048,MED1284,2025-10-09
V011097,DEL032,MED1360,2025-10-09
V011135,DEL015,MED1365,2025-10-09
V011569,DEL028,MED1408,2025-10-09
V012188,DEL038,MED1459,2025-10-09
V012799,DEL003,MED1530,2025-10-09
V013449,DEL048,MED1591,2025-10-09
V014228,DEL032,MED1669,2025-10-09
V015129,DEL023,MED1768,2025-10-09
V015514,DEL010,MED1807,2025-10-09
V016148,DEL017,MED1888,2025-10-09
V016335,DEL011,MED1913,2025-10-09
V016856,DEL001,MED1984,2025-10-09
V000340,DEL039,MED0044,2025-10-10
V000644,DEL039,MED0073,2025-10-10
V001016,DEL043,MED0124,2025-10-10
V001072,DEL045,MED0127,2025-10-10
V001137,DEL033,MED0134,2025-10-10
V001165,DEL011,MED0137,2025-10-10
V001930,DEL012,MED0236,2025-10-10
V002277,DEL023,MED0292,2025-10-10
V002869,DEL050,MED0356,2025-10-10
V003043,DEL007,MED0381,2025-10-10
V003438,DEL039,MED0423,2025-10-10
V004728,DEL023,MED0579,2025-10-10
V005131,DEL024,MED0639,2025-10-10
V005133,DEL024,MED0639,2025-10-10
V006821,DEL007,MED0839,2025-10-10
V007157,DEL025,MED0882,2025-10-10
V007264,DEL014,MED0893,2025-10-10
V007290,DEL043,MED0895,2025-10-10
V007957,DEL041,MED0978,2025-10-10
V008158,DEL028,MED0998,2025-10-10
V009030,DEL035,MED1091,2025-10-10
V009463,DEL010,MED1143,2025-10-10
V010899,DEL010,MED1326,2025-10-10
V010937,DEL037,MED1334,2025-10-10
V011018,DEL010,MED1352,2025-10-10
V012593,DEL036,MED1506,2025-10-10
V012693,DEL036,MED1520,2025-10-10
V012934,DEL018,MED1545,2025-10-10
V013317,DEL017,MED1584,2025-10-10
V013855,DEL016,MED1623,2025-10-10
V014360,DEL031,MED1676,2025-10-10
V016052,DEL017,MED1875,2025-10-10
V016910,DEL026,MED1999,2025-10-10
V000278,DEL018,MED0040,2025-10-11
V001169,DEL011,MED0137,2025-10-11
V002212,DEL016,MED0285,2025-10-11
V004257,DEL039,MED0527,2025-10-11
V004683,DEL018,MED0573,2025-10-11
V005247,DEL004,MED0661,2025-10-11
V005783,DEL014,MED0714,2025-10-11
V006039,DEL021,MED0743,2025-10-11
V006313,DEL021,MED0769,2025-10-11
V006946,DEL006,MED0859,2025-10-11
V008124,DEL049,MED0994,2025-10-11
V008937,DEL006,MED1087,2025-10-11
V009245,DEL047,MED1110,2025-10-11
V009590,DEL033,MED1165,2025-10-11
V009593,DEL030,MED1166,2025-10-11
V010339,DEL033,MED1239,2025-10-11
V010773,DEL003,MED1307,2025-10-11
V011978,DEL001,MED1445,2025-10-11
V014226,DEL042,MED1667,2025-10-11
V014368,DEL031,MED1676,2025-10-11
V016661,DEL001,MED1959,2025-10-11
V000049,DEL012,MED0011,2025-10-12
V000218,DEL034,MED0034,2025-10-12
V003304,DEL011,MED0404,2025-10-12
V003665,DEL043,MED0447,2025-10-12
V003870,DEL025,MED0469,2025-10-12
V004016,DEL015,MED0486,2025-10-12
V005595,DEL008,MED0698,2025-10-12
V006007,DEL033,MED0734,2025-10-12
V006490,DEL035,MED0796,2025-10-12
V006496,DEL035,MED0796,2025-10-12
V006744,DEL006,MED0832,2025-10-12
V008310,DEL039,MED1014,2025-10-12
V009989,DEL030,MED1198,2025-10-12
V010118,DEL005,MED1208,2025-10-12
V010371,DEL050,MED1241,2025-10-12
V012487,DEL023,MED1497,2025-10-12
V013130,DEL033,MED1566,2025-10-12
V014776,DEL048,MED1717,2025-10-12
V015405,DEL027,MED1793,2025-10-12
V016008,DEL033,MED1872,2025-10-12
V000430,DEL045,MED0054,2025-10-13
V000816,DEL042,MED0094,2025-10-13
V003866,DEL003,MED0467,2025-10-13
V004199,DEL013,MED0522,2025-10-13
V004329,DEL027,MED0532,2025-10-13
V004577,DEL026,MED0560,2025-10-13
V004599,DEL035,MED0566,2025-10-13
V004918,DEL038,MED0604,2025-10-13
V005516,DEL005,MED0686,2025-10-13
V005787,DEL014,MED0714,2025-10-13
V006151,DEL048,MED0751,2025-10-13
V008100,DEL047,MED0993,2025-10-13
V008321,DEL040,MED1016,2025-10-13
V008708,DEL016,MED1064,2025-10-13
V008810,DEL042,MED1075,2025-10-13
V009965,DEL013,MED1194,2025-10-13
V010071,DEL038,MED1202,2025-10-13
V010519,DEL041,MED1263,2025-10-13
V011334,DEL028,MED1383,2025-10-13
V011815,DEL017,MED1432,2025-10-13
V012595,DEL036,MED1506,2025-10-13
V012742,DEL025,MED1522,2025-10-13
V014436,DEL008,MED1685,2025-10-13
V014846,DEL006,MED1729,2025-10-13
V014974,DEL012,MED1749,2025-10-13
V015100,DEL018,MED1767,2025-10-13
V015871,DEL026,MED1854,2025-10-13
V016826,DEL008,MED1981,2025-10-13
V001421,DEL041,MED0165,2025-10-14
V003267,DEL029,MED0402,2025-10-14
V003974,DEL040,MED0480,2025-10-14
V004911,DEL030,MED0603,2025-10-14
V005321,DEL031,MED0667,2025-10-14
V005751,DEL039,MED0713,2025-10-14
V006466,DEL020,MED0795,2025-10-14
V008079,DEL012,MED0991,2025-10-14
V009187,DEL039,MED1103,2025-10-14
V009203,DEL030,MED1104,2025-10-14
V009435,DEL038,MED1138,2025-10-14
V009736,DEL034,MED1179,2025-10-14
V009958,DEL013,MED1194,2025-10-14
V010015,DEL019,MED1199,2025-10-14
V011015,DEL010,MED1352,2025-10-14
V012014,DEL021,MED1446,2025-10-14
V012109,DEL006,MED1453,2025-10-14
V013057,DEL001,MED1562,2025-10-14
V013484,DEL018,MED1592,2025-10-14
V015644,DEL009,MED1818,2025-10-14
V016671,DEL004,MED1960,2025-10-14
V000329,DEL016,MED0043,2025-10-15
V000377,DEL016,MED0048,2025-10-15
V000903,DEL049,MED0108,2025-10-15
V001143,DEL033,MED0134,2025-10-15
V001346,DEL036,MED0158,2025-10-15
V002426,DEL010,MED0308,2025-10-15
V003784,DEL014,MED0457,2025-10-15
V004279,DEL005,MED0530,2025-10-15
V004332,DEL027,MED0532,2025-10-15
V005013,DEL006,MED0622,2025-10-15
V005126,DEL042,MED0638,2025-10-15
V006266,DEL030,MED0765,2025-10-15
V006838,DEL027,MED0844,2025-10-15
V007442,DEL044,MED0910,2025-10-15
V008182,DEL045,MED1000,2025-10-15
V008311,DEL039,MED1014,2025-10-15
V008469,DEL040,MED1036,2025-10-15
V009265,DEL024,MED1111,2025-10-15
V010534,DEL020,MED1268,2025-10-15
V010829,DEL049,MED1313,2025-10-15
V011572,DEL028,MED1408,2025-10-15
V012154,DEL029,MED1458,2025-10-15
V012514,DEL007,MED1498,2025-10-15
V012537,DEL011,MED1501,2025-10-15
V012784,DEL042,MED1526,2025-10-15
V014347,DEL031,MED1676,2025-10-15
V014402,DEL043,MED1678,2025-10-15
V014462,DEL011,MED1687,2025-10-15
V015208,DEL024,MED1775,2025-10-15
V015345,DEL029,MED1786,2025-10-15
V015572,DEL041,MED1809,2025-10-15
V015744,DEL037,MED1838,2025-10-15
V015786,DEL022,MED1843,2025-10-15
V015930,DEL050,MED1860,2025-10-15
V015996,DEL048,MED1869,2025-10-15
V016559,DEL046,MED1950,2025-10-15
V016588,DEL029,MED1953,2025-10-15
V016610,DEL012,MED1955,2025-10-15
V000011,DEL041,MED0001,2025-10-16
V000118,DEL034,MED0021,2025-10-16
V000520,DEL047,MED0062,2025-10-16
V000544,DEL038,MED0063,2025-10-16
V000854,DEL020,MED0104,2025-10-16
V000950,DEL021,MED0113,2025-10-16
V001720,DEL040,MED0210,2025-10-16
V002311,DEL042,MED0297,2025-10-16
V002361,DEL014,MED0300,2025-10-16
V002773,DEL033,MED0351,2025-10-16
V003234,DEL023,MED0398,2025-10-16
V003237,DEL023,MED0398,2025-10-16
V004252,DEL039,MED0527,2025-10-16
V004395,DEL016,MED0540,2025-10-16
V005825,DEL027,MED0719,2025-10-16
V005976,DEL012,MED0731,2025-10-16
V006314,DEL021,MED0769,2025-10-16
V006323,DEL021,MED0769,2025-10-16
V006741,DEL006,MED0832,2025-10-16
V007072,DEL033,MED0874,2025-10-16
V007618,DEL006,MED0946,2025-10-16
V008246,DEL035,MED1005,2025-10-16
V009124,DEL025,MED1101,2025-10-16
V009522,DEL011,MED1158,2025-10-16
V009549,DEL033,MED1162,2025-10-16
V010284,DEL038,MED1229,2025-10-16
V011732,DEL001,MED1424,2025-10-16
V013176,DEL012,MED1570,2025-10-16
V014372,DEL012,MED1677,2025-10-16
V014836,DEL006,MED1729,2025-10-16
V015486,DEL049,MED1805,2025-10-16
V015932,DEL050,MED1860,2025-10-16
V000645,DEL039,MED0073,2025-10-17
V000767,DEL024,MED0090,2025-10-17
V000826,DEL001,MED0100,2025-10-17
V000951,DEL021,MED0113,2025-10-17
V001494,DEL008,MED0181,2025-10-17
V002180,DEL017,MED0279,2025-10-17
V002756,DEL008,MED0345,2025-10-17
V003374,DEL023,MED0408,2025-10-17
V003728,DEL049,MED0452,2025-10-17
V004067,DEL006,MED0496,2025-10-17
V004398,DEL018,MED0541,2025-10-17
V004698,DEL014,MED0574,2025-10-17
V005038,DEL023,MED0623,2025-10-17
V005306,DEL050,MED0665,2025-10-17
V006031,DEL030,MED0739,2025-10-17
V007206,DEL003,MED0886,2025-10-17
V007996,DEL023,MED0983,2025-10-17
V008176,DEL045,MED1000,2025-10-17
V008378,DEL023,MED1028,2025-10-17
V009385,DEL023,MED1127,2025-10-17
V009919,DEL041,MED1193,2025-10-17
V010819,DEL048,MED1312,2025-10-17
V012353,DEL009,MED1483,2025-10-17
V013175,DEL012,MED1570,2025-10-17
V013663,DEL007,MED1610,2025-10-17
V014841,DEL006,MED1729,2025-10-17
V015455,DEL022,MED1798,2025-10-17
V016823,DEL029,MED1979,2025-10-17
V001469,DEL020,MED0173,2025-10-18
V002069,DEL001,MED0266,2025-10-18
V002084,DEL008,MED0269,2025-10-18
V002968,DEL010,MED0368,2025-10-18
V003339,DEL050,MED0406,2025-10-18
V003656,DEL043,MED0447,2025-10-18
V003981,DEL009,MED0482,2025-10-18
V005067,DEL006,MED0628,2025-10-18
V007211,DEL003,MED0886,2025-10-18
V007256,DEL014,MED0893,2025-10-18
V007328,DEL002,MED0897,2025-10-18
V008219,DEL022,MED1002,2025-10-18
V008419,DEL020,MED1032,2025-10-18
V008606,DEL046,MED1048,2025-10-18
V009280,DEL010,MED1112,2025-10-18
V009610,DEL047,MED1167,2025-10-18
V010314,DEL040,MED1235,2025-10-18
V012120,DEL039,MED1454,2025-10-18
V012647,DEL016,MED1517,2025-10-18
V013638,DEL020,MED1606,2025-10-18
V015508,DEL010,MED1807,2025-10-18
V015864,DEL026,MED1854,2025-10-18
V015867,DEL026,MED1854,2025-10-18
V016045,DEL017,MED1875,2025-10-18
V016242,DEL037,MED1894,2025-10-18
V016376,DEL032,MED1925,2025-10-18
V004262,DEL039,MED0527,2025-10-19
V005324,DEL042,MED0668,2025-10-19
V005345,DEL045,MED0670,2025-10-19
V005731,DEL020,MED0710,2025-10-19
V006114,DEL046,MED0750,2025-10-19
V006982,DEL019,MED0864,2025-10-19
V007527,DEL030,MED0926,2025-10-19
V008105,DEL047,MED0993,2025-10-19
V008127,DEL049,MED0994,2025-10-19
V008379,DEL023,MED1028,2025-10-19
V008609,DEL046,MED1048,2025-10-19
V009452,DEL032,MED1140,2025-10-19
V013159,DEL023,MED1569,2025-10-19
V013854,DEL016,MED1623,2025-10-19
V014320,DEL015,MED1675,2025-10-19
V015570,DEL041,MED1809,2025-10-19
V015731,DEL009,MED1837,2025-10-19
V000518,DEL047,MED0062,2025-10-20
V001468,DEL020,MED0173,2025-10-20
V002679,DEL008,MED0341,2025-10-20
V002964,DEL010,MED0368,2025-10-20
V004855,DEL028,MED0596,2025-10-20
V005748,DEL039,MED0713,2025-10-20
V007271,DEL014,MED0893,2025-10-20
V008515,DEL033,MED1041,2025-10-20
V008534,DEL031,MED1042,2025-10-20
V008654,DEL018,MED1057,2025-10-20
V009153,DEL036,MED1102,2025-10-20
V009652,DEL022,MED1170,2025-10-20
V010506,DEL013,MED1261,2025-10-20
V011522,DEL024,MED1404,2025-10-20
V014407,DEL043,MED1678,2025-10-20
V014806,DEL016,MED1720,2025-10-20
V015006,DEL018,MED1754,2025-10-20
V000167,DEL033,MED0023,2025-10-21
V002384,DEL011,MED0304,2025-10-21
V002677,DEL008,MED0341,2025-10-21
V003298,DEL011,MED0404,2025-10-21
V003922,DEL007,MED0475,2025-10-21
V004272,DEL029,MED0529,2025-10-21
V004713,DEL008,MED0576,2025-10-21
V005166,DEL010,MED0647,2025-10-21
V005694,DEL044,MED0707,2025-10-21
V007033,DEL001,MED0867,2025-10-21
V008162,DEL007,MED0999,2025-10-21
V008248,DEL035,MED1005,2025-10-21
V010438,DEL032,MED1244,2025-10-21
V010467,DEL032,MED1250,2025-10-21
V011111,DEL018,MED1364,2025-10-21
V012063,DEL031,MED1449,2025-10-21
V012539,DEL011,MED1501,2025-10-21
V012834,DEL006,MED1540,2025-10-21
V012941,DEL018,MED1545,2025-10-21
V014177,DEL029,MED1655,2025-10-21
V015117,DEL023,MED1768,2025-10-21
V016200,DEL001,MED1893,2025-10-21
V000921,DEL009,MED0110,2025-10-22
V001429,DEL028,MED0166,2025-10-22
V001666,DEL039,MED0202,2025-10-22
V001996,DEL004,MED0246,2025-10-22
V002125,DEL013,MED0272,2025-10-22
V002804,DEL018,MED0353,2025-10-22
V002809,DEL018,MED0353,2025-10-22
V003233,DEL023,MED0398,2025-10-22
V003500,DEL014,MED0431,2025-10-22
V003722,DEL049,MED0452,2025-10-22
V004335,DEL027,MED0532,2025-10-22
V004586,DEL022,MED0561,2025-10-22
V004600,DEL035,MED0566,2025-10-22
V006549,DEL028,MED0803,2025-10-22
V007107,DEL040,MED0879,2025-10-22
V007548,DEL028,MED0929,2025-10-22
V008099,DEL047,MED0993,2025-10-22
V008249,DEL035,MED1005,2025-10-22
V008588,DEL033,MED1046,2025-10-22
V009107,DEL020,MED1098,2025-10-22
V010154,DEL044,MED1214,2025-10-22
V010603,DEL010,MED1280,2025-10-22
V011661,DEL046,MED1419,2025-10-22
V013120,DEL034,MED1564,2025-10-22
V013489,DEL018,MED1592,2025-10-22
V013521,DEL026,MED1596,2025-10-22
V013905,DEL031,MED1630,2025-10-22
V015895,DEL006,MED1855,2025-10-22
V015934,DEL050,MED1860,2025-10-22
V016182,DEL025,MED1891,2025-10-22
V000486,DEL002,MED0058,2025-10-23
V001578,DEL048,MED0191,2025-10-23
V001623,DEL014,MED0197,2025-10-23
V001845,DEL008,MED0224,2025-10-23
V002028,DEL041,MED0251,2025-10-23
V004289,DEL005,MED0530,2025-10-23
V005995,DEL033,MED0734,2025-10-23
V007818,DEL006,MED0969,2025-10-23
V007984,DEL020,MED0982,2025-10-23
V008013,DEL023,MED0984,2025-10-23
V008136,DEL014,MED0995,2025-10-23
V009182,DEL039,MED1103,2025-10-23
V009482,DEL047,MED1146,2025-10-23
V009523,DEL011,MED1158,2025-10-23
V010151,DEL044,MED1214,2025-10-23
V010270,DEL018,MED1225,2025-10-23
V011677,DEL046,MED1419,2025-10-23
V012343,DEL015,MED1480,2025-10-23
V012980,DEL048,MED1550,2025-10-23
V014049,DEL043,MED1641,2025-10-23
V014243,DEL035,MED1670,2025-10-23
V014784,DEL048,MED1717,2025-10-23
V014815,DEL016,MED1720,2025-10-23
V014834,DEL006,MED1729,2025-10-23
V000831,DEL001,MED0101,2025-10-24
V001724,DEL040,MED0210,2025-10-24
V002811,DEL018,MED0353,2025-10-24
V003499,DEL014,MED0431,2025-10-24
V004319,DEL027,MED0532,2025-10-24
V005211,DEL029,MED0653,2025-10-24
V005434,DEL016,MED0676,2025-10-24
V005653,DEL023,MED0701,2025-10-24
V006602,DEL043,MED0811,2025-10-24
V007065,DEL006,MED0870,2025-10-24
V008154,DEL028,MED0998,2025-10-24
V008472,DEL040,MED1036,2025-10-24
V008848,DEL023,MED1076,2025-10-24
V009040,DEL035,MED1091,2025-10-24
V009689,DEL038,MED1175,2025-10-24
V009897,DEL037,MED1191,2025-10-24
V010338,DEL033,MED1239,2025-10-24
V010549,DEL035,MED1270,2025-10-24
V010763,DEL046,MED1306,2025-10-24
V011084,DEL031,MED1359,2025-10-24
V011787,DEL048,MED1430,2025-10-24
V012293,DEL026,MED1470,2025-10-24
V013158,DEL023,MED1569,2025-10-24
V014300,DEL002,MED1674,2025-10-24
V015371,DEL015,MED1789,2025-10-24
V015841,DEL011,MED1853,2025-10-24
V016848,DEL001,MED1984,2025-10-24
V000025,DEL042,MED0006,2025-10-25
V001457,DEL016,MED0170,2025-10-25
V001922,DEL013,MED0234,2025-10-25
V001938,DEL044,MED0238,2025-10-25
V005724,DEL049,MED0709,2025-10-25
V006346,DEL048,MED0778,2025-10-25
V006491,DEL035,MED0796,2025-10-25
V006869,DEL023,MED0846,2025-10-25
V007045,DEL029,MED0868,2025-10-25
V007332,DEL002,MED0897,2025-10-25
V009103,DEL020,MED1098,2025-10-25
V009188,DEL039,MED1103,2025-10-25
V009875,DEL018,MED1187,2025-10-25
V010424,DEL032,MED1244,2025-10-25
V010898,DEL010,MED1326,2025-10-25
V011159,DEL001,MED1366,2025-10-25
V012253,DEL015,MED1467,2025-10-25
V012267,DEL029,MED1469,2025-10-25
V012987,DEL013,MED1551,2025-10-25
V013551,DEL049,MED1600,2025-10-25
V013629,DEL012,MED1605,2025-10-25
V013705,DEL010,MED1615,2025-10-25
V014578,DEL018,MED1698,2025-10-25
V015642,DEL009,MED1818,2025-10-25
V016630,DEL012,MED1955,2025-10-25
V000013,DEL041,MED0001,2025-10-26
V000062,DEL012,MED0011,2025-10-26
V000619,DEL021,MED0070,2025-10-26
V001731,DEL040,MED0210,2025-10-26
V002674,DEL008,MED0341,2025-10-26
V002714,DEL030,MED0342,2025-10-26
V003544,DEL029,MED0436,2025-10-26
V005901,DEL024,MED0728,2025-10-26
V006737,DEL006,MED0832,2025-10-26
V006983,DEL019,MED0864,2025-10-26
V008025,DEL035,MED0986,2025-10-26
V008784,DEL008,MED1072,2025-10-26
V009764,DEL002,MED1180,2025-10-26
V009916,DEL041,MED1193,2025-10-26
V010443,DEL042,MED1246,2025-10-26
V010558,DEL041,MED1271,2025-10-26
V011958,DEL015,MED1442,2025-10-26
V014224,DEL048,MED1666,2025-10-26
V014302,DEL002,MED1674,2025-10-26
V014463,DEL031,MED1688,2025-10-26
V014718,DEL039,MED1714,2025-10-26
V015039,DEL049,MED1756,2025-10-26
V016643,DEL021,MED1958,2025-10-26
V016653,DEL021,MED1958,2025-10-26
V000148,DEL020,MED0022,2025-10-27
V000289,DEL018,MED0040,2025-10-27
V000602,DEL022,MED0069,2025-10-27
V001008,DEL049,MED0122,2025-10-27
V001467,DEL020,MED0173,2025-10-27
V001725,DEL040,MED0210,2025-10-27
V002442,DEL021,MED0309,2025-10-27
V003217,DEL019,MED0396,2025-10-27
V003451,DEL016,MED0424,2025-10-27
V004321,DEL027,MED0532,2025-10-27
V004334,DEL027,MED0532,2025-10-27
V004382,DEL016,MED0540,2025-10-27
V004482,DEL020,MED0549,2025-10-27
V004853,DEL044,MED0593,2025-10-27
V004893,DEL026,MED0600,2025-10-27
V006034,DEL030,MED0739,2025-10-27
V006306,DEL021,MED0769,2025-10-27
V006339,DEL002,MED0777,2025-10-27
V006558,DEL028,MED0803,2025-10-27
V008322,DEL040,MED1016,2025-10-27
V008481,DEL040,MED1036,2025-10-27
V008594,DEL033,MED1046,2025-10-27
V009618,DEL001,MED1169,2025-10-27
V011022,DEL027,MED1353,2025-10-27
V011496,DEL046,MED1402,2025-10-27
V011785,DEL048,MED1430,2025-10-27
V012613,DEL014,MED1512,2025-10-27
V016301,DEL029,MED1906,2025-10-27
V000061,DEL012,MED0011,2025-10-28
V002239,DEL007,MED0287,2025-10-28
V002871,DEL050,MED0356,2025-10-28
V003081,DEL013,MED0383,2025-10-28
V003789,DEL014,MED0457,2025-10-28
V004284,DEL005,MED0530,2025-10-28
V004819,DEL006,MED0588,2025-10-28
V004913,DEL030,MED0603,2025-10-28
V005265,DEL004,MED0661,2025-10-28
V005934,DEL029,MED0729,2025-10-28
V006258,DEL015,MED0764,2025-10-28
V007393,DEL005,MED0905,2025-10-28
V007743,DEL021,MED0963,2025-10-28
V008172,DEL045,MED1000,2025-10-28
V009457,DEL010,MED1143,2025-10-28
V009541,DEL023,MED1161,2025-10-28
V010332,DEL006,MED1238,2025-10-28
V012300,DEL026,MED1470,2025-10-28
V012330,DEL042,MED1476,2025-10-28
V013047,DEL003,MED1561,2025-10-28
V013123,DEL032,MED1565,2025-10-28
V013653,DEL032,MED1609,2025-10-28
V015422,DEL016,MED1795,2025-10-28
V016129,DEL006,MED1884,2025-10-28
V016198,DEL001,MED1893,2025-10-28
V000175,DEL033,MED0025,2025-11-01
V000902,DEL049,MED0108,2025-11-01
V001041,DEL008,MED0125,2025-11-01
V001378,DEL006,MED0161,2025-11-01
V001848,DEL008,MED0224,2025-11-01
V002398,DEL042,MED0305,2025-11-01
V003537,DEL038,MED0434,2025-11-01
V003787,DEL014,MED0457,2025-11-01
V004798,DEL001,MED0585,2025-11-01
V006277,DEL011,MED0766,2025-11-01
V007440,DEL044,MED0910,2025-11-01
V007529,DEL030,MED0926,2025-11-01
V007740,DEL021,MED0963,2025-11-01
V007772,DEL049,MED0964,2025-11-01
V007953,DEL041,MED0978,2025-11-01
V008645,DEL004,MED1055,2025-11-01
V010256,DEL041,MED1223,2025-11-01
V011162,DEL001,MED1366,2025-11-01
V011593,DEL018,MED1412,2025-11-01
V011725,DEL001,MED1424,2025-11-01
V012923,DEL016,MED1543,2025-11-01
V013738,DEL010,MED1616,2025-11-01
V015157,DEL035,MED1769,2025-11-01
V000277,DEL018,MED0040,2025-11-02
V001475,DEL020,MED0174,2025-11-02
V003383,DEL023,MED0408,2025-11-02
V003955,DEL042,MED0478,2025-11-02
V004787,DEL007,MED0584,2025-11-02
V004971,DEL004,MED0619,2025-11-02
V005917,DEL029,MED0729,2025-11-02
V006402,DEL021,MED0788,2025-11-02
V006649,DEL033,MED0818,2025-11-02
V006705,DEL043,MED0827,2025-11-02
V006719,DEL006,MED0830,2025-11-02
V006780,DEL044,MED0836,2025-11-02
V006930,DEL009,MED0858,2025-11-02
V007056,DEL029,MED0868,2025-11-02
V007125,DEL033,MED0881,2025-11-02
V008974,DEL031,MED1089,2025-11-02
V009155,DEL036,MED1102,2025-11-02
V009352,DEL007,MED1119,2025-11-02
V009869,DEL018,MED1187,2025-11-02
V012451,DEL003,MED1492,2025-11-02
V013410,DEL027,MED1589,2025-11-02
V013771,DEL032,MED1620,2025-11-02
V013955,DEL003,MED1632,2025-11-02
V014669,DEL004,MED1705,2025-11-02
V014838,DEL006,MED1729,2025-11-02
V015477,DEL037,MED1803,2025-11-02
V015804,DEL034,MED1847,2025-11-02
V016539,DEL021,MED1945,2025-11-02
V016877,DEL030,MED1990,2025-11-02
V000029,DEL002,MED0009,2025-11-03
V000031,DEL002,MED0009,2025-11-03
V000681,DEL011,MED0079,2025-11-03
V002012,DEL024,MED0248,2025-11-03
V002751,DEL008,MED0345,2025-11-03
V003342,DEL050,MED0406,2025-11-03
V003928,DEL007,MED0475,2025-11-03
V004018,DEL015,MED0486,2025-11-03
V004533,DEL047,MED0555,2025-11-03
V004729,DEL023,MED0579,2025-11-03
V004763,DEL026,MED0581,2025-11-03
V004933,DEL041,MED0611,2025-11-03
V006376,DEL017,MED0784,2025-11-03
V007006,DEL025,MED0865,2025-11-03
V007260,DEL014,MED0893,2025-11-03
V008363,DEL015,MED1024,2025-11-03
V009043,DEL035,MED1091,2025-11-03
V011598,DEL025,MED1413,2025-11-03
V012562,DEL020,MED1503,2025-11-03
V012691,DEL036,MED1520,2025-11-03
V013310,DEL017,MED1584,2025-11-03
V013890,DEL024,MED1624,2025-11-03
V014675,DEL004,MED1705,2025-11-03
V015222,DEL024,MED1775,2025-11-03
V016086,DEL001,MED1876,2025-11-03
V016158,DEL013,MED1890,2025-11-03
V001348,DEL036,MED0158,2025-11-04
V002710,DEL030,MED0342,2025-11-04
V003547,DEL029,MED0436,2025-11-04
V004328,DEL027,MED0532,2025-11-04
V004811,DEL008,MED0587,2025-11-04
V005058,DEL050,MED0626,2025-11-04
V005334,DEL027,MED0669,2025-11-04
V005549,DEL033,MED0689,2025-11-04
V005614,DEL011,MED0700,2025-11-04
V005826,DEL027,MED0719,2025-11-04
V007156,DEL025,MED0882,2025-11-04
V009266,DEL024,MED1111,2025-11-04
V010140,DEL033,MED1213,2025-11-04
V010446,DEL012,MED1247,2025-11-04
V010718,DEL041,MED1297,2025-11-04
V010887,DEL010,MED1326,2025-11-04
V010997,DEL001,MED1347,2025-11-04
V012258,DEL020,MED1468,2025-11-04
V013207,DEL011,MED1572,2025-11-04
V014367,DEL031,MED1676,2025-11-04
V014502,DEL016,MED1693,2025-11-04
V002178,DEL017,MED0279,2025-11-05
V002393,DEL042,MED0305,2025-11-05
V003760,DEL034,MED0456,2025-11-05
V004076,DEL006,MED0496,2025-11-05
V004538,DEL047,MED0555,2025-11-05
V005301,DEL050,MED0665,2025-11-05
V006726,DEL016,MED0831,2025-11-05
V007441,DEL044,MED0910,2025-11-05
V008007,DEL023,MED0983,2025-11-05
V009609,DEL047,MED1167,2025-11-05
V010334,DEL006,MED1238,2025-11-05
V011237,DEL046,MED1369,2025-11-05
V011780,DEL048,MED1430,2025-11-05
V012187,DEL038,MED1459,2025-11-05
V012656,DEL020,MED1518,2025-11-05
V012833,DEL006,MED1540,2025-11-05
V012936,DEL018,MED1545,2025-11-05
V013133,DEL030,MED1567,2025-11-05
V013191,DEL011,MED1572,2025-11-05
V015495,DEL034,MED1806,2025-11-05
V015939,DEL050,MED1860,2025-11-05
V000142,DEL020,MED0022,2025-11-06
V000286,DEL018,MED0040,2025-11-06
V000475,DEL002,MED0058,2025-11-06
V001395,DEL017,MED0163,2025-11-06
V001918,DEL035,MED0233,2025-11-06
V004637,DEL048,MED0572,2025-11-06
V004715,DEL008,MED0576,2025-11-06
V004807,DEL048,MED0586,2025-11-06
V006523,DEL047,MED0801,2025-11-06
V006547,DEL028,MED0803,2025-11-06
V007604,DEL024,MED0942,2025-11-06
V007605,DEL024,MED0942,2025-11-06
V007675,DEL050,MED0953,2025-11-06
V007776,DEL049,MED0964,2025-11-06
V007777,DEL049,MED0964,2025-11-06
V010030,DEL019,MED1199,2025-11-06
V010401,DEL020,MED1243,2025-11-06
V011556,DEL015,MED1407,2025-11-06
V012145,DEL016,MED1456,2025-11-06
V012540,DEL011,MED1501,2025-11-06
V013409,DEL027,MED1589,2025-11-06
V014349,DEL031,MED1676,2025-11-06
V015156,DEL035,MED1769,2025-11-06
V015693,DEL048,MED1827,2025-11-06
V016771,DEL001,MED1975,2025-11-06
V000140,DEL020,MED0022,2025-11-07
V001280,DEL045,MED0156,2025-11-07
V001573,DEL048,MED0191,2025-11-07
V002594,DEL047,MED0332,2025-11-07
V003509,DEL014,MED0431,2025-11-07
V004104,DEL024,MED0504,2025-11-07
V004675,DEL018,MED0573,2025-11-07
V005105,DEL022,MED0635,2025-11-07
V005933,DEL029,MED0729,2025-11-07
V007888,DEL034,MED0972,2025-11-07
V008065,DEL012,MED0991,2025-11-07
V008688,DEL049,MED1058,2025-11-07
V009492,DEL050,MED1149,2025-11-07
V010189,DEL034,MED1220,2025-11-07
V010801,DEL004,MED1308,2025-11-07
V011587,DEL018,MED1411,2025-11-07
V012087,DEL045,MED1450,2025-11-07
V012949,DEL026,MED1547,2025-11-07
V013519,DEL026,MED1596,2025-11-07
V013736,DEL010,MED1616,2025-11-07
V013770,DEL032,MED1620,2025-11-07
V014239,DEL035,MED1670,2025-11-07
V014451,DEL036,MED1686,2025-11-07
V015036,DEL049,MED1756,2025-11-07
V015276,DEL039,MED1778,2025-11-07
V015397,DEL027,MED1793,2025-11-07
V016120,DEL011,MED1883,2025-11-07
V016895,DEL040,MED1997,2025-11-07
V000961,DEL021,MED0113,2025-11-08
V001256,DEL033,MED0147,2025-11-08
V003628,DEL018,MED0446,2025-11-08
V004244,DEL039,MED0527,2025-11-08
V005569,DEL023,MED0691,2025-11-08
V005914,DEL029,MED0729,2025-11-08
V006604,DEL043,MED0811,2025-11-08
V006963,DEL014,MED0861,2025-11-08
V008433,DEL020,MED1032,2025-11-08
V008793,DEL031,MED1074,2025-11-08
V008907,DEL038,MED1083,2025-11-08
V009959,DEL013,MED1194,2025-11-08
V012208,DEL036,MED1461,2025-11-08
V012732,DEL002,MED1521,2025-11-08
V012801,DEL003,MED1530,2025-11-08
V014013,DEL043,MED1635,2025-11-08
V014194,DEL011,MED1658,2025-11-08
V014773,DEL048,MED1717,2025-11-08
V015090,DEL046,MED1764,2025-11-08
V016772,DEL001,MED1975,2025-11-08
V000116,DEL034,MED0021,2025-11-09
V000121,DEL034,MED0021,2025-11-09
V000978,DEL008,MED0114,2025-11-09
V001249,DEL033,MED0147,2025-11-09
V001596,DEL030,MED0193,2025-11-09
V002308,DEL042,MED0297,2025-11-09
V002670,DEL008,MED0341,2025-11-09
V003190,DEL002,MED0390,2025-11-09
V004065,DEL006,MED0496,2025-11-09
V004155,DEL044,MED0515,2025-11-09
V004920,DEL038,MED0604,2025-11-09
V005483,DEL027,MED0682,2025-11-09
V006396,DEL006,MED0786,2025-11-09
V006607,DEL043,MED0811,2025-11-09
V008224,DEL022,MED1002,2025-11-09
V008435,DEL020,MED1032,2025-11-09
V010233,DEL017,MED1221,2025-11-09
V010391,DEL013,MED1242,2025-11-09
V011468,DEL049,MED1399,2025-11-09
V013386,DEL004,MED1588,2025-11-09
V013853,DEL016,MED1623,2025-11-09
V014062,DEL013,MED1642,2025-11-09
V016044,DEL017,MED1875,2025-11-09
V016663,DEL001,MED1959,2025-11-09
V016732,DEL005,MED1973,2025-11-09
V000477,DEL002,MED0058,2025-11-10
V001636,DEL002,MED0198,2025-11-10
V001693,DEL008,MED0208,2025-11-10
V001730,DEL040,MED0210,2025-11-10
V001865,DEL006,MED0226,2025-11-10
V002544,DEL026,MED0322,2025-11-10
V002819,DEL018,MED0353,2025-11-10
V004086,DEL034,MED0497,2025-11-10
V004466,DEL029,MED0547,2025-11-10
V004562,DEL034,MED0557,2025-11-10
V005544,DEL033,MED0689,2025-11-10
V005746,DEL039,MED0713,2025-11-10
V006111,DEL046,MED0750,2025-11-10
V006656,DEL033,MED0818,2025-11-10
V006664,DEL033,MED0818,2025-11-10
V007914,DEL045,MED0973,2025-11-10
V007951,DEL041,MED0978,2025-11-10
V009005,DEL021,MED1090,2025-11-10
V010062,DEL033,MED1200,2025-11-10
V010075,DEL034,MED1203,2025-11-10
V010368,DEL050,MED1241,2025-11-10
V010564,DEL001,MED1273,2025-11-10
V011010,DEL023,MED1350,2025-11-10
V012037,DEL030,MED1448,2025-11-10
V013084,DEL024,MED1563,2025-11-10
V013228,DEL013,MED1575,2025-11-10
V013773,DEL032,MED1620,2025-11-10
V013819,DEL007,MED1622,2025-11-10
V014128,DEL004,MED1649,2025-11-10
V014255,DEL017,MED1672,2025-11-10
V015045,DEL049,MED1756,2025-11-10
V015757,DEL039,MED1841,2025-11-10
V015828,DEL004,MED1851,2025-11-10
V016562,DEL046,MED1950,2025-11-10
V000863,DEL041,MED0106,2025-11-11
V001049,DEL008,MED0125,2025-11-11
V001071,DEL045,MED0127,2025-11-11
V001412,DEL041,MED0165,2025-11-11
V002632,DEL043,MED0339,2025-11-11
V003291,DEL011,MED0404,2025-11-11
V004034,DEL022,MED0491,2025-11-11
V004582,DEL026,MED0560,2025-11-11
V004607,DEL012,MED0568,2025-11-11
V005023,DEL006,MED0622,2025-11-11
V005878,DEL047,MED0726,2025-11-11
V007066,DEL006,MED0870,2025-11-11
V008157,DEL028,MED0998,2025-11-11
V008448,DEL014,MED1035,2025-11-11
V008789,DEL019,MED1073,2025-11-11
V008868,DEL049,MED1077,2025-11-11
V011577,DEL028,MED1408,2025-11-11
V016804,DEL011,MED1977,2025-11-11
V000190,DEL030,MED0027,2025-11-12
V001577,DEL048,MED0191,2025-11-12
V002188,DEL048,MED0280,2025-11-12
V002423,DEL010,MED0308,2025-11-12
V002424,DEL010,MED0308,2025-11-12
V002474,DEL023,MED0314,2025-11-12
V003203,DEL027,MED0394,2025-11-12
V005998,DEL033,MED0734,2025-11-12
V007043,DEL029,MED0868,2025-11-12
V007682,DEL050,MED0953,2025-11-12
V007955,DEL041,MED0978,2025-11-12
V007983,DEL020,MED0982,2025-11-12
V008518,DEL033,MED1041,2025-11-12
V008679,DEL049,MED1058,2025-11-12
V010478,DEL023,MED1253,2025-11-12
V010529,DEL017,MED1266,2025-11-12
V012442,DEL003,MED1492,2025-11-12
V013667,DEL019,MED1613,2025-11-12
V013807,DEL038,MED1621,2025-11-12
V013842,DEL016,MED1623,2025-11-12
V014045,DEL043,MED1641,2025-11-12
V014322,DEL015,MED1675,2025-11-12
V014483,DEL048,MED1692,2025-11-12
V014940,DEL034,MED1746,2025-11-12
V015727,DEL022,MED1836,2025-11-12
V000256,DEL028,MED0039,2025-11-13
V000675,DEL001,MED0076,2025-11-13
V000747,DEL030,MED0086,2025-11-13
V002170,DEL037,MED0278,2025-11-13
V005011,DEL006,MED0622,2025-11-13
V006004,DEL033,MED0734,2025-11-13
V007151,DEL025,MED0882,2025-11-13
V007810,DEL024,MED0968,2025-11-13
V008026,DEL035,MED0986,2025-11-13
V009084,DEL006,MED1096,2025-11-13
V010057,DEL033,MED1200,2025-11-13
V010330,DEL041,MED1237,2025-11-13
V010428,DEL032,MED1244,2025-11-13
V012374,DEL028,MED1490,2025-11-13
V013323,DEL017,MED1584,2025-11-13
V013352,DEL033,MED1586,2025-11-13
V014845,DEL006,MED1729,2025-11-13
V014881,DEL001,MED1736,2025-11-13
V015093,DEL046,MED1764,2025-11-13
V000441,DEL048,MED0055,2025-11-14
V000900,DEL049,MED0108,2025-11-14
V001214,DEL024,MED0146,2025-11-14
V002206,DEL012,MED0284,2025-11-14
V002309,DEL042,MED0297,2025-11-14
V002927,DEL019,MED0365,2025-11-14
V003452,DEL016,MED0424,2025-11-14
V003518,DEL003,MED0432,2025-11-14
V004253,DEL039,MED0527,2025-11-14
V005081,DEL042,MED0629,2025-11-14
V005206,DEL028,MED0651,2025-11-14
V005251,DEL004,MED0661,2025-11-14
V005886,DEL047,MED0726,2025-11-14
V010561,DEL041,MED1271,2025-11-14
V010735,DEL002,MED1299,2025-11-14
V011025,DEL008,MED1355,2025-11-14
V013741,DEL010,MED1616,2025-11-14
V014024,DEL044,MED1638,2025-11-14
V014913,DEL001,MED1744,2025-11-14
V015210,DEL024,MED1775,2025-11-14
V015225,DEL024,MED1775,2025-11-14
V015346,DEL029,MED1786,2025-11-14
V015411,DEL046,MED1794,2025-11-14
V016333,DEL007,MED1912,2025-11-14
V016405,DEL025,MED1931,2025-11-14
V016859,DEL046,MED1985,2025-11-14
V000159,DEL020,MED0022,2025-11-15
V001443,DEL006,MED0167,2025-11-15
V007152,DEL025,MED0882,2025-11-15
V007567,DEL040,MED0931,2025-11-15
V007712,DEL040,MED0959,2025-11-15
V009576,DEL033,MED1165,2025-11-15
V009867,DEL018,MED1187,2025-11-15
V010369,DEL050,MED1241,2025-11-15
V010654,DEL038,MED1286,2025-11-15
V010796,DEL004,MED1308,2025-11-15
V011363,DEL013,MED1385,2025-11-15
V011384,DEL013,MED1385,2025-11-15
V013282,DEL038,MED1582,2025-11-15
V014297,DEL002,MED1674,2025-11-15
V014933,DEL034,MED1746,2025-11-15
V015520,DEL010,MED1807,2025-11-15
V015755,DEL039,MED1841,2025-11-15
V016157,DEL013,MED1890,2025-11-15
V016308,DEL009,MED1908,2025-11-15
V016414,DEL025,MED1931,2025-11-15
V000491,DEL002,MED0058,2025-11-16
V000738,DEL043,MED0085,2025-11-16
V001140,DEL033,MED0134,2025-11-16
V001998,DEL004,MED0246,2025-11-16
V003299,DEL011,MED0404,2025-11-16
V004264,DEL039,MED0527,2025-11-16
V005546,DEL033,MED0689,2025-11-16
V006680,DEL039,MED0819,2025-11-16
V007230,DEL041,MED0891,2025-11-16
V008470,DEL040,MED1036,2025-11-16
V008684,DEL049,MED1058,2025-11-16
V009114,DEL022,MED1099,2025-11-16
V009529,DEL016,MED1159,2025-11-16
V009981,DEL045,MED1196,2025-11-16
V010375,DEL050,MED1241,2025-11-16
V011170,DEL001,MED1366,2025-11-16
V011205,DEL034,MED1367,2025-11-16
V011290,DEL042,MED1374,2025-11-16
V011945,DEL014,MED1439,2025-11-16
V012412,DEL009,MED1491,2025-11-16
V013160,DEL023,MED1569,2025-11-16
V013520,DEL026,MED1596,2025-11-16
V014931,DEL034,MED1746,2025-11-16
V015462,DEL002,MED1800,2025-11-16
V016266,DEL024,MED1901,2025-11-16
V016731,DEL005,MED1973,2025-11-16
V000236,DEL026,MED0037,2025-11-17
V000318,DEL049,MED0042,2025-11-17
V000327,DEL016,MED0043,2025-11-17
V001213,DEL024,MED0146,2025-11-17
V001615,DEL014,MED0197,2025-11-17
V001728,DEL040,MED0210,2025-11-17
V002397,DEL042,MED0305,2025-11-17
V002488,DEL026,MED0316,2025-11-17
V002813,DEL018,MED0353,2025-11-17
V003454,DEL016,MED0424,2025-11-17
V003819,DEL045,MED0465,2025-11-17
V003851,DEL003,MED0467,2025-11-17
V004092,DEL017,MED0500,2025-11-17
V004271,DEL029,MED0529,2025-11-17
V006599,DEL043,MED0811,2025-11-17
V007042,DEL029,MED0868,2025-11-17
V007631,DEL034,MED0951,2025-11-17
V008108,DEL047,MED0993,2025-11-17
V008200,DEL019,MED1001,2025-11-17
V008313,DEL039,MED1014,2025-11-17
V008437,DEL020,MED1032,2025-11-17
V008702,DEL035,MED1061,2025-11-17
V009082,DEL006,MED1096,2025-11-17
V009105,DEL020,MED1098,2025-11-17
V009836,DEL047,MED1186,2025-11-17
V009892,DEL049,MED1189,2025-11-17
V010223,DEL017,MED1221,2025-11-17
V010372,DEL050,MED1241,2025-11-17
V011630,DEL046,MED1416,2025-11-17
V012033,DEL030,MED1448,2025-11-17
V012079,DEL031,MED1449,2025-11-17
V012469,DEL023,MED1494,2025-11-17
V013781,DEL032,MED1620,2025-11-17
V016730,DEL005,MED1973,2025-11-17
V001342,DEL036,MED0158,2025-11-18
V001947,DEL045,MED0242,2025-11-18
V002154,DEL013,MED0275,2025-11-18
V002481,DEL008,MED0315,2025-11-18
V003924,DEL007,MED0475,2025-11-18
V004434,DEL018,MED0543,2025-11-18
V004680,DEL018,MED0573,2025-11-18
V004946,DEL035,MED0614,2025-11-18
V005473,DEL029,MED0680,2025-11-18
V007544,DEL030,MED0926,2025-11-18
V007931,DEL031,MED0977,2025-11-18
V008112,DEL047,MED0993,2025-11-18
V009041,DEL035,MED1091,2025-11-18
V010469,DEL032,MED1250,2025-11-18
V010888,DEL010,MED1326,2025-11-18
V010935,DEL037,MED1334,2025-11-18
V011738,DEL001,MED1424,2025-11-18
V014844,DEL006,MED1729,2025-11-18
V014938,DEL034,MED1746,2025-11-18
V014945,DEL034,MED1746,2025-11-18
V015070,DEL021,MED1761,2025-11-18
V015452,DEL020,MED1797,2025-11-18
V015548,DEL038,MED1808,2025-11-18
V015658,DEL029,MED1823,2025-11-18
V015877,DEL026,MED1854,2025-11-18
V016465,DEL027,MED1942,2025-11-18
V016466,DEL027,MED1942,2025-11-18
V000553,DEL038,MED0063,2025-11-19
V000906,DEL049,MED0108,2025-11-19
V001432,DEL028,MED0166,2025-11-19
V002248,DEL007,MED0287,2025-11-19
V003347,DEL049,MED0407,2025-11-19
V003612,DEL002,MED0444,2025-11-19
V004251,DEL039,MED0527,2025-11-19
V007229,DEL041,MED0891,2025-11-19
V007263,DEL014,MED0893,2025-11-19
V009498,DEL011,MED1150,2025-11-19
V009891,DEL049,MED1189,2025-11-19
V010267,DEL018,MED1225,2025-11-19
V011926,DEL036,MED1438,2025-11-19
V012020,DEL021,MED1446,2025-11-19
V012414,DEL009,MED1491,2025-11-19
V012989,DEL013,MED1551,2025-11-19
V013245,DEL014,MED1576,2025-11-19
V014014,DEL043,MED1635,2025-11-19
V014533,DEL021,MED1697,2025-11-19
V014977,DEL012,MED1749,2025-11-19
V016687,DEL031,MED1965,2025-11-19
V000255,DEL028,MED0039,2025-11-20
V000616,DEL021,MED0070,2025-11-20
V001545,DEL031,MED0190,2025-11-20
V001571,DEL048,MED0191,2025-11-20
V001673,DEL044,MED0203,2025-11-20
V002444,DEL021,MED0309,2025-11-20
V002774,DEL033,MED0351,2025-11-20
V003526,DEL011,MED0433,2025-11-20
V003697,DEL013,MED0450,2025-11-20
V004133,DEL047,MED0510,2025-11-20
V004542,DEL047,MED0555,2025-11-20
V004809,DEL048,MED0586,2025-11-20
V004892,DEL026,MED0600,2025-11-20
V005115,DEL006,MED0637,2025-11-20
V005125,DEL042,MED0638,2025-11-20
V006082,DEL013,MED0748,2025-11-20
V007111,DEL040,MED0879,2025-11-20
V008712,DEL016,MED1064,2025-11-20
V009233,DEL035,MED1109,2025-11-20
V009497,DEL011,MED1150,2025-11-20
V009818,DEL048,MED1185,2025-11-20
V010143,DEL033,MED1213,2025-11-20
V010687,DEL050,MED1288,2025-11-20
V011247,DEL046,MED1369,2025-11-20
V011692,DEL002,MED1422,2025-11-20
V012117,DEL039,MED1454,2025-11-20
V012958,DEL034,MED1549,2025-11-20
V013284,DEL038,MED1582,2025-11-20
V013728,DEL010,MED1616,2025-11-20
V014268,DEL026,MED1673,2025-11-20
V014487,DEL048,MED1692,2025-11-20
V015065,DEL005,MED1758,2025-11-20
V015115,DEL023,MED1768,2025-11-20
V015463,DEL002,MED1800,2025-11-20
V016326,DEL007,MED1912,2025-11-20
V000556,DEL038,MED0063,2025-11-21
V000615,DEL021,MED0070,2025-11-21
V000665,DEL001,MED0076,2025-11-21
V001052,DEL008,MED0125,2025-11-21
V001333,DEL036,MED0158,2025-11-21
V002146,DEL036,MED0273,2025-11-21
V002453,DEL043,MED0310,2025-11-21
V002976,DEL010,MED0370,2025-11-21
V002989,DEL001,MED0374,2025-11-21
V004464,DEL029,MED0547,2025-11-21
V004718,DEL001,MED0577,2025-11-21
V004977,DEL004,MED0619,2025-11-21
V005970,DEL018,MED0730,2025-11-21
V009219,DEL016,MED1107,2025-11-21
V009440,DEL018,MED1139,2025-11-21
V010216,DEL017,MED1221,2025-11-21
V012073,DEL031,MED1449,2025-11-21
V012490,DEL023,MED1497,2025-11-21
V012837,DEL006,MED1540,2025-11-21
V012910,DEL049,MED1542,2025-11-21
V015163,DEL035,MED1769,2025-11-21
V015984,DEL037,MED1865,2025-11-21
V016447,DEL033,MED1937,2025-11-21
V016650,DEL021,MED1958,2025-11-21
V000722,DEL028,MED0084,2025-11-22
V001971,DEL033,MED0245,2025-11-22
V002242,DEL007,MED0287,2025-11-22
V003019,DEL041,MED0376,2025-11-22
V003369,DEL023,MED0408,2025-11-22
V004546,DEL047,MED0555,2025-11-22
V004617,DEL013,MED0571,2025-11-22
V005558,DEL030,MED0690,2025-11-22
V006123,DEL046,MED0750,2025-11-22
V006393,DEL006,MED0786,2025-11-22
V006913,DEL001,MED0854,2025-11-22
V007335,DEL025,MED0898,2025-11-22
V008519,DEL033,MED1041,2025-11-22
V008775,DEL049,MED1071,2025-11-22
V008895,DEL009,MED1079,2025-11-22
V010340,DEL033,MED1239,2025-11-22
V011086,DEL031,MED1359,2025-11-22
V012178,DEL038,MED1459,2025-11-22
V012536,DEL011,MED1501,2025-11-22
V013430,DEL049,MED1590,2025-11-22
V013601,DEL045,MED1601,2025-11-22
V013779,DEL032,MED1620,2025-11-22
V013965,DEL003,MED1632,2025-11-22
V014218,DEL041,MED1663,2025-11-22
V015171,DEL035,MED1769,2025-11-22
V015522,DEL010,MED1807,2025-11-22
V016628,DEL012,MED1955,2025-11-22
V016655,DEL021,MED1958,2025-11-22
V016675,DEL009,MED1961,2025-11-22
V016896,DEL040,MED1997,2025-11-22
V000311,DEL049,MED0042,2025-11-23
V000739,DEL043,MED0085,2025-11-23
V000914,DEL009,MED0109,2025-11-23
V001042,DEL008,MED0125,2025-11-23
V001055,DEL008,MED0125,2025-11-23
V001616,DEL014,MED0197,2025-11-23
V004428,DEL018,MED0543,2025-11-23
V004429,DEL018,MED0543,2025-11-23
V004722,DEL009,MED0578,2025-11-23
V004982,DEL004,MED0619,2025-11-23
V006205,DEL018,MED0757,2025-11-23
V006279,DEL011,MED0766,2025-11-23
V006348,DEL048,MED0778,2025-11-23
V006498,DEL035,MED0796,2025-11-23
V007887,DEL034,MED0972,2025-11-23
V009513,DEL022,MED1155,2025-11-23
V010721,DEL049,MED1298,2025-11-23
V010855,DEL042,MED1324,2025-11-23
V012231,DEL041,MED1464,2025-11-23
V013088,DEL024,MED1563,2025-11-23
V013319,DEL017,MED1584,2025-11-23
V014009,DEL018,MED1633,2025-11-23
V014404,DEL043,MED1678,2025-11-23
V014847,DEL024,MED1731,2025-11-23
V016527,DEL021,MED1945,2025-11-23
V001060,DEL032,MED0126,2025-11-24
V001157,DEL033,MED0134,2025-11-24
V001481,DEL045,MED0176,2025-11-24
V001628,DEL014,MED0197,2025-11-24
V002348,DEL036,MED0298,2025-11-24
V002370,DEL034,MED0301,2025-11-24
V002928,DEL019,MED0365,2025-11-24
V005646,DEL023,MED0701,2025-11-24
V007222,DEL026,MED0890,2025-11-24
V007732,DEL027,MED0962,2025-11-24
V008177,DEL045,MED1000,2025-11-24
V009006,DEL021,MED1090,2025-11-24
V009366,DEL046,MED1126,2025-11-24
V009718,DEL033,MED1177,2025-11-24
V010014,DEL019,MED1199,2025-11-24
V010700,DEL038,MED1290,2025-11-24
V010710,DEL009,MED1295,2025-11-24
V011481,DEL049,MED1399,2025-11-24
V012541,DEL011,MED1501,2025-11-24
V012648,DEL016,MED1517,2025-11-24
V014067,DEL011,MED1643,2025-11-24
V014789,DEL046,MED1718,2025-11-24
V014807,DEL016,MED1720,2025-11-24
V015458,DEL048,MED1799,2025-11-24
V015587,DEL035,MED1810,2025-11-24
V015697,DEL048,MED1827,2025-11-24
V016566,DEL046,MED1950,2025-11-24
V000314,DEL049,MED0042,2025-11-25
V000980,DEL008,MED0114,2025-11-25
V001568,DEL048,MED0191,2025-11-25
V002860,DEL050,MED0356,2025-11-25
V003173,DEL018,MED0388,2025-11-25
V003391,DEL024,MED0414,2025-11-25
V003637,DEL018,MED0446,2025-11-25
V004343,DEL024,MED0533,2025-11-25
V004727,DEL023,MED0579,2025-11-25
V005268,DEL029,MED0662,2025-11-25
V007392,DEL005,MED0905,2025-11-25
V007917,DEL045,MED0973,2025-11-25
V008821,DEL042,MED1075,2025-11-25
V009951,DEL013,MED1194,2025-11-25
V010023,DEL019,MED1199,2025-11-25
V010128,DEL009,MED1210,2025-11-25
V010163,DEL013,MED1215,2025-11-25
V011416,DEL006,MED1393,2025-11-25
V012064,DEL031,MED1449,2025-11-25
V012612,DEL014,MED1512,2025-11-25
V013025,DEL010,MED1558,2025-11-25
V013079,DEL024,MED1563,2025-11-25
V014138,DEL004,MED1649,2025-11-25
V016361,DEL016,MED1923,2025-11-25
V016821,DEL029,MED1979,2025-11-25
V000064,DEL012,MED0011,2025-11-26
V001633,DEL014,MED0197,2025-11-26
V001892,DEL021,MED0229,2025-11-26
V002088,DEL008,MED0269,2025-11-26
V002541,DEL026,MED0322,2025-11-26
V002565,DEL046,MED0325,2025-11-26
V002746,DEL008,MED0345,2025-11-26
V002837,DEL039,MED0354,2025-11-26
V003680,DEL026,MED0448,2025-11-26
V003903,DEL040,MED0474,2025-11-26
V003920,DEL007,MED0475,2025-11-26
V005146,DEL019,MED0642,2025-11-26
V005373,DEL027,MED0672,2025-11-26
V007242,DEL041,MED0892,2025-11-26
V007430,DEL030,MED0909,2025-11-26
V007852,DEL015,MED0970,2025-11-26
V008843,DEL023,MED1076,2025-11-26
V010507,DEL013,MED1261,2025-11-26
V011422,DEL019,MED1394,2025-11-26
V011566,DEL028,MED1408,2025-11-26
V012905,DEL049,MED1542,2025-11-26
V012944,DEL036,MED1546,2025-11-26
V013010,DEL019,MED1556,2025-11-26
V013387,DEL004,MED1588,2025-11-26
V013416,DEL027,MED1589,2025-11-26
V013821,DEL007,MED1622,2025-11-26
V014697,DEL038,MED1710,2025-11-26
V016255,DEL040,MED1900,2025-11-26
V016280,DEL049,MED1902,2025-11-26
V016331,DEL007,MED1912,2025-11-26
V016435,DEL015,MED1933,2025-11-26
V000341,DEL039,MED0044,2025-11-27
V000698,DEL020,MED0081,2025-11-27
V001246,DEL033,MED0147,2025-11-27
V001579,DEL048,MED0191,2025-11-27
V002186,DEL048,MED0280,2025-11-27
V002762,DEL004,MED0346,2025-11-27
V003417,DEL050,MED0418,2025-11-27
V003734,DEL008,MED0453,2025-11-27
V005049,DEL039,MED0624,2025-11-27
V005695,DEL044,MED0707,2025-11-27
V005792,DEL037,MED0715,2025-11-27
V006261,DEL015,MED0764,2025-11-27
V006898,DEL022,MED0851,2025-11-27
V007671,DEL050,MED0953,2025-11-27
V008097,DEL047,MED0993,2025-11-27
V008538,DEL022,MED1043,2025-11-27
V008736,DEL044,MED1069,2025-11-27
V011047,DEL043,MED1356,2025-11-27
V011943,DEL014,MED1439,2025-11-27
V012241,DEL016,MED1465,2025-11-27
V013338,DEL034,MED1585,2025-11-27
V013846,DEL016,MED1623,2025-11-27
V014790,DEL046,MED1718,2025-11-27
V015370,DEL015,MED1789,2025-11-27
V015673,DEL044,MED1825,2025-11-27
V016533,DEL021,MED1945,2025-11-27
V016692,DEL015,MED1968,2025-11-27
V000417,DEL002,MED0051,2025-11-28
V003863,DEL003,MED0467,2025-11-28
V004157,DEL044,MED0515,2025-11-28
V004196,DEL013,MED0522,2025-11-28
V004712,DEL008,MED0576,2025-11-28
V004848,DEL044,MED0593,2025-11-28
V005144,DEL019,MED0642,2025-11-28
V005727,DEL049,MED0709,2025-11-28
V006333,DEL008,MED0773,2025-11-28
V006603,DEL043,MED0811,2025-11-28
V007336,DEL025,MED0898,2025-11-28
V007778,DEL049,MED0964,2025-11-28
V008084,DEL032,MED0992,2025-11-28
V009537,DEL023,MED1161,2025-11-28
V011201,DEL034,MED1367,2025-11-28
V013328,DEL017,MED1584,2025-11-28
V015403,DEL027,MED1793,2025-11-28
V016418,DEL025,MED1931,2025-11-28
V001138,DEL033,MED0134,2025-12-01
V001242,DEL033,MED0147,2025-12-01
V002726,DEL026,MED0344,2025-12-01
V002761,DEL008,MED0345,2025-12-01
V003239,DEL023,MED0398,2025-12-01
V004569,DEL030,MED0559,2025-12-01
V005208,DEL028,MED0651,2025-12-01
V005550,DEL033,MED0689,2025-12-01
V006648,DEL033,MED0818,2025-12-01
V006889,DEL031,MED0848,2025-12-01
V007054,DEL029,MED0868,2025-12-01
V007089,DEL039,MED0877,2025-12-01
V007566,DEL040,MED0931,2025-12-01
V008618,DEL020,MED1049,2025-12-01
V009673,DEL039,MED1172,2025-12-01
V009840,DEL047,MED1186,2025-12-01
V010574,DEL023,MED1275,2025-12-01
V010594,DEL039,MED1279,2025-12-01
V011197,DEL034,MED1367,2025-12-01
V011412,DEL001,MED1392,2025-12-01
V012649,DEL016,MED1517,2025-12-01
V012900,DEL049,MED1542,2025-12-01
V013480,DEL018,MED1592,2025-12-01
V013524,DEL008,MED1597,2025-12-01
V013904,DEL031,MED1630,2025-12-01
V013922,DEL013,MED1631,2025-12-01
V014104,DEL010,MED1648,2025-12-01
V014519,DEL016,MED1693,2025-12-01
V016890,DEL033,MED1996,2025-12-01
V000312,DEL049,MED0042,2025-12-02
V000671,DEL001,MED0076,2025-12-02
V000801,DEL041,MED0093,2025-12-02
V000819,DEL044,MED0095,2025-12-02
V001534,DEL031,MED0190,2025-12-02
V001643,DEL019,MED0200,2025-12-02
V003859,DEL003,MED0467,2025-12-02
V003935,DEL007,MED0475,2025-12-02
V004845,DEL044,MED0593,2025-12-02
V005584,DEL039,MED0697,2025-12-02
V006736,DEL006,MED0832,2025-12-02
V006738,DEL006,MED0832,2025-12-02
V009090,DEL016,MED1097,2025-12-02
V009157,DEL036,MED1102,2025-12-02
V009186,DEL039,MED1103,2025-12-02
V009348,DEL007,MED1119,2025-12-02
V010280,DEL048,MED1228,2025-12-02
V010301,DEL038,MED1233,2025-12-02
V010320,DEL040,MED1235,2025-12-02
V011404,DEL048,MED1391,2025-12-02
V011631,DEL046,MED1416,2025-12-02
V012186,DEL038,MED1459,2025-12-02
V012775,DEL042,MED1526,2025-12-02
V013431,DEL049,MED1590,2025-12-02
V014357,DEL031,MED1676,2025-12-02
V014779,DEL048,MED1717,2025-12-02
V015421,DEL016,MED1795,2025-12-02
V016434,DEL015,MED1933,2025-12-02
V016764,DEL010,MED1974,2025-12-02
V000170,DEL021,MED0024,2025-12-03
V002903,DEL002,MED0363,2025-12-03
V003000,DEL001,MED0374,2025-12-03
V003543,DEL029,MED0436,2025-12-03
V003579,DEL033,MED0439,2025-12-03
V003602,DEL001,MED0442,2025-12-03
V004085,DEL034,MED0497,2025-12-03
V004360,DEL032,MED0537,2025-12-03
V005216,DEL012,MED0654,2025-12-03
V005533,DEL050,MED0687,2025-12-03
V006276,DEL011,MED0766,2025-12-03
V006545,DEL028,MED0803,2025-12-03
V006805,DEL031,MED0837,2025-12-03
V007015,DEL025,MED0865,2025-12-03
V007294,DEL043,MED0895,2025-12-03
V008066,DEL012,MED0991,2025-12-03
V008441,DEL041,MED1033,2025-12-03
V013477,DEL018,MED1592,2025-12-03
V013851,DEL016,MED1623,2025-12-03
V015080,DEL023,MED1763,2025-12-03
V015671,DEL044,MED1825,2025-12-03
V016328,DEL007,MED1912,2025-12-03
V016631,DEL019,MED1956,2025-12-03
V000119,DEL034,MED0021,2025-12-04
V000384,DEL016,MED0048,2025-12-04
V001818,DEL050,MED0220,2025-12-04
V001993,DEL004,MED0246,2025-12-04
V002251,DEL007,MED0287,2025-12-04
V003276,DEL029,MED0402,2025-12-04
V003371,DEL023,MED0408,2025-12-04
V003379,DEL023,MED0408,2025-12-04
V003578,DEL033,MED0439,2025-12-04
V003724,DEL049,MED0452,2025-12-04
V004203,DEL013,MED0522,2025-12-04
V004897,DEL026,MED0600,2025-12-04
V006369,DEL036,MED0783,2025-12-04
V007048,DEL029,MED0868,2025-12-04
V007133,DEL033,MED0881,2025-12-04
V008902,DEL001,MED1081,2025-12-04
V008903,DEL001,MED1081,2025-12-04
V009742,DEL034,MED1179,2025-12-04
V009833,DEL047,MED1186,2025-12-04
V010524,DEL041,MED1263,2025-12-04
V013764,DEL032,MED1620,2025-12-04
V014621,DEL014,MED1701,2025-12-04
V015573,DEL041,MED1809,2025-12-04
V015796,DEL012,MED1844,2025-12-04
V015868,DEL026,MED1854,2025-12-04
V016898,DEL040,MED1997,2025-12-04
V000151,DEL020,MED0022,2025-12-05
V001871,DEL029,MED0227,2025-12-05
V002543,DEL026,MED0322,2025-12-05
V003528,DEL011,MED0433,2025-12-05
V003546,DEL029,MED0436,2025-12-05
V004497,DEL010,MED0553,2025-12-05
V004870,DEL043,MED0599,2025-12-05
V006755,DEL036,MED0833,2025-12-05
V007315,DEL041,MED0896,2025-12-05
V007679,DEL050,MED0953,2025-12-05
V008490,DEL018,MED1037,2025-12-05
V008638,DEL030,MED1053,2025-12-05
V009074,DEL006,MED1096,2025-12-05
V011307,DEL040,MED1380,2025-12-05
V011372,DEL013,MED1385,2025-12-05
V012731,DEL002,MED1521,2025-12-05
V012863,DEL017,MED1541,2025-12-05
V013968,DEL003,MED1632,2025-12-05
V014442,DEL008,MED1685,2025-12-05
V014454,DEL036,MED1686,2025-12-05
V014459,DEL011,MED1687,2025-12-05
V015266,DEL039,MED1778,2025-12-05
V016553,DEL045,MED1949,2025-12-05
V000802,DEL041,MED0093,2025-12-06
V001186,DEL036,MED0142,2025-12-06
V002081,DEL008,MED0269,2025-12-06
V003885,DEL043,MED0471,2025-12-06
V003951,DEL042,MED0478,2025-12-06
V005043,DEL023,MED0623,2025-12-06
V005577,DEL005,MED0694,2025-12-06
V005709,DEL014,MED0708,2025-12-06
V005817,DEL027,MED0719,2025-12-06
V006122,DEL046,MED0750,2025-12-06
V006609,DEL048,MED0812,2025-12-06
V007360,DEL021,MED0901,2025-12-06
V007401,DEL050,MED0906,2025-12-06
V007676,DEL050,MED0953,2025-12-06
V009834,DEL047,MED1186,2025-12-06
V010123,DEL038,MED1209,2025-12-06
V010573,DEL023,MED1275,2025-12-06
V011442,DEL048,MED1395,2025-12-06
V013086,DEL024,MED1563,2025-12-06
V013737,DEL010,MED1616,2025-12-06
V014540,DEL021,MED1697,2025-12-06
V015008,DEL018,MED1754,2025-12-06
V015743,DEL037,MED1838,2025-12-06
V016413,DEL025,MED1931,2025-12-06
V016578,DEL039,MED1951,2025-12-06
V000803,DEL041,MED0093,2025-12-07
V002245,DEL007,MED0287,2025-12-07
V002605,DEL047,MED0332,2025-12-07
V003294,DEL011,MED0404,2025-12-07
V003306,DEL011,MED0404,2025-12-07
V004198,DEL013,MED0522,2025-12-07
V006117,DEL046,MED0750,2025-12-07
V008334,DEL045,MED1017,2025-12-07
V010608,DEL010,MED1280,2025-12-07
V013233,DEL013,MED1575,2025-12-07
V013250,DEL047,MED1577,2025-12-07
V014172,DEL029,MED1655,2025-12-07
V015285,DEL039,MED1778,2025-12-07
V016683,DEL047,MED1962,2025-12-07
V016750,DEL010,MED1974,2025-12-07
V000107,DEL007,MED0020,2025-12-08
V000414,DEL002,MED0051,2025-12-08
V000428,DEL045,MED0054,2025-12-08
V000543,DEL038,MED0063,2025-12-08
V000568,DEL043,MED0066,2025-12-08
V000805,DEL041,MED0093,2025-12-08
V001053,DEL008,MED0125,2025-12-08
V001723,DEL040,MED0210,2025-12-08
V002002,DEL004,MED0246,2025-12-08
V002070,DEL034,MED0267,2025-12-08
V002086,DEL008,MED0269,2025-12-08
V002316,DEL042,MED0297,2025-12-08
V003218,DEL019,MED0396,2025-12-08
V005578,DEL005,MED0694,2025-12-08
V006275,DEL011,MED0766,2025-12-08
V006876,DEL023,MED0846,2025-12-08
V007031,DEL001,MED0867,2025-12-08
V007809,DEL024,MED0968,2025-12-08
V007843,DEL015,MED0970,2025-12-08
V008145,DEL019,MED0997,2025-12-08
V008163,DEL007,MED0999,2025-12-08
V008450,DEL014,MED1035,2025-12-08
V008691,DEL049,MED1058,2025-12-08
V009437,DEL038,MED1138,2025-12-08
V009675,DEL039,MED1172,2025-12-08
V010505,DEL013,MED1261,2025-12-08
V010883,DEL010,MED1326,2025-12-08
V011403,DEL048,MED1391,2025-12-08
V011982,DEL001,MED1445,2025-12-08
V012011,DEL021,MED1446,2025-12-08
V013013,DEL019,MED1556,2025-12-08
V013241,DEL013,MED1575,2025-12-08
V013690,DEL010,MED1615,2025-12-08
V014572,DEL018,MED1698,2025-12-08
V000143,DEL020,MED0022,2025-12-09
V002117,DEL013,MED0272,2025-12-09
V003119,DEL002,MED0386,2025-12-09
V003404,DEL016,MED0415,2025-12-09
V004780,DEL003,MED0583,2025-12-09
V004905,DEL036,MED0602,2025-12-09
V005056,DEL050,MED0626,2025-12-09
V007295,DEL043,MED0895,2025-12-09
V008118,DEL047,MED0993,2025-12-09
V008520,DEL033,MED1041,2025-12-09
V010303,DEL038,MED1233,2025-12-09
V010480,DEL031,MED1255,2025-12-09
V010961,DEL028,MED1335,2025-12-09
V010985,DEL024,MED1342,2025-12-09
V012076,DEL031,MED1449,2025-12-09
V014208,DEL029,MED1661,2025-12-09
V014679,DEL004,MED1705,2025-12-09
V000866,DEL041,MED0106,2025-12-10
V002574,DEL023,MED0327,2025-12-10
V004640,DEL048,MED0572,2025-12-10
V004816,DEL006,MED0588,2025-12-10
V005703,DEL044,MED0707,2025-12-10
V007013,DEL025,MED0865,2025-12-10
V007426,DEL030,MED0909,2025-12-10
V007919,DEL045,MED0973,2025-12-10
V008315,DEL039,MED1014,2025-12-10
V008946,DEL006,MED1087,2025-12-10
V009080,DEL006,MED1096,2025-12-10
V009483,DEL047,MED1146,2025-12-10
V009769,DEL014,MED1181,2025-12-10
V010439,DEL032,MED1244,2025-12-10
V012420,DEL009,MED1491,2025-12-10
V012776,DEL042,MED1526,2025-12-10
V013478,DEL018,MED1592,2025-12-10
V015042,DEL049,MED1756,2025-12-10
V015487,DEL049,MED1805,2025-12-10
V016864,DEL048,MED1986,2025-12-10
V001078,DEL045,MED0127,2025-12-11
V001783,DEL035,MED0215,2025-12-11
V002443,DEL021,MED0309,2025-12-11
V003604,DEL001,MED0442,2025-12-11
V003669,DEL043,MED0447,2025-12-11
V003792,DEL014,MED0457,2025-12-11
V004127,DEL047,MED0510,2025-12-11
V004263,DEL039,MED0527,2025-12-11
V004326,DEL027,MED0532,2025-12-11
V004817,DEL006,MED0588,2025-12-11
V010116,DEL005,MED1208,2025-12-11
V011133,DEL015,MED1365,2025-12-11
V011298,DEL042,MED1374,2025-12-11
V011518,DEL024,MED1404,2025-12-11
V012135,DEL016,MED1455,2025-12-11
V013231,DEL013,MED1575,2025-12-11
V013344,DEL034,MED1585,2025-12-11
V013844,DEL016,MED1623,2025-12-11
V015829,DEL004,MED1851,2025-12-11
V016208,DEL001,MED1893,2025-12-11
V016278,DEL049,MED1902,2025-12-11
V000565,DEL045,MED0065,2025-12-12
V001336,DEL036,MED0158,2025-12-12
V001502,DEL046,MED0183,2025-12-12
V001891,DEL021,MED0229,2025-12-12
V002421,DEL010,MED0308,2025-12-12
V002802,DEL018,MED0353,2025-12-12
V004023,DEL015,MED0486,2025-12-12
V004695,DEL014,MED0574,2025-12-12
V006305,DEL021,MED0769,2025-12-12
V006488,DEL035,MED0796,2025-12-12
V006654,DEL033,MED0818,2025-12-12
V007465,DEL014,MED0918,2025-12-12
V007673,DEL050,MED0953,2025-12-12
V007802,DEL024,MED0968,2025-12-12
V007846,DEL015,MED0970,2025-12-12
V008005,DEL023,MED0983,2025-12-12
V008227,DEL022,MED1002,2025-12-12
V008425,DEL020,MED1032,2025-12-12
V008584,DEL033,MED1046,2025-12-12
V008636,DEL030,MED1053,2025-12-12
V008710,DEL016,MED1064,2025-12-12
V009423,DEL017,MED1136,2025-12-12
V010229,DEL017,MED1221,2025-12-12
V011385,DEL013,MED1385,2025-12-12
V013322,DEL017,MED1584,2025-12-12
V014126,DEL004,MED1649,2025-12-12
V014270,DEL026,MED1673,2025-12-12
V014804,DEL016,MED1720,2025-12-12
V001247,DEL033,MED0147,2025-12-13
V001899,DEL045,MED0230,2025-12-13
V002187,DEL048,MED0280,2025-12-13
V002195,DEL004,MED0282,2025-12-13
V002265,DEL040,MED0290,2025-12-13
V002289,DEL014,MED0295,2025-12-13
V002865,DEL050,MED0356,2025-12-13
V004529,DEL047,MED0555,2025-12-13
V006032,DEL030,MED0739,2025-12-13
V006619,DEL026,MED0816,2025-12-13
V007108,DEL040,MED0879,2025-12-13
V008101,DEL047,MED0993,2025-12-13
V008126,DEL049,MED0994,2025-12-13
V008522,DEL033,MED1041,2025-12-13
V009194,DEL039,MED1103,2025-12-13
V009453,DEL032,MED1140,2025-12-13
V010113,DEL005,MED1208,2025-12-13
V010150,DEL044,MED1214,2025-12-13
V011234,DEL046,MED1369,2025-12-13
V011743,DEL001,MED1424,2025-12-13
V012093,DEL006,MED1451,2025-12-13
V012313,DEL033,MED1475,2025-12-13
V012725,DEL002,MED1521,2025-12-13
V013930,DEL013,MED1631,2025-12-13
V015640,DEL009,MED1818,2025-12-13
V015936,DEL050,MED1860,2025-12-13
V000196,DEL044,MED0029,2025-12-14
V000422,DEL015,MED0052,2025-12-14
V001959,DEL033,MED0245,2025-12-14
V002232,DEL007,MED0287,2025-12-14
V003042,DEL007,MED0381,2025-12-14
V003730,DEL049,MED0452,2025-12-14
V004565,DEL034,MED0557,2025-12-14
V004723,DEL009,MED0578,2025-12-14
V005305,DEL050,MED0665,2025-12-14
V006171,DEL027,MED0752,2025-12-14
V006280,DEL011,MED0766,2025-12-14
V007363,DEL021,MED0901,2025-12-14
V008570,DEL015,MED1045,2025-12-14
V008854,DEL023,MED1076,2025-12-14
V009218,DEL016,MED1107,2025-12-14
V009422,DEL017,MED1136,2025-12-14
V009842,DEL047,MED1186,2025-12-14
V012034,DEL030,MED1448,2025-12-14
V012782,DEL042,MED1526,2025-12-14
V013448,DEL048,MED1591,2025-12-14
V013490,DEL018,MED1592,2025-12-14
V013777,DEL032,MED1620,2025-12-14
V014435,DEL008,MED1685,2025-12-14
V015739,DEL037,MED1838,2025-12-14
V016131,DEL006,MED1884,2025-12-14
V016855,DEL001,MED1984,2025-12-14
V000321,DEL049,MED0042,2025-12-15
V000554,DEL038,MED0063,2025-12-15
V000669,DEL001,MED0076,2025-12-15
V001472,DEL020,MED0173,2025-12-15
V002470,DEL041,MED0313,2025-12-15
V004359,DEL032,MED0537,2025-12-15
V004386,DEL016,MED0540,2025-12-15
V004850,DEL044,MED0593,2025-12-15
V004958,DEL008,MED0618,2025-12-15
V005153,DEL019,MED0642,2025-12-15
V005156,DEL001,MED0643,2025-12-15
V005545,DEL033,MED0689,2025-12-15
V007532,DEL030,MED0926,2025-12-15
V008222,DEL022,MED1002,2025-12-15
V008910,DEL033,MED1086,2025-12-15
V009032,DEL035,MED1091,2025-12-15
V009739,DEL034,MED1179,2025-12-15
V010691,DEL050,MED1288,2025-12-15
V010830,DEL049,MED1313,2025-12-15
V011689,DEL002,MED1422,2025-12-15
V013078,DEL024,MED1563,2025-12-15
V013589,DEL045,MED1601,2025-12-15
V013700,DEL010,MED1615,2025-12-15
V016050,DEL017,MED1875,2025-12-15
V016130,DEL006,MED1884,2025-12-15
V000101,DEL023,MED0019,2025-12-16
V000640,DEL039,MED0073,2025-12-16
V001198,DEL009,MED0144,2025-12-16
V001632,DEL014,MED0197,2025-12-16
V002037,DEL020,MED0255,2025-12-16
V003341,DEL050,MED0406,2025-12-16
V003614,DEL002,MED0444,2025-12-16
V004641,DEL048,MED0572,2025-12-16
V004672,DEL018,MED0573,2025-12-16
V004808,DEL048,MED0586,2025-12-16
V005192,DEL039,MED0650,2025-12-16
V005660,DEL033,MED0702,2025-12-16
V007058,DEL029,MED0868,2025-12-16
V007593,DEL001,MED0940,2025-12-16
V008774,DEL049,MED1071,2025-12-16
V008866,DEL049,MED1077,2025-12-16
V009269,DEL024,MED1111,2025-12-16
V009553,DEL033,MED1162,2025-12-16
V010637,DEL048,MED1284,2025-12-16
V011269,DEL026,MED1371,2025-12-16
V012104,DEL022,MED1452,2025-12-16
V012247,DEL016,MED1466,2025-12-16
V012788,DEL042,MED1526,2025-12-16
V012938,DEL018,MED1545,2025-12-16
V013893,DEL024,MED1624,2025-12-16
V015888,DEL006,MED1855,2025-12-16
V016051,DEL017,MED1875,2025-12-16
V000052,DEL012,MED0011,2025-12-17
V000287,DEL018,MED0040,2025-12-17
V000721,DEL028,MED0084,2025-12-17
V002815,DEL018,MED0353,2025-12-17
V002887,DEL019,MED0359,2025-12-17
V003458,DEL030,MED0425,2025-12-17
V003506,DEL014,MED0431,2025-12-17
V003982,DEL009,MED0482,2025-12-17
V005179,DEL008,MED0649,2025-12-17
V005436,DEL014,MED0678,2025-12-17
V005920,DEL029,MED0729,2025-12-17
V005932,DEL029,MED0729,2025-12-17
V006334,DEL017,MED0774,2025-12-17
V006928,DEL009,MED0858,2025-12-17
V009086,DEL006,MED1096,2025-12-17
V009183,DEL039,MED1103,2025-12-17
V010591,DEL033,MED1277,2025-12-17
V011338,DEL020,MED1384,2025-12-17
V011382,DEL013,MED1385,2025-12-17
V011487,DEL034,MED1400,2025-12-17
V011586,DEL018,MED1411,2025-12-17
V011927,DEL036,MED1438,2025-12-17
V013747,DEL014,MED1617,2025-12-17
V013840,DEL016,MED1623,2025-12-17
V014003,DEL018,MED1633,2025-12-17
V014886,DEL001,MED1736,2025-12-17
V015523,DEL010,MED1807,2025-12-17
V016415,DEL025,MED1931,2025-12-17
V016442,DEL026,MED1936,2025-12-17
V016541,DEL021,MED1945,2025-12-17
V016874,DEL011,MED1988,2025-12-17
V000024,DEL042,MED0006,2025-12-18
V001778,DEL035,MED0215,2025-12-18
V002969,DEL010,MED0368,2025-12-18
V003759,DEL034,MED0456,2025-12-18
V004755,DEL026,MED0581,2025-12-18
V004860,DEL011,MED0597,2025-12-18
V004955,DEL019,MED0617,2025-12-18
V006360,DEL044,MED0779,2025-12-18
V006808,DEL031,MED0837,2025-12-18
V007698,DEL006,MED0957,2025-12-18
V008106,DEL047,MED0993,2025-12-18
V008627,DEL049,MED1052,2025-12-18
V008818,DEL042,MED1075,2025-12-18
V009750,DEL034,MED1179,2025-12-18
V009786,DEL023,MED1183,2025-12-18
V010400,DEL020,MED1243,2025-12-18
V010440,DEL032,MED1244,2025-12-18
V011241,DEL046,MED1369,2025-12-18
V013786,DEL032,MED1620,2025-12-18
V014306,DEL002,MED1674,2025-12-18
V014329,DEL015,MED1675,2025-12-18
V014990,DEL012,MED1749,2025-12-18
V015053,DEL049,MED1756,2025-12-18
V015456,DEL022,MED1798,2025-12-18
V015496,DEL034,MED1806,2025-12-18
V015863,DEL026,MED1854,2025-12-18
V000053,DEL012,MED0011,2025-12-19
V000476,DEL002,MED0058,2025-12-19
V001010,DEL026,MED0123,2025-12-19
V002250,DEL007,MED0287,2025-12-19
V002550,DEL008,MED0323,2025-12-19
V003813,DEL038,MED0462,2025-12-19
V005706,DEL044,MED0707,2025-12-19
V007154,DEL025,MED0882,2025-12-19
V007331,DEL002,MED0897,2025-12-19
V007395,DEL005,MED0905,2025-12-19
V008592,DEL033,MED1046,2025-12-19
V009477,DEL039,MED1144,2025-12-19
V010020,DEL019,MED1199,2025-12-19
V010963,DEL044,MED1337,2025-12-19
V011368,DEL013,MED1385,2025-12-19
V013204,DEL011,MED1572,2025-12-19
V013849,DEL016,MED1623,2025-12-19
V015215,DEL024,MED1775,2025-12-19
V015321,DEL018,MED1779,2025-12-19
V015724,DEL022,MED1836,2025-12-19
V015953,DEL039,MED1861,2025-12-19
V016617,DEL012,MED1955,2025-12-19
V016852,DEL001,MED1984,2025-12-19
V000814,DEL042,MED0094,2025-12-20
V001544,DEL031,MED0190,2025-12-20
V001649,DEL019,MED0200,2025-12-20
V001999,DEL004,MED0246,2025-12-20
V002617,DEL050,MED0337,2025-12-20
V003463,DEL022,MED0427,2025-12-20
V003888,DEL043,MED0471,2025-12-20
V004012,DEL015,MED0486,2025-12-20
V004074,DEL006,MED0496,2025-12-20
V005642,DEL023,MED0701,2025-12-20
V006352,DEL048,MED0778,2025-12-20
V006690,DEL016,MED0821,2025-12-20
V007816,DEL006,MED0969,2025-12-20
V008064,DEL012,MED0991,2025-12-20
V008874,DEL049,MED1077,2025-12-20
V010947,DEL037,MED1334,2025-12-20
V011198,DEL034,MED1367,2025-12-20
V011401,DEL048,MED1391,2025-12-20
V011849,DEL044,MED1435,2025-12-20
V012496,DEL023,MED1497,2025-12-20
V012618,DEL011,MED1513,2025-12-20
V013166,DEL023,MED1569,2025-12-20
V013309,DEL017,MED1584,2025-12-20
V013315,DEL017,MED1584,2025-12-20
V014181,DEL016,MED1656,2025-12-20
V016590,DEL029,MED1953,2025-12-20
V001037,DEL008,MED0125,2025-12-21
V001171,DEL011,MED0137,2025-12-21
V001937,DEL044,MED0238,2025-12-21
V002463,DEL014,MED0312,2025-12-21
V003273,DEL029,MED0402,2025-12-21
V003535,DEL038,MED0434,2025-12-21
V004526,DEL047,MED0555,2025-12-21
V004936,DEL023,MED0612,2025-12-21
V005816,DEL027,MED0719,2025-12-21
V006923,DEL030,MED0856,2025-12-21
V007224,DEL026,MED0890,2025-12-21
V008523,DEL033,MED1041,2025-12-21
V008696,DEL036,MED1060,2025-12-21
V009007,DEL021,MED1090,2025-12-21
V010244,DEL026,MED1222,2025-12-21
V010283,DEL038,MED1229,2025-12-21
V010315,DEL040,MED1235,2025-12-21
V010841,DEL047,MED1317,2025-12-21
V010896,DEL010,MED1326,2025-12-21
V011044,DEL043,MED1356,2025-12-21
V011379,DEL013,MED1385,2025-12-21
V011804,DEL017,MED1432,2025-12-21
V012018,DEL021,MED1446,2025-12-21
V014604,DEL020,MED1700,2025-12-21
V015040,DEL049,MED1756,2025-12-21
V015497,DEL034,MED1806,2025-12-21
V015519,DEL010,MED1807,2025-12-21
V016254,DEL040,MED1900,2025-12-21
V001153,DEL033,MED0134,2025-12-22
V003809,DEL003,MED0460,2025-12-22
V006752,DEL036,MED0833,2025-12-22
V007129,DEL033,MED0881,2025-12-22
V007586,DEL042,MED0938,2025-12-22
V008819,DEL042,MED1075,2025-12-22
V009580,DEL033,MED1165,2025-12-22
V009952,DEL013,MED1194,2025-12-22
V010027,DEL019,MED1199,2025-12-22
V010831,DEL049,MED1313,2025-12-22
V011000,DEL001,MED1347,2025-12-22
V011282,DEL015,MED1373,2025-12-22
V011624,DEL003,MED1415,2025-12-22
V012399,DEL009,MED1491,2025-12-22
V012568,DEL020,MED1503,2025-12-22
V013288,DEL038,MED1582,2025-12-22
V013503,DEL003,MED1593,2025-12-22
V014417,DEL006,MED1682,2025-12-22
V014946,DEL034,MED1746,2025-12-22
V015249,DEL031,MED1777,2025-12-22
V016530,DEL021,MED1945,2025-12-22
V000416,DEL002,MED0051,2025-12-23
V000899,DEL049,MED0108,2025-12-23
V001440,DEL006,MED0167,2025-12-23
V001914,DEL035,MED0233,2025-12-23
V002808,DEL018,MED0353,2025-12-23
V003521,DEL003,MED0432,2025-12-23
V004033,DEL022,MED0491,2025-12-23
V004611,DEL012,MED0568,2025-12-23
V006650,DEL033,MED0818,2025-12-23
V006743,DEL006,MED0832,2025-12-23
V009450,DEL032,MED1140,2025-12-23
V010316,DEL040,MED1235,2025-12-23
V011200,DEL034,MED1367,2025-12-23
V012578,DEL020,MED1503,2025-12-23
V012729,DEL002,MED1521,2025-12-23
V013963,DEL003,MED1632,2025-12-23
V014050,DEL043,MED1641,2025-12-23
V014575,DEL018,MED1698,2025-12-23
V015935,DEL050,MED1860,2025-12-23
V000614,DEL021,MED0070,2025-12-24
V001428,DEL028,MED0166,2025-12-24
V001570,DEL048,MED0191,2025-12-24
V001646,DEL019,MED0200,2025-12-24
V002016,DEL030,MED0249,2025-12-24
V003426,DEL020,MED0422,2025-12-24
V003663,DEL043,MED0447,2025-12-24
V003736,DEL008,MED0453,2025-12-24
V005411,DEL046,MED0674,2025-12-24
V005892,DEL047,MED0726,2025-12-24
V006028,DEL030,MED0739,2025-12-24
V007081,DEL020,MED0876,2025-12-24
V008449,DEL014,MED1035,2025-12-24
V011292,DEL042,MED1374,2025-12-24
V011438,DEL048,MED1395,2025-12-24
V011813,DEL017,MED1432,2025-12-24
V012301,DEL026,MED1470,2025-12-24
V012603,DEL022,MED1511,2025-12-24
V013734,DEL010,MED1616,2025-12-24
V013850,DEL016,MED1623,2025-12-24
V014256,DEL017,MED1672,2025-12-24
V015132,DEL023,MED1768,2025-12-24
V016018,DEL011,MED1874,2025-12-24
V016159,DEL013,MED1890,2025-12-24
V016409,DEL025,MED1931,2025-12-24
V016524,DEL021,MED1945,2025-12-24
V000017,DEL039,MED0003,2025-12-25
V000745,DEL043,MED0085,2025-12-25
V002419,DEL010,MED0308,2025-12-25
V002452,DEL043,MED0310,2025-12-25
V003586,DEL033,MED0439,2025-12-25
V003989,DEL034,MED0484,2025-12-25
V004108,DEL024,MED0504,2025-12-25
V004131,DEL047,MED0510,2025-12-25
V004158,DEL044,MED0515,2025-12-25
V006874,DEL023,MED0846,2025-12-25
V008862,DEL049,MED1077,2025-12-25
V009686,DEL038,MED1175,2025-12-25
V010105,DEL046,MED1207,2025-12-25
V011739,DEL001,MED1424,2025-12-25
V012184,DEL038,MED1459,2025-12-25
V012406,DEL009,MED1491,2025-12-25
V012680,DEL037,MED1519,2025-12-25
V013314,DEL017,MED1584,2025-12-25
V013560,DEL049,MED1600,2025-12-25
V013590,DEL045,MED1601,2025-12-25
V014078,DEL026,MED1645,2025-12-25
V015610,DEL016,MED1817,2025-12-25
V015962,DEL028,MED1862,2025-12-25
V016162,DEL013,MED1890,2025-12-25
V001093,DEL013,MED0129,2025-12-26
V001583,DEL006,MED0192,2025-12-26
V002581,DEL048,MED0328,2025-12-26
V003077,DEL013,MED0383,2025-12-26
V003503,DEL014,MED0431,2025-12-26
V004045,DEL028,MED0494,2025-12-26
V005593,DEL008,MED0698,2025-12-26
V007288,DEL043,MED0895,2025-12-26
V008042,DEL044,MED0989,2025-12-26
V008621,DEL023,MED1051,2025-12-26
V008969,DEL031,MED1089,2025-12-26
V009340,DEL007,MED1119,2025-12-26
V009646,DEL022,MED1170,2025-12-26
V009787,DEL023,MED1183,2025-12-26
V009972,DEL027,MED1195,2025-12-26
V010228,DEL017,MED1221,2025-12-26
V011008,DEL023,MED1350,2025-12-26
V011295,DEL042,MED1374,2025-12-26
V011871,DEL033,MED1436,2025-12-26
V012749,DEL014,MED1524,2025-12-26
V012978,DEL048,MED1550,2025-12-26
V013237,DEL013,MED1575,2025-12-26
V013486,DEL018,MED1592,2025-12-26
V013723,DEL010,MED1616,2025-12-26
V014129,DEL004,MED1649,2025-12-26
V014371,DEL012,MED1677,2025-12-26
V014412,DEL022,MED1681,2025-12-26
V014775,DEL048,MED1717,2025-12-26
V015320,DEL018,MED1779,2025-12-26
V016346,DEL001,MED1915,2025-12-26
V016835,DEL046,MED1983,2025-12-26
V016889,DEL033,MED1996,2025-12-26
V000144,DEL020,MED0022,2025-12-27
V000442,DEL048,MED0055,2025-12-27
V000599,DEL022,MED0069,2025-12-27
V000715,DEL011,MED0083,2025-12-27
V000840,DEL019,MED0102,2025-12-27
V001051,DEL008,MED0125,2025-12-27
V002001,DEL004,MED0246,2025-12-27
V002052,DEL035,MED0259,2025-12-27
V002159,DEL024,MED0276,2025-12-27
V003115,DEL002,MED0386,2025-12-27
V004782,DEL003,MED0583,2025-12-27
V005824,DEL027,MED0719,2025-12-27
V006153,DEL048,MED0751,2025-12-27
V007008,DEL025,MED0865,2025-12-27
V007017,DEL025,MED0865,2025-12-27
V009058,DEL042,MED1094,2025-12-27
V009147,DEL036,MED1102,2025-12-27
V009645,DEL022,MED1170,2025-12-27
V010087,DEL019,MED1205,2025-12-27
V010234,DEL017,MED1221,2025-12-27
V010983,DEL031,MED1341,2025-12-27
V011303,DEL046,MED1377,2025-12-27
V011724,DEL001,MED1424,2025-12-27
V012339,DEL016,MED1477,2025-12-27
V012416,DEL009,MED1491,2025-12-27
V012802,DEL003,MED1530,2025-12-27
V013954,DEL003,MED1632,2025-12-27
V014769,DEL048,MED1717,2025-12-27
V015091,DEL046,MED1764,2025-12-27
V015659,DEL029,MED1823,2025-12-27
V000474,DEL002,MED0058,2025-12-28
V001302,DEL024,MED0157,2025-12-28
V003783,DEL014,MED0457,2025-12-28
V005643,DEL023,MED0701,2025-12-28
V005999,DEL033,MED0734,2025-12-28
V007210,DEL003,MED0886,2025-12-28
V007573,DEL009,MED0933,2025-12-28
V008816,DEL042,MED1075,2025-12-28
V009839,DEL047,MED1186,2025-12-28
V010127,DEL009,MED1210,2025-12-28
V010167,DEL050,MED1216,2025-12-28
V010245,DEL026,MED1222,2025-12-28
V010268,DEL018,MED1225,2025-12-28
V010485,DEL038,MED1258,2025-12-28
V011444,DEL048,MED1395,2025-12-28
V011678,DEL046,MED1419,2025-12-28
V013033,DEL019,MED1559,2025-12-28
V013500,DEL003,MED1593,2025-12-28
V013964,DEL003,MED1632,2025-12-28
V014581,DEL018,MED1698,2025-12-28
V014820,DEL043,MED1722,2025-12-28
V015860,DEL026,MED1854,2025-12-28
V016623,DEL012,MED1955,2025-12-28
V016727,DEL005,MED1973,2025-12-28
V016906,DEL020,MED1998,2025-12-28
